customer_id,signup_date,city,age,income_k,purchase_count,avg_order_value,last_login_days,customer_tag,retention_label
100001,2023-12-24,beijing,47.0,9.54,11,60.51,165,sleeping,retain
100002,2024-01-21,hangzhou,43.0,29.46,3,27.81,265,active,retain
100003,2022-10-13,chengdu,24.0,34.59,4,196.79,196,sleeping,retain
100004,2023-09-04,beijing,44.0,18.15,10,87.93,212,new,retain
100005,2022-11-30,hangzhou,18.0,,8,,159,active,retain
100006,2024-01-18,hangzhou,45.0,24.25,5,204.46,352,vip,retain
100007,2023-04-09,beijing,38.0,33.49,9,107.87,230,active,retain
100008,2022-10-31,beijing,37.0,10.5,2,12.0,50,active,retain
100009,2023-02-15,hangzhou,37.0,22.76,11,96.92,10,vip,retain
100010,2024-04-07,hangzhou,26.0,12.54,7,30.66,127,active,retain
100011,2022-04-11,beijing,30.0,23.05,1,137.42,280,active,risk
100012,2022-06-22,wuhan,28.0,30.46,4,248.09,288,,retain
100013,2022-06-28,chengdu,33.0,25.64,8,176.34,6,,retain
100014,2022-11-24,chengdu,22.0,22.81,4,253.24,40,new,retain
100015,2023-09-05,wuhan,30.0,2.0,9,195.26,111,new,retain
100016,2024-03-26,shanghai,32.0,12.96,8,265.82,321,vip,retain
100017,2024-05-28,beijing,51.0,2.0,6,202.15,355,sleeping,retain
100018,2022-09-05,shanghai,44.0,21.3,12,197.04,56,,retain
100019,2023-05-20,beijing,52.0,17.94,3,168.77,333,vip,retain
100020,2023-10-27,wuhan,28.0,14.67,6,140.67,362,vip,risk
100021,2024-06-12,shanghai,26.0,31.3,10,56.06,56,new,risk
100022,2022-02-21,beijing,35.0,24.16,6,207.17,67,sleeping,retain
100023,2022-10-20,beijing,51.0,14.1,9,105.51,352,vip,retain
100024,2023-06-06,shanghai,41.0,23.69,7,173.94,76,new,retain
100025,2023-04-22,wuhan,45.0,17.34,6,121.89,207,active,retain
100026,2023-03-10,hangzhou,30.0,19.73,10,114.57,277,sleeping,retain
100027,2023-12-31,hangzhou,30.0,14.93,5,1339.7150000000001,192,vip,risk
100028,2022-12-27,wuhan,41.0,16.41,8,122.81,214,new,retain
100029,2023-06-29,chengdu,35.0,19.46,6,79.14,318,vip,risk
100030,2023-09-04,wuhan,30.0,3.3,10,67.0,305,sleeping,risk
100031,2023-11-18,beijing,54.0,22.1,5,182.38,77,new,risk
100032,2024-01-23,chengdu,41.0,21.1,4,193.31,125,sleeping,retain
100033,2023-11-18,hangzhou,37.0,25.32,7,133.44,303,new,risk
100034,2022-05-20,beijing,48.0,13.04,5,187.39,297,active,risk
100035,2024-04-21,shanghai,34.0,12.01,6,137.62,180,new,retain
100036,2022-08-15,shanghai,29.0,6.12,4,,193,vip,retain
100037,2024-05-19,beijing,56.0,22.75,4,185.3,183,vip,retain
100038,2023-10-15,hangzhou,50.0,23.34,9,83.76,310,new,retain
100039,2022-09-14,hangzhou,40.0,14.88,10,148.19,291,active,retain
100040,2024-05-01,shanghai,33.0,27.41,5,127.02,94,active,retain
100041,2023-01-18,hangzhou,40.0,16.5,6,171.43,235,vip,retain
100042,2023-12-18,beijing,18.0,24.46,9,64.8,67,vip,retain
100043,2022-01-27,chengdu,38.0,20.06,6,199.66,327,sleeping,retain
100044,2022-03-11,chengdu,31.0,17.37,6,185.14,68,new,retain
100045,2024-01-06,wuhan,18.0,9.94,2,154.54,323,vip,retain
100046,2022-03-23,wuhan,42.0,15.15,10,69.6,194,vip,risk
100047,2023-02-20,chengdu,30.0,27.17,6,186.45,127,active,retain
100048,2023-06-12,shanghai,29.0,,8,145.4,279,new,retain
100049,2023-04-30,shanghai,27.0,18.89,7,137.33,28,vip,retain
100050,2024-06-12,chengdu,38.0,29.13,9,161.88,159,new,risk
100051,2023-12-27,shanghai,38.0,,8,37.38,326,sleeping,retain
100052,2024-03-17,chengdu,40.0,33.1,7,150.77,52,vip,retain
100053,2022-08-24,wuhan,32.0,21.54,8,79.02,244,active,retain
100054,2022-07-12,chengdu,36.0,32.94,6,96.95,173,sleeping,retain
100055,2023-07-25,wuhan,43.0,29.91,6,169.32,71,vip,retain
100056,2023-12-07,chengdu,43.0,15.3,5,96.93,255,sleeping,retain
100057,2023-04-12,wuhan,27.0,23.0,8,,293,new,retain
100058,2023-09-01,hangzhou,30.0,17.91,7,72.5,87,vip,retain
100059,2023-04-22,wuhan,18.0,12.48,5,191.71,77,new,risk
100060,2023-01-28,shanghai,34.0,11.16,8,113.85,324,vip,retain
100061,2023-10-14,hangzhou,33.0,38.59,6,179.78,327,sleeping,retain
100062,2022-04-24,wuhan,35.0,13.3,7,32.71,333,active,risk
100063,2023-09-20,wuhan,23.0,,7,196.59,37,active,retain
100064,2022-11-21,chengdu,43.0,27.58,10,110.29,263,active,retain
100065,2022-06-07,shanghai,39.0,12.74,4,214.79,86,new,retain
100066,2022-06-26,hangzhou,31.0,16.83,5,185.74,353,vip,retain
100067,2023-09-10,wuhan,40.0,,11,259.09,317,sleeping,risk
100068,2022-12-16,hangzhou,30.0,,5,228.82,282,active,retain
100069,2022-03-30,chengdu,35.0,23.15,6,212.99,53,vip,retain
100070,2022-05-23,shanghai,33.0,18.68,4,125.02,201,new,retain
100071,2024-05-20,wuhan,40.0,15.06,6,159.27,210,active,risk
100072,2023-12-24,shanghai,46.0,,9,99.27,187,,retain
100073,2023-05-11,shanghai,20.0,16.86,6,195.88,178,new,retain
100074,2022-11-12,shanghai,,20.79,11,149.5,84,new,retain
100075,2023-07-27,hangzhou,28.0,2.0,2,92.99,311,sleeping,retain
100076,2023-04-11,beijing,45.0,35.04,8,,93,sleeping,retain
100077,2022-12-27,wuhan,50.0,13.74,6,90.62,193,vip,retain
100078,2024-01-28,wuhan,29.0,18.29,7,146.91,83,active,retain
100079,2024-03-26,wuhan,29.0,25.66,7,120.82,163,sleeping,retain
100080,2022-09-16,wuhan,50.0,19.69,7,83.63,192,new,retain
100081,2023-01-28,wuhan,30.0,19.52,3,146.79,321,sleeping,retain
100082,2022-07-30,chengdu,31.0,9.76,9,169.82,198,active,retain
100083,2022-06-29,beijing,44.0,,6,1042.5349999999999,144,vip,retain
100084,2024-04-23,wuhan,37.0,5.97,8,,264,active,retain
100085,2022-12-11,chengdu,33.0,11.44,9,159.34,310,new,retain
100086,2023-01-22,chengdu,31.0,14.41,0,143.7,206,vip,retain
100087,2022-03-19,chengdu,21.0,14.9,6,181.53,226,new,retain
100088,2023-09-05,beijing,,,5,143.06,242,sleeping,retain
100089,2022-07-16,chengdu,30.0,,4,46.0,163,sleeping,retain
100090,2022-09-21,hangzhou,23.0,17.09,15,138.19,229,sleeping,retain
100091,2022-05-05,chengdu,38.0,12.0,6,279.4,164,vip,risk
100092,2022-01-20,wuhan,42.0,17.75,8,197.21,260,new,retain
100093,2022-01-23,beijing,32.0,14.47,7,193.75,327,sleeping,retain
100094,2023-02-28,wuhan,35.0,26.91,3,186.15,338,vip,retain
100095,2022-12-11,wuhan,36.0,18.19,8,221.62,37,active,retain
100096,2024-04-01,wuhan,38.0,11.0,5,127.18,174,active,risk
100097,2022-06-19,beijing,34.0,,6,209.98,306,sleeping,retain
100098,2023-03-01,hangzhou,,23.38,6,174.83,36,new,retain
100099,2022-02-02,beijing,51.0,40.39,7,181.59,230,vip,risk
100100,2023-06-09,hangzhou,21.0,23.4,9,283.09,94,new,retain
100101,2022-11-24,wuhan,,14.22,4,44.96,1,vip,retain
100102,2024-02-27,hangzhou,20.0,12.12,7,,286,vip,retain
100103,2022-03-24,hangzhou,31.0,19.87,3,146.77,93,active,retain
100104,2022-05-10,wuhan,36.0,21.87,8,176.34,164,active,retain
100105,2022-10-29,chengdu,24.0,12.8,3,115.84,253,sleeping,retain
100106,2024-02-22,shanghai,23.0,19.85,7,137.47,308,new,retain
100107,2022-05-31,beijing,36.0,23.62,4,92.99,141,sleeping,retain
100108,2022-07-29,wuhan,22.0,16.73,8,163.44,53,vip,risk
100109,2022-12-24,beijing,33.0,13.37,5,88.84,174,active,retain
100110,2022-10-15,beijing,36.0,29.28,6,234.12,147,active,risk
100111,2023-02-25,shanghai,24.0,26.64,6,39.93,236,sleeping,retain
100112,2023-04-26,hangzhou,39.0,14.03,8,,222,,retain
100113,2022-03-23,wuhan,40.0,20.71,5,164.91,156,new,risk
100114,2022-02-09,beijing,38.0,25.81,4,93.87,186,new,retain
100115,2024-04-15,hangzhou,29.0,12.58,5,102.36,135,new,retain
100116,2022-12-31,wuhan,38.0,12.14,3,209.64,258,sleeping,retain
100117,2022-07-27,chengdu,33.0,17.21,7,133.64,130,active,risk
100118,2023-05-19,beijing,35.0,22.1,6,161.37,55,new,retain
100119,2024-04-14,beijing,38.0,19.26,8,,326,active,risk
100120,2022-05-06,hangzhou,39.0,41.28,5,,25,active,retain
100121,2024-05-30,shanghai,40.0,36.13,7,205.76,37,new,retain
100122,2023-07-20,chengdu,35.0,,8,93.94,164,new,retain
100123,2023-04-07,hangzhou,27.0,14.36,7,204.24,23,vip,risk
100124,2022-07-21,chengdu,,10.54,5,109.6,338,vip,risk
100125,2023-03-14,wuhan,44.0,31.85,7,154.03,184,active,risk
100126,2023-12-09,chengdu,39.0,19.03,6,131.71,254,active,retain
100127,2022-07-27,wuhan,31.0,11.63,8,121.61,364,sleeping,risk
100128,2023-12-12,chengdu,,16.32,7,141.3,46,vip,retain
100129,2024-06-06,shanghai,36.0,2.0,7,126.33,293,active,retain
100130,2023-08-02,shanghai,48.0,4.79,10,187.34,315,active,retain
100131,2023-06-10,hangzhou,29.0,17.85,5,127.92,206,sleeping,retain
100132,2022-12-10,beijing,34.0,17.44,7,248.05,109,vip,retain
100133,2023-11-24,hangzhou,33.0,5.48,5,165.18,226,active,risk
100134,2023-06-12,shanghai,40.0,,4,70.62,238,vip,retain
100135,2023-04-12,hangzhou,36.0,2.0,10,33.99,22,sleeping,risk
100136,2022-08-09,wuhan,39.0,18.32,6,161.97,23,vip,retain
100137,2022-07-07,beijing,37.0,27.1,8,230.1,147,active,risk
100138,2022-07-19,shanghai,26.0,9.45,6,167.97,70,active,retain
100139,2022-05-19,beijing,43.0,22.24,9,164.6,292,sleeping,retain
100140,2023-03-01,shanghai,47.0,,10,124.51,107,sleeping,retain
100141,2023-01-14,wuhan,31.0,28.55,3,,255,,retain
100142,2022-05-31,hangzhou,,16.2,3,178.23,340,new,retain
100143,2022-03-12,beijing,46.0,17.28,8,188.94,233,vip,retain
100144,2022-05-20,beijing,26.0,19.29,3,164.83,359,active,retain
100145,2022-09-10,wuhan,37.0,14.98,6,176.79,9,sleeping,retain
100146,2024-04-27,wuhan,36.0,8.33,2,32.9,229,vip,retain
100147,2023-02-01,shanghai,36.0,10.74,8,18.25,249,sleeping,risk
100148,2023-05-19,wuhan,45.0,23.93,5,199.67,104,new,risk
100149,2024-03-19,hangzhou,37.0,13.83,5,83.13,221,new,risk
100150,2023-05-23,hangzhou,40.0,9.49,5,12.0,136,active,risk
100151,2023-12-15,hangzhou,38.0,8.95,10,175.13,290,new,retain
100152,2022-05-11,hangzhou,36.0,20.85,5,100.1,119,,retain
100153,2023-07-12,wuhan,33.0,10.53,5,176.28,55,vip,retain
100154,2022-12-29,wuhan,42.0,30.79,7,40.83,172,new,risk
100155,2023-06-26,hangzhou,36.0,20.05,4,170.42,2,vip,retain
100156,2024-05-03,beijing,40.0,18.91,6,118.53,283,sleeping,risk
100157,2024-05-10,hangzhou,21.0,15.58,6,211.61,315,active,risk
100158,2024-04-14,hangzhou,39.0,24.59,5,156.06,193,new,retain
100159,2023-01-13,hangzhou,,,5,128.5,126,new,retain
100160,2022-12-29,wuhan,22.0,21.19,8,,181,vip,retain
100161,2023-03-07,hangzhou,36.0,18.86,4,83.05,46,active,retain
100162,2022-04-22,wuhan,27.0,17.86,8,92.85,60,sleeping,retain
100163,2022-07-07,hangzhou,37.0,14.34,8,116.13,53,active,retain
100164,2022-02-27,beijing,49.0,22.16,4,131.64,286,sleeping,retain
100165,2023-06-28,beijing,49.0,10.14,7,211.4,269,sleeping,retain
100166,2022-06-10,chengdu,30.0,18.67,3,151.44,227,vip,risk
100167,2022-03-27,chengdu,23.0,10.98,5,301.65,246,sleeping,risk
100168,2023-10-20,shanghai,18.0,33.02,6,193.56,255,new,retain
100169,2023-06-08,beijing,32.0,12.72,6,,10,new,retain
100170,2022-01-19,wuhan,48.0,,5,167.66,214,active,retain
100171,2022-07-12,shanghai,51.0,21.59,10,158.51,246,sleeping,retain
100172,2023-04-25,wuhan,30.0,2.0,7,174.52,243,active,retain
100173,2023-01-19,shanghai,35.0,,4,178.66,119,new,risk
100174,2022-04-30,wuhan,46.0,5.74,2,144.86,198,new,retain
100175,2022-11-13,beijing,35.0,24.21,7,105.14,137,sleeping,risk
100176,2022-09-20,shanghai,38.0,25.44,5,119.85,301,,retain
100177,2024-01-06,shanghai,40.0,14.86,2,176.53,342,sleeping,retain
100178,2022-10-18,shanghai,23.0,21.79,6,59.06,205,sleeping,retain
100179,2023-12-15,beijing,52.0,23.71,11,174.72,78,new,risk
100180,2024-02-12,hangzhou,44.0,41.18,8,183.59,203,active,retain
100181,2023-03-27,shanghai,42.0,16.78,4,90.31,239,new,risk
100182,2022-07-08,wuhan,42.0,28.9,7,27.08,162,active,risk
100183,2022-08-15,wuhan,,15.63,6,186.5,20,sleeping,retain
100184,2022-08-29,chengdu,23.0,,5,142.94,287,active,retain
100185,2024-05-03,chengdu,28.0,9.64,6,173.35,251,active,retain
100186,2024-03-30,hangzhou,23.0,16.91,6,227.35,320,sleeping,risk
100187,2023-02-25,hangzhou,35.0,12.6,12,186.08,209,new,retain
100188,2022-01-08,wuhan,36.0,14.14,9,100.05,103,,retain
100189,2023-11-20,wuhan,36.0,10.67,11,95.82,127,active,retain
100190,2024-02-27,wuhan,29.0,8.52,15,,297,new,retain
100191,2023-04-01,wuhan,26.0,16.76,6,85.73,310,vip,risk
100192,2023-06-22,hangzhou,31.0,18.58,2,91.74,9,,retain
100193,2022-08-17,shanghai,36.0,15.62,3,145.46,64,sleeping,retain
100194,2024-03-22,hangzhou,37.0,2.0,8,63.43,54,active,risk
100195,2022-10-12,shanghai,31.0,2.0,11,110.38,80,new,retain
100196,2022-08-19,beijing,33.0,23.01,6,,47,vip,retain
100197,2022-11-07,beijing,32.0,16.24,8,202.36,342,new,retain
100198,2024-01-09,beijing,24.0,21.35,6,88.22,56,new,retain
100199,2022-07-03,shanghai,33.0,9.73,6,114.17,286,vip,risk
100200,2023-02-12,hangzhou,30.0,31.4,8,157.68,59,active,risk
100201,2023-05-22,hangzhou,22.0,26.22,12,220.1,213,new,retain
100202,2024-01-11,shanghai,40.0,17.4,12,83.55,220,vip,retain
100203,2024-05-30,hangzhou,34.0,8.52,4,243.28,277,new,retain
100204,2024-01-25,beijing,18.0,9.86,7,73.65,327,,retain
100205,2022-06-28,wuhan,29.0,7.75,9,1301.95,292,sleeping,retain
100206,2023-12-16,chengdu,57.0,9.46,9,64.65,129,new,risk
100207,2022-12-27,hangzhou,18.0,9.04,6,290.77,148,sleeping,risk
100208,2024-01-12,hangzhou,43.0,28.46,3,197.09,305,new,retain
100209,2023-05-07,hangzhou,18.0,26.18,6,133.98,249,new,risk
100210,2022-05-12,wuhan,38.0,,5,215.11,317,new,retain
100211,2022-08-17,chengdu,27.0,17.88,5,201.26,194,active,retain
100212,2022-01-07,shanghai,33.0,7.66,3,294.46,295,new,risk
100213,2022-06-16,wuhan,24.0,14.6,5,123.84,313,new,retain
100214,2024-01-31,wuhan,,10.68,8,166.01,71,sleeping,retain
100215,2022-03-30,beijing,39.0,31.34,4,79.74,193,active,retain
100216,2022-07-22,beijing,41.0,15.05,7,127.6,259,,retain
100217,2023-07-07,hangzhou,32.0,24.68,2,783.12,261,active,retain
100218,2022-01-17,beijing,38.0,16.56,3,111.39,106,new,retain
100219,2022-05-01,shanghai,34.0,23.55,8,167.66,180,,risk
100220,2024-02-21,chengdu,30.0,25.33,8,185.61,171,vip,retain
100221,2023-01-13,chengdu,35.0,18.2,9,101.0,65,active,risk
100222,2022-01-01,hangzhou,,13.21,8,114.73,318,vip,retain
100223,2023-05-15,shanghai,24.0,20.65,2,223.94,190,active,retain
100224,2024-06-11,chengdu,34.0,17.34,4,164.18,244,sleeping,retain
100225,2023-07-10,wuhan,26.0,11.7,6,276.26,60,,retain
100226,2022-01-07,beijing,50.0,19.72,10,151.02,173,vip,retain
100227,2023-04-21,beijing,38.0,25.24,4,95.84,337,,risk
100228,2022-01-14,hangzhou,37.0,26.31,7,191.03,61,sleeping,risk
100229,2022-02-11,chengdu,19.0,10.44,2,93.76,0,vip,retain
100230,2023-03-01,shanghai,37.0,14.21,6,91.23,325,vip,retain
100231,2023-08-10,shanghai,21.0,31.9,9,187.43,202,new,retain
100232,2024-06-07,chengdu,43.0,,10,144.62,287,active,retain
100233,2023-01-06,beijing,35.0,20.01,7,152.94,364,sleeping,retain
100234,2022-01-31,beijing,38.0,24.95,4,108.8,301,active,retain
100235,2024-02-04,wuhan,29.0,,8,119.91,39,new,retain
100236,2024-02-16,beijing,39.0,26.22,4,71.96,362,,retain
100237,2023-06-26,wuhan,50.0,17.86,5,186.25,257,vip,retain
100238,2023-11-17,hangzhou,25.0,13.62,9,212.16,147,,retain
100239,2022-02-19,chengdu,27.0,29.03,5,72.65,177,vip,risk
100240,2023-11-25,wuhan,28.0,26.62,7,197.93,301,sleeping,retain
100241,2023-05-08,hangzhou,30.0,35.72,10,169.48,289,sleeping,risk
100242,2022-12-28,beijing,41.0,20.63,8,1590.81,120,sleeping,risk
100243,2022-08-24,chengdu,47.0,11.71,3,200.93,275,new,retain
100244,2024-05-24,shanghai,38.0,,5,206.19,285,vip,risk
100245,2022-07-26,chengdu,28.0,6.89,4,17.09,346,new,retain
100246,2022-03-23,beijing,26.0,,5,56.64,37,sleeping,risk
100247,2023-05-02,shanghai,40.0,21.64,5,214.7,303,new,retain
100248,2022-10-24,beijing,34.0,24.44,7,,259,active,retain
100249,2023-07-11,beijing,21.0,24.11,6,12.0,112,vip,risk
100250,2022-07-19,chengdu,22.0,18.42,3,12.0,93,sleeping,retain
100251,2023-06-09,shanghai,31.0,23.71,15,,102,active,retain
100252,2022-10-13,hangzhou,,15.38,5,54.52,48,new,risk
100253,2023-12-07,beijing,33.0,20.12,6,,242,vip,retain
100254,2022-02-17,hangzhou,,17.68,6,125.78,265,active,retain
100255,2023-02-24,chengdu,31.0,18.81,3,94.13,115,new,retain
100256,2022-11-19,wuhan,36.0,24.26,6,229.75,309,sleeping,risk
100257,2023-11-14,wuhan,33.0,26.28,7,163.69,293,,risk
100258,2023-02-09,wuhan,27.0,14.78,6,176.79,360,sleeping,risk
100259,2023-07-09,chengdu,29.0,15.3,8,66.63,349,vip,retain
100260,2023-07-23,chengdu,,11.5,8,12.0,139,active,retain
100261,2023-04-25,shanghai,39.0,27.71,7,149.1,120,new,retain
100262,2023-02-17,hangzhou,22.0,14.93,3,146.34,127,vip,risk
100263,2022-04-25,hangzhou,37.0,15.5,7,54.27,359,vip,retain
100264,2022-05-11,shanghai,52.0,,5,143.88,310,sleeping,retain
100265,2023-09-25,wuhan,56.0,26.02,7,12.04,71,sleeping,retain
100266,2022-10-13,beijing,50.0,15.65,6,45.82,179,vip,risk
100267,2024-01-03,shanghai,,12.77,2,283.0,192,new,retain
100268,2022-11-12,beijing,29.0,20.48,6,236.99,35,vip,risk
100269,2022-02-17,beijing,33.0,27.08,5,,46,active,retain
100270,2023-04-13,wuhan,22.0,19.07,9,93.78,295,new,retain
100271,2023-03-23,beijing,24.0,20.88,9,,323,active,retain
100272,2023-11-28,beijing,45.0,20.12,8,,316,active,risk
100273,2022-09-24,shanghai,37.0,33.31,8,84.53,312,active,retain
100274,2022-02-13,shanghai,34.0,23.97,5,108.45,269,new,risk
100275,2022-02-13,hangzhou,41.0,,2,167.26,170,active,risk
100276,2022-04-22,beijing,49.0,17.17,0,288.96,108,new,retain
100277,2022-05-11,shanghai,19.0,14.6,10,160.75,100,vip,retain
100278,2023-04-27,wuhan,41.0,14.04,13,166.88,31,active,risk
100279,2022-10-29,shanghai,23.0,26.15,5,184.29,343,vip,retain
100280,2023-10-24,beijing,38.0,32.37,7,224.47,234,new,risk
100281,2022-12-01,shanghai,24.0,22.18,9,107.38,199,active,retain
100282,2023-01-06,wuhan,33.0,15.32,6,173.23,15,vip,risk
100283,2022-04-12,hangzhou,29.0,18.84,6,184.37,247,sleeping,retain
100284,2024-03-04,shanghai,31.0,15.55,4,94.22,158,new,retain
100285,2023-01-17,chengdu,23.0,,3,145.85,352,,retain
100286,2023-02-20,chengdu,36.0,16.71,10,82.66,129,vip,retain
100287,2022-05-03,hangzhou,40.0,21.08,10,59.08,108,vip,retain
100288,2022-09-19,hangzhou,34.0,11.99,3,82.12,19,active,retain
100289,2023-08-18,chengdu,18.0,16.28,5,192.53,131,new,retain
100290,2022-03-28,hangzhou,28.0,20.18,6,104.71,68,new,retain
100291,2022-06-20,chengdu,39.0,16.54,4,154.49,79,vip,retain
100292,2023-05-29,shanghai,48.0,18.12,6,132.02,314,sleeping,retain
100293,2023-06-04,beijing,,20.4,4,101.09,331,vip,risk
100294,2023-06-01,chengdu,46.0,24.03,10,150.43,99,sleeping,retain
100295,2023-12-31,hangzhou,40.0,22.3,7,100.52,253,active,risk
100296,2023-09-20,beijing,26.0,15.09,5,217.97,312,sleeping,risk
100297,2024-01-09,hangzhou,41.0,2.85,6,124.43,339,active,risk
100298,2022-07-20,wuhan,52.0,22.31,8,154.15,312,sleeping,retain
100299,2022-12-29,wuhan,25.0,29.33,5,197.54,3,sleeping,retain
100300,2022-03-07,chengdu,,,3,49.25,183,vip,retain
100301,2022-01-19,beijing,40.0,22.78,6,45.19,0,vip,retain
100302,2022-08-16,shanghai,26.0,21.22,3,100.18,240,active,risk
100303,2024-02-10,beijing,43.0,20.43,8,54.72,359,sleeping,risk
100304,2023-03-05,shanghai,,31.87,6,1373.45,265,sleeping,retain
100305,2023-06-11,beijing,44.0,13.18,5,,33,active,retain
100306,2023-02-03,wuhan,39.0,,5,18.51,283,new,risk
100307,2022-10-13,shanghai,41.0,17.15,9,103.29,283,active,retain
100308,2024-04-18,wuhan,37.0,,10,126.96,337,vip,retain
100309,2023-11-28,shanghai,45.0,24.43,8,207.04,98,sleeping,retain
100310,2022-11-11,wuhan,39.0,24.11,6,185.23,156,vip,retain
100311,2023-08-03,wuhan,29.0,11.28,6,241.73,54,new,retain
100312,2022-12-17,shanghai,33.0,18.92,5,108.63,149,sleeping,risk
100313,2022-11-04,chengdu,37.0,18.15,9,194.2,319,sleeping,retain
100314,2023-09-19,shanghai,38.0,10.47,5,119.6,108,vip,retain
100315,2024-01-24,beijing,21.0,6.09,7,152.51,161,,retain
100316,2022-08-15,wuhan,33.0,27.61,4,144.5,131,sleeping,risk
100317,2024-02-15,shanghai,46.0,7.83,9,108.23,355,active,retain
100318,2022-01-17,chengdu,40.0,6.79,5,226.94,172,active,retain
100319,2022-03-01,shanghai,49.0,24.68,8,118.88,109,new,risk
100320,2022-03-06,chengdu,33.0,16.01,7,295.27,94,new,retain
100321,2022-09-23,chengdu,39.0,17.58,6,152.64,266,vip,risk
100322,2023-01-05,beijing,40.0,21.25,6,188.84,95,active,risk
100323,2023-09-06,hangzhou,27.0,,7,204.9,33,vip,retain
100324,2022-09-13,wuhan,29.0,12.23,11,,197,active,risk
100325,2024-01-07,chengdu,21.0,7.35,8,110.1,169,sleeping,retain
100326,2022-06-17,shanghai,41.0,15.49,2,117.82,175,active,retain
100327,2023-06-18,wuhan,45.0,9.95,5,261.38,255,vip,retain
100328,2022-10-20,wuhan,18.0,31.34,4,173.18,54,active,risk
100329,2024-01-23,beijing,42.0,10.07,6,131.38,333,active,retain
100330,2022-02-15,wuhan,27.0,15.71,7,149.56,306,,retain
100331,2022-12-02,shanghai,46.0,,7,206.53,311,active,risk
100332,2022-02-21,hangzhou,45.0,27.62,5,80.83,304,new,retain
100333,2022-07-19,chengdu,18.0,19.87,2,178.57,25,vip,retain
100334,2022-04-03,hangzhou,55.0,16.88,6,12.0,361,active,risk
100335,2023-12-10,hangzhou,35.0,35.98,9,719.485,8,,retain
100336,2023-10-16,wuhan,30.0,22.54,8,217.89,14,new,retain
100337,2022-01-14,hangzhou,42.0,20.44,5,199.18,197,sleeping,risk
100338,2022-05-22,wuhan,24.0,30.8,8,151.98,301,sleeping,retain
100339,2023-12-23,hangzhou,42.0,19.78,10,194.49,117,new,retain
100340,2023-01-02,beijing,70.0,24.99,8,78.7,92,new,retain
100341,2024-01-16,chengdu,18.0,32.65,5,180.2,35,new,retain
100342,2024-01-03,chengdu,57.0,14.33,7,133.79,330,new,retain
100343,2022-04-30,wuhan,33.0,15.69,2,151.17,175,sleeping,retain
100344,2024-05-26,hangzhou,32.0,13.96,9,99.21,25,active,retain
100345,2022-05-02,chengdu,37.0,27.78,5,218.02,32,active,retain
100346,2022-07-04,wuhan,47.0,21.0,8,82.72,144,,retain
100347,2022-12-18,beijing,22.0,17.75,6,171.57,235,new,retain
100348,2022-01-30,chengdu,31.0,15.28,6,93.58,50,new,risk
100349,2022-09-18,shanghai,,19.06,8,704.145,237,new,retain
100350,2023-01-16,beijing,37.0,14.55,4,121.99,361,active,retain
100351,2023-04-10,chengdu,31.0,30.13,8,90.93,105,new,risk
100352,2024-04-17,chengdu,,,7,46.42,40,active,risk
100353,2023-08-11,beijing,41.0,7.02,3,177.86,29,,retain
100354,2024-04-27,chengdu,32.0,19.32,12,138.52,246,new,retain
100355,2023-04-05,beijing,24.0,7.63,10,170.9,14,vip,retain
100356,2024-04-19,shanghai,36.0,20.28,5,165.46,147,vip,retain
100357,2024-05-31,wuhan,25.0,4.99,6,126.51,317,active,risk
100358,2022-01-02,chengdu,35.0,,9,67.67,219,new,retain
100359,2023-03-25,shanghai,41.0,14.53,6,201.78,320,sleeping,risk
100360,2023-05-27,chengdu,45.0,30.03,3,157.46,254,sleeping,retain
100361,2024-02-08,wuhan,31.0,14.92,4,170.68,216,sleeping,risk
100362,2022-12-20,chengdu,25.0,21.73,7,124.92,182,vip,retain
100363,2023-02-13,shanghai,40.0,27.98,5,116.94,74,vip,retain
100364,2022-08-27,beijing,31.0,20.51,4,140.55,255,vip,retain
100365,2022-02-23,shanghai,39.0,21.07,4,159.6,289,active,retain
100366,2022-04-26,shanghai,32.0,22.5,2,44.2,263,sleeping,risk
100367,2024-05-01,hangzhou,,25.72,5,173.83,162,vip,retain
100368,2023-03-03,wuhan,,6.44,6,107.92,315,sleeping,retain
100369,2024-01-07,shanghai,40.0,12.79,5,177.14,324,sleeping,retain
100370,2024-05-02,beijing,29.0,23.97,2,139.11,273,,retain
100371,2022-05-30,shanghai,20.0,14.29,8,153.77,234,new,risk
100372,2024-04-11,wuhan,31.0,5.55,3,114.33,3,new,retain
100373,2023-12-03,wuhan,22.0,25.05,4,231.35,77,,retain
100374,2022-09-09,beijing,44.0,,11,102.2,117,active,retain
100375,2023-10-16,hangzhou,34.0,31.52,2,189.67,25,vip,risk
100376,2023-06-30,beijing,35.0,21.59,8,,188,vip,retain
100377,2023-03-17,hangzhou,49.0,34.62,8,233.82,53,new,risk
100378,2024-04-27,chengdu,,24.52,7,290.83,326,active,retain
100379,2022-07-20,chengdu,34.0,25.47,4,173.21,314,sleeping,retain
100380,2023-02-07,wuhan,47.0,19.94,3,182.83,82,sleeping,retain
100381,2024-06-11,hangzhou,40.0,18.59,10,206.57,154,vip,retain
100382,2022-06-04,hangzhou,34.0,12.77,6,159.62,46,active,risk
100383,2023-12-28,beijing,37.0,22.43,5,175.98,53,active,risk
100384,2022-03-04,beijing,20.0,6.33,4,198.26,140,new,retain
100385,2022-08-31,shanghai,31.0,25.47,7,221.31,149,new,retain
100386,2022-10-24,wuhan,25.0,24.01,9,65.39,23,vip,risk
100387,2023-12-18,shanghai,38.0,14.3,5,250.48,17,active,retain
100388,2022-06-21,hangzhou,30.0,25.32,9,120.1,80,sleeping,risk
100389,2023-02-28,shanghai,33.0,11.66,9,20.78,57,active,risk
100390,2023-08-17,shanghai,47.0,14.88,8,165.3,188,active,risk
100391,2022-05-30,chengdu,29.0,17.47,9,131.31,283,active,risk
100392,2024-02-22,chengdu,26.0,18.6,9,163.75,149,new,retain
100393,2023-04-07,chengdu,26.0,19.84,2,175.85,295,active,retain
100394,2022-06-08,beijing,22.0,19.61,5,147.41,77,,risk
100395,2023-11-02,wuhan,30.0,22.94,6,185.68,199,active,retain
100396,2023-06-26,chengdu,,18.67,3,132.13,345,active,retain
100397,2023-11-14,wuhan,,4.09,3,257.59,108,sleeping,retain
100398,2022-08-19,chengdu,45.0,30.52,6,71.0,252,new,retain
100399,2022-11-26,chengdu,21.0,24.02,3,81.92,220,active,risk
100400,2023-03-01,shanghai,40.0,10.49,10,205.35,349,new,retain
100401,2023-06-28,shanghai,23.0,9.85,9,215.48,299,active,retain
100402,2022-07-14,hangzhou,31.0,18.73,4,96.07,123,vip,retain
100403,2023-08-25,shanghai,34.0,32.53,5,139.12,344,active,retain
100404,2024-05-10,beijing,50.0,14.7,4,,176,active,risk
100405,2023-08-09,beijing,37.0,16.17,8,,355,active,risk
100406,2023-12-26,wuhan,,,5,160.8,181,sleeping,retain
100407,2022-02-10,beijing,57.0,21.32,7,76.78,148,sleeping,risk
100408,2024-01-22,chengdu,45.0,16.46,7,117.15,284,vip,risk
100409,2023-09-20,wuhan,42.0,24.05,9,147.64,148,vip,retain
100410,2023-02-09,hangzhou,,8.05,7,,222,,risk
100411,2023-01-11,shanghai,37.0,22.57,3,279.54,23,sleeping,retain
100412,2022-12-08,shanghai,33.0,2.67,8,87.51,187,new,retain
100413,2024-05-11,wuhan,37.0,25.02,5,155.44,208,sleeping,risk
100414,2023-12-01,wuhan,,17.55,4,192.86,218,active,risk
100415,2023-05-10,wuhan,39.0,34.05,7,895.3100000000001,271,active,retain
100416,2023-10-23,shanghai,,27.42,6,12.0,97,new,retain
100417,2023-06-14,hangzhou,,20.78,11,119.45,172,sleeping,retain
100418,2022-03-03,beijing,,17.63,4,149.5,11,new,retain
100419,2022-06-11,beijing,37.0,13.74,4,223.42,296,sleeping,retain
100420,2022-04-12,wuhan,30.0,21.39,9,208.27,14,vip,retain
100421,2023-10-07,beijing,30.0,18.4,10,182.62,163,vip,retain
100422,2022-02-07,hangzhou,35.0,,9,12.0,77,active,retain
100423,2022-02-19,chengdu,42.0,10.83,7,127.01,55,,retain
100424,2022-09-14,beijing,31.0,16.15,6,,240,vip,risk
100425,2024-05-12,chengdu,34.0,18.96,2,72.84,79,new,retain
100426,2024-01-01,wuhan,,,8,208.48,76,sleeping,retain
100427,2023-04-19,chengdu,38.0,10.33,7,133.15,212,sleeping,retain
100428,2023-10-03,beijing,36.0,10.76,8,237.24,304,,retain
100429,2022-04-18,beijing,46.0,28.13,6,84.25,268,new,retain
100430,2023-06-04,beijing,53.0,7.6,6,183.87,149,new,retain
100431,2023-05-21,chengdu,42.0,,4,155.96,157,,retain
100432,2024-05-12,beijing,47.0,16.79,10,70.3,57,new,retain
100433,2023-01-17,wuhan,22.0,9.26,5,208.55,342,new,retain
100434,2023-01-06,chengdu,25.0,17.32,7,107.52,224,sleeping,risk
100435,2022-01-29,beijing,34.0,28.38,5,207.32,332,vip,retain
100436,2024-06-04,hangzhou,48.0,17.16,2,,337,sleeping,risk
100437,2023-04-11,shanghai,27.0,20.12,8,127.86,241,,risk
100438,2023-11-17,beijing,43.0,14.51,2,201.3,208,new,retain
100439,2023-09-12,beijing,42.0,27.16,7,144.09,218,vip,retain
100440,2023-05-14,chengdu,55.0,8.54,4,74.09,258,vip,retain
100441,2023-11-10,shanghai,18.0,7.96,11,104.33,339,sleeping,retain
100442,2024-06-09,wuhan,29.0,18.21,7,261.38,338,new,retain
100443,2022-12-19,shanghai,22.0,7.61,9,204.17,235,,risk
100444,2022-02-22,hangzhou,39.0,28.09,4,161.06,151,new,risk
100445,2023-11-05,shanghai,23.0,,6,174.46,62,vip,risk
100446,2022-02-23,beijing,39.0,13.52,6,,313,sleeping,retain
100447,2023-12-08,beijing,33.0,26.02,9,115.33,205,new,retain
100448,2022-07-26,hangzhou,18.0,29.02,6,113.48,277,active,retain
100449,2022-12-16,wuhan,40.0,39.63,3,159.04,16,sleeping,risk
100450,2024-03-03,shanghai,36.0,22.91,5,190.03,274,new,retain
100451,2023-02-24,beijing,24.0,19.18,8,92.25,316,sleeping,retain
100452,2022-06-28,shanghai,43.0,9.4,8,98.03,343,,retain
100453,2024-02-03,hangzhou,,18.36,4,151.35,112,vip,retain
100454,2024-05-21,shanghai,21.0,27.24,6,75.81,163,active,retain
100455,2022-03-14,beijing,,37.5,6,,213,new,retain
100456,2023-02-05,shanghai,34.0,,5,187.61,362,new,risk
100457,2024-06-01,beijing,30.0,22.78,8,164.64,32,new,retain
100458,2023-06-10,shanghai,42.0,2.0,5,190.57,31,sleeping,risk
100459,2022-01-05,wuhan,25.0,19.37,11,53.44,111,vip,retain
100460,2023-01-29,shanghai,51.0,15.95,9,,291,vip,risk
100461,2024-02-09,shanghai,42.0,21.42,15,169.18,308,active,retain
100462,2022-02-05,chengdu,37.0,26.84,7,,0,vip,retain
100463,2023-08-26,beijing,45.0,23.52,5,,251,new,risk
100464,2022-12-01,beijing,25.0,2.0,4,187.7,302,sleeping,retain
100465,2022-02-06,beijing,36.0,,7,124.36,152,vip,retain
100466,2024-03-02,chengdu,24.0,12.35,6,58.38,178,new,risk
100467,2023-03-27,hangzhou,27.0,24.35,6,1760.1350000000002,287,sleeping,retain
100468,2023-06-19,shanghai,44.0,,10,149.64,175,new,retain
100469,2023-05-07,shanghai,39.0,17.66,6,103.11,192,active,retain
100470,2024-02-09,beijing,,19.58,3,90.16,171,sleeping,retain
100471,2022-09-24,shanghai,27.0,27.28,4,145.17,311,sleeping,risk
100472,2023-11-08,beijing,40.0,14.65,6,80.76,255,vip,risk
100473,2022-12-10,shanghai,39.0,19.61,8,202.16,9,sleeping,risk
100474,2024-04-19,chengdu,,2.65,6,178.33,343,sleeping,retain
100475,2023-10-20,shanghai,41.0,8.47,4,199.81,102,active,risk
100476,2023-10-17,beijing,33.0,25.12,10,151.55,5,,retain
100477,2023-09-20,chengdu,37.0,12.33,5,102.26,251,vip,retain
100478,2023-11-18,chengdu,18.0,32.92,6,159.09,218,active,retain
100479,2022-06-20,beijing,41.0,12.86,7,174.2,141,sleeping,retain
100480,2023-02-28,hangzhou,48.0,,5,157.67,89,new,risk
100481,2022-11-27,shanghai,32.0,13.38,8,,291,sleeping,retain
100482,2022-12-18,hangzhou,,23.98,5,44.13,0,active,retain
100483,2023-07-24,wuhan,39.0,9.13,5,71.13,132,new,risk
100484,2023-09-06,hangzhou,30.0,11.86,7,133.82,123,sleeping,risk
100485,2022-11-17,wuhan,19.0,18.88,12,192.25,158,new,retain
100486,2023-09-15,beijing,31.0,26.23,8,27.42,56,active,retain
100487,2024-01-08,wuhan,26.0,21.07,5,171.49,20,new,retain
100488,2024-02-06,shanghai,52.0,20.8,6,,364,new,retain
100489,2023-07-17,hangzhou,48.0,16.39,7,127.17,351,sleeping,retain
100490,2022-04-19,hangzhou,30.0,30.85,8,,256,new,retain
100491,2023-02-11,wuhan,,24.7,9,78.22,59,vip,retain
100492,2023-07-29,beijing,30.0,,5,1051.05,225,sleeping,retain
100493,2023-05-20,chengdu,37.0,18.54,4,110.79,83,new,retain
100494,2023-09-10,wuhan,38.0,13.6,2,43.12,192,vip,retain
100495,2023-07-03,beijing,39.0,20.0,5,191.36,138,sleeping,retain
100496,2022-06-16,wuhan,26.0,23.29,9,147.36,344,sleeping,retain
100497,2023-09-21,shanghai,41.0,19.57,5,46.17,195,new,risk
100498,2022-06-15,chengdu,38.0,15.14,2,123.86,227,active,retain
100499,2023-01-24,beijing,26.0,14.27,4,109.4,32,vip,risk
100500,2023-04-04,shanghai,37.0,14.77,6,173.99,273,sleeping,retain
100501,2022-05-04,beijing,23.0,,5,,133,active,risk
100502,2023-03-06,beijing,37.0,17.13,12,115.74,103,sleeping,risk
100503,2024-03-08,wuhan,26.0,25.81,8,12.0,149,new,retain
100504,2022-05-09,chengdu,24.0,27.45,3,,276,active,retain
100505,2023-08-29,wuhan,38.0,9.23,10,,47,sleeping,risk
100506,2022-05-04,chengdu,40.0,25.54,7,202.04,175,active,risk
100507,2024-04-02,wuhan,45.0,32.57,5,118.05,202,,retain
100508,2022-04-23,shanghai,30.0,30.62,4,159.13,358,vip,retain
100509,2022-11-05,beijing,33.0,19.46,4,134.73,334,vip,risk
100510,2022-02-06,shanghai,30.0,,3,160.99,219,sleeping,retain
100511,2024-04-18,shanghai,51.0,5.34,6,25.3,100,new,risk
100512,2024-03-14,wuhan,20.0,19.34,9,300.16,169,active,retain
100513,2024-05-24,chengdu,31.0,30.66,4,100.07,218,active,retain
100514,2024-05-03,wuhan,44.0,30.01,4,46.75,117,vip,risk
100515,2024-04-21,beijing,33.0,20.49,14,147.1,230,sleeping,retain
100516,2022-04-30,wuhan,42.0,16.69,5,178.55,12,active,retain
100517,2023-01-13,shanghai,18.0,,7,,264,sleeping,risk
100518,2022-12-24,beijing,50.0,27.97,2,107.67,317,,retain
100519,2023-05-29,shanghai,29.0,21.86,7,142.17,99,,retain
100520,2023-06-09,chengdu,47.0,10.97,4,174.68,42,vip,retain
100521,2024-01-20,shanghai,49.0,15.75,8,191.16,90,sleeping,retain
100522,2024-06-11,beijing,18.0,17.25,6,271.85,259,active,retain
100523,2022-12-31,beijing,29.0,18.78,1,237.71,216,sleeping,risk
100524,2024-03-10,shanghai,30.0,28.53,9,193.29,154,new,retain
100525,2023-01-06,wuhan,35.0,17.37,6,205.47,30,active,risk
100526,2023-06-06,chengdu,46.0,15.58,5,,335,active,risk
100527,2023-02-12,beijing,57.0,,3,169.61,30,sleeping,retain
100528,2022-09-07,shanghai,46.0,13.0,3,195.41,267,active,retain
100529,2022-04-12,wuhan,48.0,5.54,9,177.15,361,active,retain
100530,2024-04-02,beijing,27.0,10.27,5,,36,active,retain
100531,2022-08-06,beijing,42.0,12.18,11,261.45,205,vip,risk
100532,2023-10-17,chengdu,25.0,29.81,5,135.9,104,vip,risk
100533,2023-10-16,hangzhou,39.0,29.95,6,97.33,158,sleeping,retain
100534,2023-07-28,chengdu,23.0,2.0,6,76.53,300,new,risk
100535,2024-01-07,hangzhou,31.0,32.42,3,187.43,289,vip,risk
100536,2024-01-28,chengdu,,6.22,7,204.99,176,vip,risk
100537,2023-12-04,hangzhou,45.0,31.9,6,134.77,135,,risk
100538,2023-01-02,hangzhou,19.0,11.92,4,132.52,184,sleeping,risk
100539,2022-07-24,beijing,45.0,19.93,7,117.52,63,new,risk
100540,2023-01-04,wuhan,30.0,20.55,3,162.08,156,active,retain
100541,2024-03-27,shanghai,34.0,35.48,5,156.87,228,vip,retain
100542,2022-05-17,beijing,18.0,,7,116.75,68,active,risk
100543,2023-10-25,chengdu,36.0,19.89,7,168.01,29,active,risk
100544,2024-04-22,shanghai,33.0,23.27,10,89.19,80,new,retain
100545,2023-05-07,wuhan,31.0,15.21,7,162.83,214,vip,retain
100546,2023-01-15,shanghai,22.0,27.87,2,83.09,177,new,risk
100547,2022-09-08,beijing,28.0,21.48,7,142.16,55,vip,retain
100548,2022-03-13,hangzhou,30.0,14.29,10,279.56,242,active,retain
100549,2022-05-16,hangzhou,42.0,31.83,9,153.01,115,active,risk
100550,2024-02-13,chengdu,42.0,25.81,7,171.05,220,vip,retain
100551,2022-09-21,chengdu,44.0,14.41,6,95.75,184,active,risk
100552,2022-08-12,beijing,25.0,23.67,6,121.92,319,active,retain
100553,2022-12-14,shanghai,34.0,13.41,5,233.41,70,sleeping,risk
100554,2022-11-24,beijing,48.0,15.17,2,157.07,256,vip,risk
100555,2022-08-23,chengdu,34.0,18.85,6,115.34,107,active,risk
100556,2023-03-25,hangzhou,26.0,30.1,9,92.71,216,new,retain
100557,2024-03-16,hangzhou,39.0,25.45,9,202.34,11,new,risk
100558,2022-02-20,beijing,32.0,24.66,8,94.67,240,new,risk
100559,2023-08-22,wuhan,36.0,12.29,7,126.33,30,vip,retain
100560,2023-01-08,wuhan,34.0,25.78,13,199.39,312,sleeping,retain
100561,2022-08-29,beijing,52.0,14.45,13,162.57,39,new,risk
100562,2022-03-22,chengdu,37.0,22.17,4,208.62,179,vip,retain
100563,2022-12-19,shanghai,30.0,18.83,7,224.37,344,sleeping,retain
100564,2022-03-26,wuhan,34.0,17.32,7,88.84,224,active,retain
100565,2022-03-05,beijing,35.0,7.72,4,,318,vip,risk
100566,2022-04-22,hangzhou,39.0,11.66,3,173.26,329,active,risk
100567,2023-06-05,hangzhou,32.0,26.35,5,143.73,45,vip,retain
100568,2023-04-06,wuhan,40.0,11.82,8,128.66,151,,retain
100569,2022-01-31,hangzhou,28.0,2.0,9,85.14,182,vip,retain
100570,2022-10-16,shanghai,28.0,,6,267.24,114,vip,retain
100571,2024-01-11,chengdu,36.0,26.41,5,237.66,362,sleeping,retain
100572,2022-06-26,chengdu,30.0,,4,188.82,6,new,risk
100573,2023-12-15,chengdu,,22.24,5,187.21,338,active,retain
100574,2023-09-26,beijing,,12.57,6,163.59,41,active,retain
100575,2022-08-04,beijing,18.0,22.62,3,112.69,193,vip,risk
100576,2022-08-17,shanghai,23.0,19.94,3,113.05,157,vip,retain
100577,2023-09-25,hangzhou,27.0,14.13,7,179.18,263,sleeping,retain
100578,2024-06-02,shanghai,38.0,19.73,11,190.38,40,vip,retain
100579,2022-01-24,chengdu,,27.02,10,127.79,241,active,risk
100580,2023-02-21,hangzhou,29.0,24.9,6,153.22,144,new,retain
100581,2023-10-09,shanghai,39.0,21.38,6,44.83,293,active,retain
100582,2024-05-30,wuhan,21.0,21.39,8,113.06,184,sleeping,retain
100583,2023-02-12,chengdu,30.0,19.43,9,106.74,47,,retain
100584,2024-01-02,wuhan,33.0,26.91,9,,81,,retain
100585,2022-05-30,beijing,19.0,15.16,8,81.41,127,new,retain
100586,2023-05-29,chengdu,37.0,23.19,7,235.69,315,vip,retain
100587,2022-08-29,beijing,31.0,,5,180.7,131,new,risk
100588,2023-07-05,chengdu,55.0,23.03,4,92.05,156,new,retain
100589,2022-12-21,shanghai,18.0,12.82,9,,163,new,risk
100590,2022-04-06,shanghai,36.0,16.88,6,103.83,274,vip,retain
100591,2022-10-26,chengdu,46.0,16.48,8,171.37,286,new,retain
100592,2023-01-12,shanghai,40.0,10.59,4,43.51,54,new,retain
100593,2023-08-18,beijing,31.0,25.15,8,270.84,327,new,retain
100594,2023-06-21,hangzhou,33.0,6.03,7,33.79,91,sleeping,retain
100595,2024-03-24,beijing,,12.28,3,138.6,301,active,retain
100596,2023-01-07,beijing,25.0,18.56,7,95.42,58,vip,risk
100597,2022-12-01,shanghai,31.0,18.89,5,164.62,67,vip,retain
100598,2023-04-25,wuhan,36.0,21.13,6,169.88,355,new,retain
100599,2022-01-30,chengdu,27.0,,10,69.56,224,vip,risk
100600,2022-09-02,shanghai,39.0,22.42,8,185.56,93,new,retain
100601,2022-07-03,hangzhou,38.0,8.43,4,157.03,262,vip,retain
100602,2023-04-22,shanghai,42.0,21.49,7,17.14,301,active,retain
100603,2023-12-05,shanghai,31.0,11.63,7,68.17,64,sleeping,risk
100604,2022-08-14,shanghai,36.0,,6,132.39,90,vip,retain
100605,2022-08-15,hangzhou,30.0,21.39,3,180.33,58,new,risk
100606,2023-04-02,shanghai,34.0,8.41,3,138.76,315,active,retain
100607,2022-02-16,beijing,49.0,14.87,7,179.4,305,sleeping,retain
100608,2024-04-17,hangzhou,,22.59,6,239.19,10,active,risk
100609,2022-06-11,chengdu,37.0,38.08,3,94.68,249,sleeping,retain
100610,2022-09-16,hangzhou,26.0,5.73,8,160.72,104,sleeping,retain
100611,2022-06-23,hangzhou,43.0,17.72,10,257.81,109,,retain
100612,2023-08-08,beijing,22.0,16.15,8,223.52,69,vip,risk
100613,2022-08-16,hangzhou,32.0,12.18,5,40.39,174,vip,retain
100614,2024-02-17,beijing,31.0,13.19,7,187.39,103,new,risk
100615,2024-05-27,beijing,,21.72,11,43.13,59,active,retain
100616,2024-01-02,chengdu,51.0,15.04,7,161.85,318,vip,retain
100617,2022-01-26,hangzhou,18.0,32.39,0,136.64,264,vip,risk
100618,2023-12-18,beijing,28.0,23.51,10,223.52,198,sleeping,retain
100619,2023-12-16,wuhan,32.0,15.5,6,181.23,322,sleeping,risk
100620,2022-09-08,shanghai,32.0,26.06,11,146.34,49,new,retain
100621,2023-03-22,chengdu,58.0,24.3,3,93.85,217,sleeping,risk
100622,2022-01-12,wuhan,44.0,15.27,8,180.17,81,vip,retain
100623,2022-11-21,wuhan,39.0,27.24,2,197.44,131,,retain
100624,2024-03-16,wuhan,34.0,29.21,13,169.84,324,vip,retain
100625,2022-11-11,beijing,43.0,17.6,6,206.74,348,vip,retain
100626,2022-08-31,shanghai,29.0,,8,162.57,324,sleeping,retain
100627,2022-08-02,chengdu,42.0,20.42,13,185.77,296,vip,retain
100628,2023-03-19,hangzhou,32.0,34.01,7,111.86,138,active,risk
100629,2022-08-21,hangzhou,55.0,26.56,5,70.51,180,,retain
100630,2023-11-26,beijing,32.0,,7,93.21,103,vip,retain
100631,2023-06-29,hangzhou,34.0,9.85,3,,139,active,risk
100632,2023-09-03,chengdu,29.0,20.42,1,128.52,233,new,retain
100633,2023-12-28,wuhan,27.0,24.84,9,105.64,80,active,retain
100634,2022-09-20,shanghai,50.0,2.0,4,76.16,361,vip,retain
100635,2022-11-07,hangzhou,26.0,15.94,5,84.42,240,active,retain
100636,2024-04-28,shanghai,28.0,25.79,9,,126,vip,risk
100637,2022-08-22,shanghai,37.0,9.99,8,69.46,64,active,retain
100638,2023-05-23,chengdu,40.0,29.39,5,184.3,86,,risk
100639,2023-07-09,shanghai,35.0,,3,203.03,331,sleeping,retain
100640,2024-02-14,beijing,28.0,24.35,8,119.84,237,vip,risk
100641,2023-01-23,shanghai,56.0,14.19,8,105.97,106,sleeping,risk
100642,2024-04-08,beijing,40.0,27.44,5,144.71,55,sleeping,retain
100643,2023-02-14,chengdu,33.0,10.22,7,59.31,265,new,risk
100644,2022-11-23,chengdu,24.0,23.72,6,142.85,189,,risk
100645,2024-05-06,wuhan,37.0,35.15,4,166.52,11,new,retain
100646,2022-06-09,beijing,39.0,24.27,9,152.37,184,active,retain
100647,2022-07-09,wuhan,46.0,16.42,12,125.36,215,,retain
100648,2023-10-06,chengdu,20.0,31.07,9,182.3,257,active,retain
100649,2023-05-01,hangzhou,36.0,17.03,6,198.91,182,new,retain
100650,2022-08-16,hangzhou,27.0,18.21,5,148.81,355,new,retain
100651,2022-07-19,beijing,24.0,24.38,7,167.71,308,sleeping,risk
100652,2023-11-16,chengdu,29.0,20.89,4,33.88,307,vip,retain
100653,2023-08-19,beijing,50.0,5.55,9,142.49,273,active,risk
100654,2022-07-02,beijing,,29.82,5,165.24,273,vip,retain
100655,2023-03-31,chengdu,,13.48,4,113.6,196,new,risk
100656,2022-02-20,shanghai,32.0,31.24,10,191.19,221,new,risk
100657,2023-02-26,hangzhou,33.0,,4,164.04,236,active,risk
100658,2023-12-28,hangzhou,43.0,20.04,5,56.12,186,vip,retain
100659,2023-11-17,beijing,31.0,36.05,5,169.82,17,sleeping,retain
100660,2022-08-31,chengdu,30.0,19.08,10,107.59,353,active,risk
100661,2023-02-09,wuhan,27.0,20.24,12,150.81,84,,retain
100662,2024-05-30,beijing,36.0,,5,104.75,233,,retain
100663,2024-01-15,wuhan,45.0,23.1,8,,300,vip,retain
100664,2023-01-08,wuhan,,19.11,0,134.88,305,new,retain
100665,2023-12-11,shanghai,33.0,8.35,6,75.32,345,new,risk
100666,2023-10-27,beijing,41.0,23.37,6,141.17,40,active,risk
100667,2022-09-26,wuhan,35.0,12.25,2,220.49,36,vip,retain
100668,2024-05-10,chengdu,38.0,10.73,4,196.16,358,sleeping,retain
100669,2023-02-20,shanghai,44.0,,6,87.16,358,active,retain
100670,2022-08-04,beijing,18.0,19.23,5,232.02,92,new,retain
100671,2023-07-04,beijing,34.0,,13,50.46,189,,retain
100672,2022-07-25,shanghai,41.0,15.21,8,64.69,289,active,retain
100673,2022-03-24,chengdu,23.0,29.52,9,203.08,159,sleeping,risk
100674,2023-05-09,hangzhou,33.0,43.52,7,,35,new,retain
100675,2022-01-25,beijing,41.0,18.07,4,154.79,287,new,retain
100676,2023-11-18,wuhan,34.0,32.39,9,127.97,166,new,retain
100677,2022-10-31,shanghai,25.0,9.25,4,54.26,209,sleeping,retain
100678,2022-04-21,chengdu,23.0,25.25,8,256.15,24,vip,retain
100679,2023-12-07,chengdu,53.0,33.64,10,115.31,163,active,retain
100680,2022-08-12,chengdu,32.0,25.9,9,133.45,298,vip,risk
100681,2023-02-18,hangzhou,25.0,13.59,6,94.7,131,new,retain
100682,2022-12-30,beijing,37.0,22.53,13,204.69,317,active,risk
100683,2023-01-27,hangzhou,18.0,,1,156.11,189,vip,retain
100684,2023-11-22,hangzhou,22.0,21.65,3,99.37,82,new,risk
100685,2023-03-15,chengdu,,26.3,3,,119,active,retain
100686,2022-10-30,hangzhou,34.0,,4,130.07,210,vip,risk
100687,2023-02-23,wuhan,29.0,28.16,6,99.41,360,new,retain
100688,2023-07-01,hangzhou,49.0,22.27,7,180.46,97,active,risk
100689,2022-11-06,shanghai,,17.26,10,,213,vip,risk
100690,2022-05-24,hangzhou,40.0,22.06,9,187.84,75,active,risk
100691,2022-01-25,hangzhou,44.0,10.78,11,217.59,297,vip,retain
100692,2022-06-24,shanghai,46.0,12.92,6,84.6,12,new,retain
100693,2023-07-02,chengdu,39.0,20.53,10,236.87,120,,retain
100694,2022-05-29,beijing,46.0,15.33,4,210.18,321,active,retain
100695,2024-06-04,chengdu,,11.13,9,184.29,166,active,retain
100696,2022-05-03,chengdu,41.0,10.34,4,234.82,90,,retain
100697,2022-10-31,shanghai,43.0,,5,154.77,146,new,retain
100698,2022-06-07,chengdu,,22.83,4,12.0,148,vip,risk
100699,2022-01-03,chengdu,44.0,18.82,8,178.41,249,new,risk
100700,2022-05-12,wuhan,,17.41,5,95.68,87,vip,risk
100701,2022-07-31,wuhan,26.0,18.64,5,94.34,36,vip,retain
100702,2024-01-27,hangzhou,32.0,24.45,7,12.0,346,vip,risk
100703,2023-02-15,chengdu,26.0,22.16,9,205.66,268,,risk
100704,2022-02-28,beijing,39.0,20.0,4,,51,new,risk
100705,2023-07-22,shanghai,48.0,22.53,7,196.62,16,vip,risk
100706,2024-03-09,shanghai,33.0,26.47,8,132.34,303,active,retain
100707,2022-02-18,wuhan,50.0,,11,161.5,298,active,retain
100708,2022-09-02,hangzhou,35.0,25.38,3,136.29,12,active,risk
100709,2022-11-29,hangzhou,40.0,6.38,10,154.79,5,new,retain
100710,2022-04-03,wuhan,40.0,11.05,12,298.31,316,new,retain
100711,2022-02-17,wuhan,30.0,26.71,3,25.74,88,active,risk
100712,2022-04-02,beijing,50.0,40.01,7,128.0,146,,risk
100713,2022-08-08,hangzhou,29.0,19.72,3,,353,new,retain
100714,2022-07-18,beijing,,11.94,9,97.71,362,vip,retain
100715,2023-01-14,hangzhou,24.0,16.44,8,135.53,56,active,retain
100716,2022-11-25,chengdu,39.0,14.27,8,619.97,119,sleeping,risk
100717,2022-09-19,hangzhou,38.0,25.02,6,125.7,179,,retain
100718,2023-04-10,wuhan,38.0,15.88,5,129.34,216,vip,retain
100719,2022-02-19,chengdu,35.0,17.3,7,146.08,92,active,retain
100720,2023-05-14,hangzhou,30.0,,10,224.26,85,sleeping,retain
100721,2022-04-13,beijing,28.0,,6,82.37,24,active,retain
100722,2024-04-08,hangzhou,36.0,21.58,7,182.27,50,vip,risk
100723,2023-07-15,shanghai,27.0,25.26,8,50.62,218,vip,retain
100724,2022-09-22,chengdu,50.0,2.0,11,143.95,230,active,risk
100725,2023-02-12,shanghai,20.0,30.54,7,12.0,189,vip,retain
100726,2022-10-16,beijing,47.0,18.87,6,198.89,235,active,retain
100727,2023-10-23,chengdu,37.0,3.9,6,295.1,89,vip,retain
100728,2024-06-05,hangzhou,36.0,14.71,7,,12,new,retain
100729,2023-01-20,beijing,,21.65,3,147.88,110,vip,risk
100730,2024-04-28,chengdu,36.0,15.88,7,102.95,144,new,retain
100731,2022-04-27,beijing,46.0,40.27,7,211.15,167,sleeping,retain
100732,2022-08-26,beijing,,23.56,3,188.09,276,vip,retain
100733,2024-02-06,chengdu,24.0,10.74,4,171.35,15,new,retain
100734,2022-03-24,beijing,29.0,35.7,8,124.44,117,new,retain
100735,2022-07-17,beijing,55.0,,6,104.36,60,vip,retain
100736,2022-10-03,hangzhou,35.0,,5,171.43,160,new,risk
100737,2023-07-01,hangzhou,41.0,16.68,9,160.68,267,new,retain
100738,2022-07-27,beijing,,34.18,9,189.97,220,sleeping,retain
100739,2022-11-05,shanghai,28.0,,4,199.42,228,new,risk
100740,2023-04-09,beijing,26.0,16.45,9,190.18,196,vip,retain
100741,2022-07-01,shanghai,30.0,34.84,8,41.8,86,vip,retain
100742,2023-08-26,hangzhou,36.0,17.66,8,66.9,124,active,retain
100743,2023-12-13,shanghai,36.0,,6,,118,,retain
100744,2022-09-19,beijing,38.0,22.79,6,146.37,104,new,risk
100745,2023-10-09,chengdu,46.0,24.69,5,184.08,351,sleeping,retain
100746,2024-03-31,shanghai,39.0,31.66,1,91.45,83,vip,retain
100747,2022-12-17,wuhan,30.0,15.75,4,130.69,256,active,retain
100748,2023-08-23,beijing,27.0,28.7,3,130.03,140,sleeping,retain
100749,2023-09-12,shanghai,37.0,15.24,7,437.5799999999999,82,vip,retain
100750,2022-12-31,shanghai,38.0,,5,155.93,37,new,retain
100751,2022-09-14,chengdu,22.0,14.19,10,212.37,347,active,retain
100752,2022-02-17,hangzhou,20.0,24.51,11,64.05,94,sleeping,retain
100753,2023-09-12,beijing,24.0,22.36,7,84.07,350,active,retain
100754,2022-04-18,hangzhou,35.0,10.34,3,36.45,284,new,risk
100755,2023-09-23,wuhan,36.0,11.58,10,166.67,71,sleeping,risk
100756,2022-08-28,beijing,40.0,19.02,9,,273,,retain
100757,2023-05-06,shanghai,26.0,17.45,7,106.93,30,vip,retain
100758,2024-02-12,chengdu,29.0,21.7,8,162.84,317,vip,retain
100759,2022-08-19,chengdu,38.0,34.45,4,162.64,341,active,retain
100760,2023-06-05,wuhan,42.0,11.37,10,295.16,339,active,risk
100761,2022-08-17,chengdu,18.0,26.85,9,179.28,331,sleeping,retain
100762,2024-03-07,wuhan,35.0,14.16,7,196.34,302,new,retain
100763,2023-12-11,wuhan,28.0,27.52,12,186.24,56,new,retain
100764,2024-03-10,hangzhou,49.0,,9,126.9,292,vip,risk
100765,2022-05-20,chengdu,35.0,20.14,5,,98,new,retain
100766,2024-04-01,hangzhou,23.0,32.34,7,52.27,31,sleeping,retain
100767,2024-03-24,beijing,30.0,16.14,4,123.45,123,new,risk
100768,2022-05-18,wuhan,40.0,18.77,8,113.88,15,vip,risk
100769,2022-05-07,beijing,48.0,17.54,7,198.69,224,sleeping,retain
100770,2023-06-05,wuhan,,2.08,7,151.95,237,active,retain
100771,2023-05-23,chengdu,39.0,5.88,9,235.27,0,,retain
100772,2022-04-28,wuhan,31.0,23.37,9,120.91,298,new,risk
100773,2022-03-26,wuhan,,26.47,8,143.84,343,sleeping,retain
100774,2022-06-17,beijing,32.0,19.97,11,76.13,164,new,retain
100775,2022-08-23,wuhan,22.0,,4,183.07,141,active,retain
100776,2022-05-28,hangzhou,30.0,14.73,2,84.89,182,new,retain
100777,2022-07-26,beijing,35.0,15.04,2,122.39,287,sleeping,retain
100778,2024-03-01,hangzhou,,19.65,10,283.07,203,sleeping,risk
100779,2022-05-24,hangzhou,37.0,33.03,7,137.86,62,vip,retain
100780,2023-12-15,shanghai,18.0,16.42,8,1344.46,55,sleeping,risk
100781,2022-07-03,shanghai,28.0,33.31,1,95.5,183,new,risk
100782,2023-03-03,wuhan,26.0,12.5,4,54.96,325,vip,retain
100783,2022-06-28,shanghai,36.0,30.87,3,110.32,56,vip,risk
100784,2023-09-19,hangzhou,41.0,31.76,6,85.86,5,vip,risk
100785,2022-04-29,shanghai,19.0,13.7,5,170.61,297,active,risk
100786,2024-02-04,chengdu,43.0,22.43,5,102.29,146,vip,retain
100787,2022-08-17,shanghai,23.0,30.2,5,119.47,226,sleeping,retain
100788,2024-04-22,beijing,30.0,,9,72.26,271,active,retain
100789,2023-07-07,chengdu,30.0,2.0,7,165.65,30,,retain
100790,2024-01-12,wuhan,35.0,30.59,11,,66,sleeping,retain
100791,2023-08-30,beijing,41.0,20.71,9,149.58,268,new,retain
100792,2022-06-21,shanghai,34.0,14.06,4,232.61,259,active,retain
100793,2023-06-25,chengdu,43.0,26.46,11,,105,sleeping,retain
100794,2023-06-08,shanghai,35.0,11.62,9,173.91,171,new,retain
100795,2024-04-07,hangzhou,30.0,24.79,7,66.28,143,active,retain
100796,2023-12-10,shanghai,48.0,,4,186.03,182,vip,retain
100797,2023-02-07,hangzhou,48.0,34.21,7,131.25,240,vip,retain
100798,2022-08-24,shanghai,48.0,20.7,5,67.67,331,new,retain
100799,2022-04-26,wuhan,18.0,28.05,6,214.43,11,sleeping,retain
100800,2024-02-05,shanghai,46.0,15.11,13,188.22,128,sleeping,retain
100801,2023-09-12,shanghai,40.0,11.75,8,190.25,344,sleeping,retain
100802,2024-02-20,chengdu,,24.4,4,161.84,328,active,retain
100803,2023-05-02,wuhan,41.0,25.85,8,143.35,182,new,risk
100804,2024-05-16,beijing,27.0,9.12,4,175.67,58,sleeping,retain
100805,2023-02-25,wuhan,21.0,38.83,4,86.33,49,sleeping,risk
100806,2022-04-23,hangzhou,34.0,,6,,220,active,risk
100807,2022-09-03,chengdu,44.0,23.07,2,149.64,66,new,retain
100808,2023-05-20,shanghai,33.0,18.91,5,156.0,265,sleeping,retain
100809,2023-03-06,hangzhou,19.0,20.18,5,130.96,4,new,risk
100810,2022-01-11,beijing,43.0,27.33,6,34.16,180,vip,retain
100811,2022-08-21,beijing,59.0,26.73,7,178.28,20,vip,retain
100812,2023-03-08,beijing,40.0,14.96,7,212.08,222,,retain
100813,2023-09-15,hangzhou,52.0,21.4,3,93.42,92,new,risk
100814,2023-02-21,shanghai,,26.38,3,142.45,271,sleeping,retain
100815,2023-08-02,chengdu,,13.87,4,,275,active,retain
100816,2023-02-16,beijing,43.0,34.93,4,,68,active,risk
100817,2023-01-05,wuhan,25.0,3.37,4,132.21,364,sleeping,retain
100818,2022-04-02,chengdu,42.0,21.67,8,161.5,174,active,retain
100819,2024-04-07,wuhan,43.0,18.11,3,178.08,33,sleeping,risk
100820,2023-06-13,chengdu,42.0,21.23,11,181.59,150,sleeping,risk
100821,2023-02-01,wuhan,30.0,19.0,4,147.34,313,sleeping,retain
100822,2023-01-09,beijing,37.0,19.51,5,184.53,333,active,retain
100823,2023-06-11,chengdu,40.0,15.73,9,286.03,108,sleeping,retain
100824,2023-02-07,shanghai,34.0,22.04,4,116.94,163,active,retain
100825,2024-02-20,shanghai,23.0,10.18,5,152.2,356,,retain
100826,2023-09-07,wuhan,38.0,19.63,9,169.17,324,new,retain
100827,2022-07-11,chengdu,39.0,,7,106.87,168,new,retain
100828,2023-10-16,chengdu,49.0,31.01,8,,178,vip,risk
100829,2022-05-12,hangzhou,38.0,23.42,3,102.75,228,sleeping,risk
100830,2024-05-25,beijing,27.0,19.63,6,140.97,121,new,risk
100831,2022-03-03,hangzhou,38.0,31.04,7,136.43,167,sleeping,retain
100832,2022-11-16,chengdu,37.0,22.78,8,168.08,129,active,risk
100833,2024-04-18,beijing,26.0,28.31,6,200.61,236,new,risk
100834,2022-07-29,wuhan,35.0,25.73,3,196.23,10,new,risk
100835,2023-03-15,chengdu,42.0,3.94,6,177.31,95,,retain
100836,2022-05-26,beijing,30.0,11.98,5,75.36,283,vip,retain
100837,2022-07-24,hangzhou,38.0,25.06,4,135.18,66,active,retain
100838,2023-03-20,wuhan,57.0,25.82,5,97.9,334,active,retain
100839,2022-02-14,beijing,24.0,33.09,4,73.18,269,vip,risk
100840,2024-03-23,hangzhou,,35.15,4,232.31,323,new,retain
100841,2023-06-27,hangzhou,37.0,33.48,4,104.46,27,sleeping,retain
100842,2022-05-25,chengdu,21.0,23.75,8,41.3,160,new,retain
100843,2023-07-15,hangzhou,35.0,20.06,5,166.02,151,vip,retain
100844,2023-04-19,hangzhou,40.0,28.76,6,200.73,185,,retain
100845,2022-03-28,chengdu,47.0,20.31,7,100.06,160,active,retain
100846,2022-08-24,hangzhou,28.0,,6,258.46,304,sleeping,retain
100847,2023-09-15,wuhan,23.0,,9,,236,sleeping,retain
100848,2022-10-18,chengdu,35.0,20.52,4,119.59,88,sleeping,risk
100849,2022-08-15,chengdu,41.0,8.86,10,,96,active,retain
100850,2022-01-02,hangzhou,38.0,2.7,3,57.72,57,sleeping,risk
100851,2022-12-10,beijing,,22.68,8,108.08,325,,retain
100852,2023-07-01,beijing,22.0,20.29,7,120.94,101,,retain
100853,2023-12-27,hangzhou,,9.33,4,,117,sleeping,retain
100854,2023-04-16,wuhan,40.0,22.08,7,91.35,284,new,retain
100855,2023-05-19,chengdu,25.0,,7,165.31,78,active,retain
100856,2023-12-22,chengdu,,10.91,4,249.24,44,new,risk
100857,2024-04-08,wuhan,34.0,12.37,9,208.11,271,active,risk
100858,2022-10-09,wuhan,37.0,16.04,10,226.28,276,vip,retain
100859,2023-01-27,chengdu,35.0,6.63,10,227.28,96,sleeping,risk
100860,2023-01-25,beijing,29.0,14.08,6,160.06,364,vip,risk
100861,2022-04-02,wuhan,24.0,,7,138.93,235,active,retain
100862,2024-02-09,chengdu,18.0,19.98,6,220.91,163,active,risk
100863,2022-02-19,shanghai,28.0,19.47,12,113.88,196,vip,risk
100864,2023-12-07,chengdu,24.0,13.86,4,68.69,276,new,retain
100865,2022-10-10,shanghai,48.0,34.03,11,153.9,310,sleeping,retain
100866,2023-03-27,shanghai,41.0,19.85,10,150.05,177,sleeping,retain
100867,2022-12-28,beijing,18.0,10.18,11,139.99,244,active,retain
100868,2023-01-18,shanghai,57.0,21.91,5,116.08,96,sleeping,retain
100869,2024-04-21,shanghai,50.0,29.28,6,167.31,98,active,retain
100870,2022-02-21,chengdu,28.0,14.98,6,91.78,331,,retain
100871,2024-03-03,wuhan,39.0,12.45,4,117.36,306,vip,retain
100872,2022-02-28,hangzhou,24.0,23.25,8,190.88,140,new,risk
100873,2022-03-13,chengdu,35.0,31.01,5,169.82,330,sleeping,retain
100874,2023-12-13,hangzhou,51.0,23.74,8,43.55,118,vip,retain
100875,2022-06-23,wuhan,33.0,17.51,4,128.02,62,vip,retain
100876,2022-08-10,wuhan,50.0,30.36,3,262.92,217,sleeping,retain
100877,2022-11-28,wuhan,31.0,27.91,13,121.22,220,new,retain
100878,2024-05-08,chengdu,18.0,20.42,7,255.85,209,sleeping,risk
100879,2024-05-10,chengdu,38.0,25.56,8,142.68,319,vip,retain
100880,2022-07-22,beijing,22.0,26.12,7,302.92,65,new,retain
100881,2024-04-15,beijing,43.0,12.46,3,176.55,5,new,retain
100882,2022-03-15,hangzhou,38.0,23.91,5,110.17,41,sleeping,retain
100883,2022-12-14,hangzhou,41.0,15.49,7,68.88,163,,retain
100884,2023-12-27,chengdu,44.0,,6,179.67,347,active,retain
100885,2024-02-24,chengdu,33.0,15.85,11,179.63,148,new,risk
100886,2023-02-12,chengdu,40.0,11.83,7,73.12,331,active,retain
100887,2022-05-25,shanghai,31.0,,3,,109,vip,retain
100888,2024-02-27,shanghai,34.0,17.58,5,165.74,357,new,retain
100889,2023-06-15,wuhan,32.0,19.19,11,93.72,23,active,retain
100890,2024-01-12,beijing,39.0,19.18,5,240.66,195,new,retain
100891,2022-06-04,beijing,47.0,,4,145.92,288,sleeping,retain
100892,2022-10-30,wuhan,38.0,33.88,9,33.54,179,sleeping,retain
100893,2022-06-15,beijing,,2.0,8,189.53,147,active,retain
100894,2024-01-17,shanghai,35.0,27.2,7,150.7,64,,retain
100895,2022-12-27,chengdu,30.0,22.87,8,119.54,138,new,retain
100896,2022-02-17,hangzhou,,29.96,9,166.87,78,active,retain
100897,2024-01-19,beijing,37.0,21.15,3,,71,active,retain
100898,2023-02-22,chengdu,22.0,18.86,3,12.0,224,vip,retain
100899,2022-07-20,wuhan,,34.16,6,156.94,120,vip,retain
100900,2024-06-14,hangzhou,50.0,13.23,3,268.09,282,active,retain
100901,2022-03-27,hangzhou,49.0,26.17,5,,102,vip,retain
100902,2023-12-21,beijing,33.0,31.07,5,89.85,256,sleeping,retain
100903,2022-06-27,chengdu,41.0,6.72,4,193.96,147,new,retain
100904,2023-02-06,shanghai,27.0,,4,188.69,105,new,retain
100905,2023-05-19,shanghai,39.0,7.19,7,34.88,157,sleeping,retain
100906,2022-09-14,shanghai,30.0,16.71,9,203.54,111,vip,retain
100907,2024-06-13,beijing,23.0,21.38,8,54.67,41,vip,risk
100908,2023-02-17,wuhan,43.0,21.18,8,151.94,79,vip,retain
100909,2024-02-05,chengdu,,25.7,6,129.8,53,vip,risk
100910,2023-05-06,wuhan,35.0,25.88,11,,89,,risk
100911,2022-08-22,shanghai,32.0,17.51,3,,39,,retain
100912,2023-05-30,chengdu,50.0,27.17,5,929.76,289,active,retain
100913,2023-04-22,hangzhou,34.0,39.6,5,19.26,113,sleeping,retain
100914,2022-03-27,wuhan,39.0,19.38,7,129.03,297,sleeping,retain
100915,2022-03-12,hangzhou,45.0,17.95,4,191.42,41,vip,retain
100916,2024-05-04,shanghai,41.0,30.08,5,12.0,304,new,retain
100917,2024-01-15,shanghai,47.0,28.93,4,,337,vip,retain
100918,2023-08-04,hangzhou,46.0,21.11,6,165.64,218,,retain
100919,2022-10-11,shanghai,27.0,22.47,7,137.05,185,active,retain
100920,2022-06-04,beijing,29.0,20.47,5,167.46,127,vip,retain
100921,2024-03-31,beijing,39.0,18.34,7,236.37,316,vip,retain
100922,2022-03-09,beijing,42.0,22.67,7,217.54,140,sleeping,retain
100923,2023-05-25,shanghai,30.0,18.22,2,153.36,106,vip,retain
100924,2024-04-05,beijing,54.0,15.57,6,163.17,261,vip,retain
100925,2023-07-30,wuhan,30.0,3.81,11,141.87,18,active,retain
100926,2024-03-23,shanghai,27.0,8.24,5,779.805,138,sleeping,retain
100927,2024-03-10,chengdu,48.0,21.01,1,139.66,263,new,retain
100928,2023-12-10,wuhan,52.0,11.04,6,41.83,308,vip,retain
100929,2023-04-02,beijing,26.0,38.83,6,,318,active,retain
100930,2024-04-16,hangzhou,,,5,193.38,302,vip,retain
100931,2022-03-21,beijing,42.0,,4,185.87,232,vip,risk
100932,2023-07-07,beijing,41.0,30.95,7,101.81,126,sleeping,retain
100933,2022-04-22,chengdu,33.0,18.33,9,178.08,123,active,retain
100934,2022-08-05,shanghai,27.0,18.92,6,302.14,280,sleeping,retain
100935,2023-09-03,beijing,,24.5,3,61.12,93,new,retain
100936,2022-01-01,hangzhou,23.0,21.07,8,,59,active,risk
100937,2023-06-16,wuhan,44.0,13.15,9,149.98,321,active,retain
100938,2023-11-15,beijing,41.0,29.59,6,114.02,267,active,retain
100939,2023-05-17,shanghai,33.0,12.51,4,91.27,80,new,retain
100940,2022-10-04,beijing,26.0,8.54,3,200.49,321,vip,retain
100941,2023-03-27,wuhan,34.0,18.03,12,133.28,151,,retain
100942,2024-01-20,wuhan,,21.9,4,112.15,245,sleeping,retain
100943,2022-07-25,shanghai,28.0,29.59,3,107.83,285,vip,retain
100944,2024-02-05,wuhan,51.0,,8,168.06,211,new,risk
100945,2023-06-07,wuhan,,20.7,9,166.83,26,vip,retain
100946,2022-08-22,shanghai,42.0,26.17,6,111.73,188,vip,risk
100947,2023-07-08,hangzhou,,7.65,3,286.59,227,sleeping,retain
100948,2022-05-19,chengdu,45.0,27.59,3,,79,sleeping,retain
100949,2023-10-09,beijing,31.0,20.78,5,,164,vip,retain
100950,2023-09-06,wuhan,47.0,11.99,10,194.57,166,active,retain
100951,2022-09-02,shanghai,24.0,,6,,197,new,retain
100952,2023-11-30,beijing,38.0,18.49,4,104.27,137,active,retain
100953,2022-10-25,chengdu,39.0,22.61,7,222.74,6,sleeping,retain
100954,2022-02-27,shanghai,25.0,8.66,6,119.36,75,vip,retain
100955,2024-03-15,wuhan,26.0,21.55,5,126.61,180,active,retain
100956,2023-09-11,wuhan,35.0,20.55,9,1447.94,240,vip,risk
100957,2024-04-28,hangzhou,32.0,21.96,5,81.45,117,active,retain
100958,2023-03-04,hangzhou,,11.26,2,188.66,138,active,retain
100959,2022-03-17,chengdu,36.0,11.52,9,19.34,315,active,retain
100960,2022-01-10,chengdu,40.0,24.0,11,204.55,4,active,risk
100961,2023-02-17,shanghai,36.0,24.48,10,236.16,95,active,retain
100962,2024-05-14,beijing,20.0,24.97,6,,29,active,risk
100963,2023-08-24,hangzhou,51.0,24.14,2,,364,sleeping,retain
100964,2022-07-22,beijing,37.0,,7,93.36,82,vip,retain
100965,2023-11-10,chengdu,50.0,32.07,6,,97,sleeping,retain
100966,2024-02-06,wuhan,,45.42,8,293.79,251,new,retain
100967,2022-10-20,beijing,50.0,8.11,7,75.31,142,sleeping,risk
100968,2022-03-22,beijing,,21.69,6,180.8,355,sleeping,risk
100969,2023-01-13,chengdu,39.0,18.03,6,138.66,294,new,retain
100970,2022-09-27,wuhan,,9.89,8,157.61,37,sleeping,risk
100971,2023-07-10,shanghai,38.0,5.19,8,147.99,186,vip,retain
100972,2023-12-21,wuhan,48.0,22.31,4,216.13,77,active,retain
100973,2023-09-19,chengdu,32.0,15.33,6,238.94,361,sleeping,retain
100974,2023-03-26,chengdu,43.0,20.67,11,172.96,207,sleeping,risk
100975,2024-04-14,chengdu,21.0,12.43,11,,301,new,retain
100976,2023-08-04,chengdu,32.0,16.4,4,188.38,356,sleeping,risk
100977,2022-04-27,hangzhou,48.0,17.9,2,191.61,124,sleeping,retain
100978,2022-05-09,wuhan,29.0,28.43,7,126.1,291,active,retain
100979,2024-04-09,hangzhou,42.0,22.21,6,156.73,117,vip,retain
100980,2024-04-28,wuhan,34.0,22.69,10,149.41,322,vip,retain
100981,2022-11-20,wuhan,43.0,22.88,5,30.12,256,sleeping,retain
100982,2022-02-19,chengdu,55.0,2.0,4,123.7,298,sleeping,retain
100983,2023-02-11,wuhan,48.0,29.36,8,82.34,134,new,retain
100984,2023-10-06,hangzhou,31.0,10.05,4,162.85,17,vip,risk
100985,2023-09-03,shanghai,29.0,25.19,8,150.7,188,,retain
100986,2024-02-03,chengdu,38.0,20.08,3,37.19,342,new,retain
100987,2022-07-04,beijing,32.0,32.47,4,138.06,283,sleeping,retain
100988,2023-03-08,chengdu,29.0,21.56,7,58.72,63,sleeping,retain
100989,2022-09-15,shanghai,34.0,15.6,7,93.89,188,vip,retain
100990,2022-11-12,wuhan,30.0,25.26,5,12.0,240,new,retain
100991,2023-06-16,shanghai,45.0,14.24,6,208.17,324,vip,retain
100992,2022-10-09,shanghai,28.0,2.0,5,141.75,352,new,retain
100993,2022-01-20,shanghai,40.0,31.51,4,88.41,234,active,retain
100994,2023-06-02,shanghai,39.0,19.77,6,150.3,277,,retain
100995,2023-02-10,wuhan,25.0,3.73,11,47.45,107,new,retain
100996,2023-08-22,chengdu,20.0,36.48,6,96.78,292,sleeping,retain
100997,2022-06-24,hangzhou,25.0,12.05,4,,343,,retain
100998,2023-04-15,beijing,32.0,11.26,13,94.5,227,new,retain
100999,2023-09-05,chengdu,31.0,2.0,8,218.13,107,sleeping,retain
101000,2023-04-11,beijing,32.0,,7,149.97,234,new,risk
101001,2023-07-07,shanghai,,14.64,13,161.69,321,new,retain
101002,2022-10-28,beijing,56.0,20.11,6,44.96,70,active,retain
101003,2023-12-07,chengdu,39.0,26.99,6,108.04,138,new,risk
101004,2022-02-19,shanghai,41.0,17.05,2,256.17,65,vip,retain
101005,2022-11-04,beijing,45.0,5.44,7,142.67,154,new,retain
101006,2023-10-15,chengdu,40.0,15.56,8,164.63,131,,risk
101007,2024-01-23,chengdu,32.0,28.19,8,,226,sleeping,retain
101008,2022-04-09,wuhan,25.0,25.35,7,147.42,117,vip,retain
101009,2022-11-10,beijing,31.0,,7,94.79,356,new,retain
101010,2023-11-07,wuhan,,23.5,3,34.61,227,active,retain
101011,2022-11-30,beijing,,24.2,5,170.25,107,vip,retain
101012,2024-03-04,chengdu,24.0,22.93,11,114.35,27,active,risk
101013,2023-04-04,wuhan,38.0,,3,162.3,242,sleeping,retain
101014,2022-02-02,hangzhou,38.0,27.46,5,149.58,211,sleeping,retain
101015,2023-02-17,hangzhou,39.0,8.87,13,123.57,33,new,risk
101016,2022-01-05,shanghai,,25.87,5,12.0,64,vip,retain
101017,2022-04-17,beijing,39.0,24.28,9,113.38,70,new,retain
101018,2023-01-02,beijing,32.0,2.0,4,132.97,251,sleeping,retain
101019,2024-02-20,hangzhou,27.0,8.6,2,139.84,106,active,risk
101020,2023-11-28,hangzhou,29.0,7.28,8,135.89,45,vip,retain
101021,2022-04-01,beijing,43.0,20.28,8,243.76,269,new,retain
101022,2022-11-01,shanghai,37.0,21.57,4,146.08,234,,retain
101023,2022-01-21,chengdu,33.0,29.3,5,164.22,11,active,retain
101024,2023-02-16,wuhan,47.0,21.45,5,103.04,103,new,retain
101025,2022-09-06,wuhan,,32.6,4,105.72,160,vip,retain
101026,2024-01-17,chengdu,29.0,22.35,4,146.4,294,active,retain
101027,2024-02-12,wuhan,25.0,,9,125.27,293,sleeping,retain
101028,2023-02-16,hangzhou,26.0,7.81,7,,233,new,retain
101029,2023-08-18,wuhan,34.0,32.22,10,177.45,363,new,retain
101030,2024-05-31,beijing,44.0,20.73,3,,177,vip,retain
101031,2023-02-23,chengdu,40.0,29.93,7,92.27,105,new,retain
101032,2023-03-12,shanghai,44.0,28.75,4,117.47,300,new,risk
101033,2024-03-03,chengdu,26.0,22.34,7,38.49,216,,retain
101034,2024-05-30,hangzhou,,8.9,8,119.93,237,vip,retain
101035,2022-04-07,wuhan,32.0,25.46,6,112.72,25,sleeping,risk
101036,2023-12-16,shanghai,26.0,19.75,10,188.86,137,new,retain
101037,2022-12-13,beijing,32.0,19.19,4,652.015,105,new,retain
101038,2022-08-17,wuhan,,23.66,8,66.65,110,sleeping,retain
101039,2023-02-11,wuhan,44.0,23.98,6,176.08,316,sleeping,retain
101040,2022-05-23,wuhan,27.0,14.17,3,33.04,206,vip,retain
101041,2022-03-18,shanghai,26.0,33.41,11,,278,active,retain
101042,2022-01-03,shanghai,37.0,14.67,4,133.83,339,sleeping,risk
101043,2023-02-12,hangzhou,,17.19,8,104.07,346,,risk
101044,2023-07-20,wuhan,39.0,11.66,6,129.49,323,active,risk
101045,2023-11-06,chengdu,44.0,9.34,8,135.51,317,sleeping,risk
101046,2022-07-31,chengdu,18.0,12.09,6,217.48,97,new,retain
101047,2024-01-05,chengdu,51.0,29.23,12,21.21,71,active,retain
101048,2023-07-20,chengdu,51.0,20.06,9,117.71,329,vip,retain
101049,2023-08-29,beijing,44.0,2.0,9,116.29,236,vip,retain
101050,2023-11-14,chengdu,32.0,31.06,3,252.46,49,active,retain
101051,2024-02-14,wuhan,26.0,13.51,8,232.2,85,active,retain
101052,2022-10-07,chengdu,29.0,13.82,7,132.54,169,active,retain
101053,2023-02-22,wuhan,53.0,16.72,8,753.74,136,vip,risk
101054,2022-07-09,chengdu,29.0,11.61,8,87.2,60,,retain
101055,2024-06-12,shanghai,33.0,20.6,7,211.9,309,active,retain
101056,2022-03-18,wuhan,20.0,28.31,8,57.22,15,vip,retain
101057,2022-05-19,hangzhou,46.0,,14,,257,active,retain
101058,2022-01-03,wuhan,31.0,11.7,6,223.37,112,vip,risk
101059,2022-08-26,shanghai,34.0,17.91,8,212.15,224,new,retain
101060,2023-12-04,shanghai,26.0,15.72,8,,346,sleeping,risk
101061,2022-05-05,wuhan,41.0,23.4,5,103.9,114,new,retain
101062,2023-04-24,chengdu,43.0,7.87,11,1128.595,150,sleeping,retain
101063,2023-09-21,chengdu,39.0,28.7,8,182.22,259,vip,retain
101064,2023-01-26,chengdu,39.0,19.25,5,197.46,364,vip,risk
101065,2024-02-11,chengdu,40.0,13.61,5,95.12,44,new,risk
101066,2024-04-05,chengdu,37.0,13.51,12,126.27,176,sleeping,retain
101067,2022-04-02,shanghai,44.0,,9,174.79,362,vip,retain
101068,2022-03-07,shanghai,39.0,30.77,6,172.53,104,active,risk
101069,2022-05-28,wuhan,23.0,15.27,6,153.95,110,vip,risk
101070,2023-07-02,hangzhou,38.0,,8,176.31,231,,retain
101071,2022-11-15,chengdu,22.0,18.57,5,190.44,204,vip,risk
101072,2024-04-11,shanghai,40.0,32.68,6,178.97,161,active,retain
101073,2023-08-22,wuhan,35.0,20.37,8,100.47,44,sleeping,risk
101074,2022-05-09,shanghai,34.0,,9,787.345,300,sleeping,retain
101075,2023-11-20,chengdu,29.0,17.34,7,,316,sleeping,retain
101076,2023-06-05,wuhan,27.0,19.82,10,69.23,34,sleeping,retain
101077,2024-01-18,hangzhou,38.0,,6,224.54,132,active,risk
101078,2023-01-24,chengdu,53.0,17.66,9,179.65,342,vip,risk
101079,2024-01-03,chengdu,32.0,27.84,4,122.91,38,active,retain
101080,2022-07-09,chengdu,31.0,11.48,6,12.0,24,sleeping,retain
101081,2023-06-06,wuhan,,28.73,6,116.68,318,sleeping,risk
101082,2024-05-22,chengdu,,18.76,7,296.33,288,new,retain
101083,2022-12-06,chengdu,44.0,13.45,8,40.47,314,active,retain
101084,2023-09-24,hangzhou,23.0,10.29,6,71.12,99,new,retain
101085,2023-08-15,beijing,43.0,20.82,6,150.2,284,vip,retain
101086,2022-05-25,hangzhou,28.0,15.6,7,12.0,93,vip,retain
101087,2024-02-01,hangzhou,33.0,15.9,11,31.96,124,sleeping,retain
101088,2023-09-19,shanghai,28.0,22.08,3,159.22,266,,retain
101089,2024-03-03,hangzhou,20.0,27.2,4,82.62,299,sleeping,retain
101090,2024-05-26,hangzhou,43.0,14.25,4,126.43,263,vip,risk
101091,2023-10-30,beijing,37.0,20.94,4,191.08,9,vip,retain
101092,2023-10-14,beijing,34.0,20.3,5,,74,new,retain
101093,2023-07-30,wuhan,28.0,27.56,6,152.01,3,vip,retain
101094,2023-07-28,shanghai,31.0,18.5,9,,257,,retain
101095,2024-04-01,shanghai,43.0,22.0,9,225.53,147,vip,retain
101096,2024-04-25,shanghai,34.0,19.4,10,130.99,361,sleeping,risk
101097,2024-01-19,shanghai,39.0,29.16,7,108.36,115,new,retain
101098,2023-05-16,beijing,41.0,,6,60.79,262,sleeping,risk
101099,2024-03-21,hangzhou,,26.61,3,183.2,132,sleeping,retain
101100,2022-06-03,beijing,42.0,16.7,8,259.6,309,sleeping,retain
101101,2022-07-29,shanghai,27.0,20.62,8,182.98,35,vip,retain
101102,2024-05-17,beijing,28.0,3.55,10,143.42,266,new,retain
101103,2024-05-01,beijing,20.0,15.03,5,170.73,307,vip,retain
101104,2022-03-25,beijing,38.0,15.11,8,182.13,262,vip,retain
101105,2024-03-28,wuhan,31.0,,7,90.11,73,active,retain
101106,2023-07-18,hangzhou,30.0,16.5,6,214.45,331,active,risk
101107,2024-01-31,chengdu,40.0,20.55,10,253.67,183,vip,retain
101108,2022-05-01,chengdu,33.0,21.92,8,201.46,53,vip,retain
101109,2023-08-27,shanghai,,25.78,8,58.24,16,sleeping,risk
101110,2022-07-17,shanghai,21.0,27.75,4,,245,vip,retain
101111,2023-11-23,hangzhou,35.0,28.1,6,132.58,244,,retain
101112,2023-07-30,hangzhou,38.0,4.38,8,163.99,326,sleeping,retain
101113,2024-05-07,wuhan,43.0,29.33,8,165.7,25,sleeping,retain
101114,2022-05-09,shanghai,45.0,22.6,5,107.61,188,sleeping,retain
101115,2024-01-01,beijing,32.0,15.69,5,82.64,185,sleeping,retain
101116,2024-06-04,shanghai,,22.17,10,,197,sleeping,retain
101117,2022-03-28,beijing,38.0,28.46,8,180.42,42,,retain
101118,2023-06-13,beijing,33.0,,7,66.13,317,vip,retain
101119,2023-04-02,shanghai,45.0,15.61,13,189.21,158,active,retain
101120,2023-03-15,shanghai,28.0,12.52,7,122.22,214,sleeping,retain
101121,2022-01-21,beijing,48.0,12.35,5,,49,sleeping,retain
101122,2023-10-04,shanghai,22.0,24.91,4,23.0,323,new,retain
101123,2022-09-27,hangzhou,52.0,11.84,5,159.53,149,new,retain
101124,2023-07-30,beijing,50.0,22.26,5,195.49,322,sleeping,retain
101125,2023-08-03,chengdu,30.0,,11,47.9,287,,retain
101126,2023-08-22,shanghai,28.0,25.79,6,78.44,211,active,retain
101127,2022-09-24,shanghai,35.0,41.63,3,192.51,336,active,retain
101128,2022-02-07,wuhan,37.0,21.29,4,215.69,7,vip,retain
101129,2022-11-14,wuhan,,19.33,6,,190,vip,risk
101130,2023-11-14,wuhan,27.0,11.81,10,93.66,3,vip,retain
101131,2024-01-19,shanghai,33.0,13.71,3,81.33,358,active,risk
101132,2022-04-26,beijing,47.0,10.44,9,164.43,85,new,retain
101133,2022-02-26,hangzhou,43.0,21.39,6,193.82,140,new,risk
101134,2022-08-05,chengdu,28.0,21.31,2,153.93,311,vip,risk
101135,2024-03-30,wuhan,18.0,21.01,7,217.68,127,active,risk
101136,2023-10-12,chengdu,30.0,6.41,9,94.57,200,vip,risk
101137,2023-09-17,chengdu,47.0,15.37,7,240.5,285,sleeping,retain
101138,2022-09-11,chengdu,34.0,33.27,7,144.12,326,active,retain
101139,2023-01-14,beijing,32.0,21.57,7,159.83,319,sleeping,retain
101140,2022-12-07,hangzhou,29.0,18.68,6,190.25,335,active,retain
101141,2023-06-27,hangzhou,46.0,19.11,6,115.92,146,new,retain
101142,2022-10-09,chengdu,26.0,27.78,6,246.34,35,active,retain
101143,2024-06-13,beijing,23.0,10.1,3,163.18,287,active,risk
101144,2024-05-11,wuhan,30.0,19.43,7,172.27,166,sleeping,retain
101145,2022-12-14,chengdu,,17.43,5,,255,active,retain
101146,2023-12-31,shanghai,39.0,33.11,5,212.42,337,new,retain
101147,2022-10-31,wuhan,31.0,12.44,4,63.28,108,sleeping,risk
101148,2023-09-28,hangzhou,31.0,22.35,8,245.33,216,vip,retain
101149,2023-03-03,wuhan,,17.64,3,188.52,320,new,retain
101150,2024-05-08,wuhan,28.0,12.09,10,200.98,330,active,retain
101151,2022-09-29,chengdu,40.0,12.18,9,123.43,192,sleeping,risk
101152,2023-11-18,hangzhou,38.0,29.02,7,84.19,87,,retain
101153,2024-06-15,shanghai,32.0,14.66,11,132.74,349,active,retain
101154,2023-01-30,shanghai,40.0,15.76,10,,273,vip,retain
101155,2023-03-12,wuhan,48.0,32.03,6,173.27,150,new,risk
101156,2022-10-12,shanghai,41.0,16.75,8,269.28,134,sleeping,retain
101157,2023-07-27,shanghai,38.0,25.07,9,113.61,253,sleeping,retain
101158,2022-07-27,shanghai,,,10,174.71,145,sleeping,retain
101159,2022-09-24,wuhan,33.0,28.83,4,180.17,184,active,retain
101160,2023-10-30,beijing,34.0,7.12,7,216.21,117,new,retain
101161,2023-06-22,shanghai,26.0,13.67,5,126.71,329,new,retain
101162,2022-03-05,beijing,27.0,,5,242.65,354,active,retain
101163,2023-02-04,shanghai,37.0,14.08,5,175.32,271,vip,retain
101164,2022-10-16,hangzhou,50.0,4.31,9,1425.06,32,sleeping,retain
101165,2024-05-18,chengdu,34.0,24.75,5,127.89,289,new,retain
101166,2022-05-25,hangzhou,38.0,24.31,4,33.13,81,,retain
101167,2024-06-18,wuhan,41.0,32.53,2,181.91,324,active,retain
101168,2024-01-06,shanghai,27.0,17.29,6,97.54,91,active,risk
101169,2023-04-13,chengdu,26.0,23.28,5,131.73,290,active,risk
101170,2022-07-08,chengdu,34.0,38.19,6,213.15,73,new,retain
101171,2023-08-12,shanghai,44.0,6.22,6,124.0,134,sleeping,retain
101172,2024-04-18,chengdu,21.0,18.07,4,199.26,93,sleeping,risk
101173,2022-07-02,chengdu,29.0,26.19,9,188.01,189,sleeping,retain
101174,2023-12-21,shanghai,27.0,16.69,7,,254,sleeping,risk
101175,2022-02-21,chengdu,41.0,15.06,5,105.3,189,sleeping,retain
101176,2023-08-18,beijing,38.0,13.97,7,247.74,133,vip,retain
101177,2022-02-10,shanghai,30.0,25.21,2,202.85,83,active,risk
101178,2024-04-03,wuhan,33.0,26.63,9,122.54,228,sleeping,retain
101179,2024-03-29,wuhan,48.0,,4,175.9,5,sleeping,risk
101180,2023-10-22,beijing,19.0,29.3,1,101.09,274,sleeping,retain
101181,2023-06-21,hangzhou,35.0,6.7,6,185.83,85,new,retain
101182,2022-11-04,hangzhou,32.0,12.26,2,110.73,273,vip,retain
101183,2024-03-05,hangzhou,32.0,8.3,6,,58,new,retain
101184,2023-03-13,wuhan,46.0,22.18,9,156.95,352,vip,retain
101185,2022-08-04,beijing,33.0,17.04,12,144.27,271,new,risk
101186,2024-04-20,hangzhou,42.0,20.42,2,180.29,233,vip,risk
101187,2024-04-07,beijing,45.0,32.03,6,180.77,284,active,retain
101188,2022-11-24,beijing,28.0,24.93,3,12.0,222,vip,retain
101189,2023-07-18,beijing,33.0,26.65,9,198.51,279,vip,retain
101190,2022-01-29,wuhan,45.0,15.22,6,181.32,332,active,retain
101191,2022-05-08,chengdu,33.0,,10,154.89,54,active,risk
101192,2022-05-09,beijing,30.0,4.63,3,87.0,326,sleeping,retain
101193,2022-08-26,wuhan,38.0,30.87,3,88.07,184,vip,retain
101194,2023-07-07,hangzhou,22.0,16.51,7,246.93,349,sleeping,retain
101195,2022-11-20,wuhan,32.0,24.07,9,80.12,63,new,risk
101196,2022-12-04,shanghai,36.0,4.16,4,,32,sleeping,retain
101197,2024-05-02,chengdu,46.0,7.61,9,38.91,24,active,retain
101198,2022-08-16,beijing,40.0,,11,136.51,24,active,retain
101199,2023-04-19,wuhan,34.0,6.48,7,179.46,116,sleeping,retain
101200,2022-12-13,shanghai,37.0,21.01,8,119.42,185,new,retain
101201,2023-04-15,beijing,41.0,5.05,6,137.58,350,sleeping,risk
101202,2022-09-04,beijing,41.0,15.48,2,123.17,358,sleeping,risk
101203,2022-05-17,chengdu,21.0,12.22,7,194.34,180,new,retain
101204,2023-04-20,hangzhou,18.0,13.15,5,175.85,54,vip,retain
101205,2022-12-03,shanghai,,,7,148.05,147,new,retain
101206,2024-02-15,hangzhou,20.0,15.34,8,241.83,2,vip,retain
101207,2024-04-10,hangzhou,37.0,8.1,3,177.38,305,vip,retain
101208,2022-05-22,hangzhou,35.0,11.94,10,,38,active,retain
101209,2023-10-21,wuhan,49.0,23.68,7,148.86,362,,retain
101210,2023-02-20,chengdu,28.0,28.9,9,167.3,16,vip,retain
101211,2023-04-20,beijing,40.0,20.01,6,155.2,323,sleeping,retain
101212,2024-06-12,wuhan,51.0,30.81,11,251.32,23,new,retain
101213,2022-09-26,hangzhou,26.0,18.17,9,,310,active,retain
101214,2022-03-20,hangzhou,,27.56,3,124.82,256,active,risk
101215,2024-03-27,beijing,37.0,16.08,11,92.76,325,sleeping,retain
101216,2023-03-08,hangzhou,32.0,,5,125.6,108,vip,retain
101217,2023-08-06,hangzhou,25.0,12.78,7,39.09,100,vip,retain
101218,2022-10-13,wuhan,39.0,14.29,7,89.79,312,active,risk
101219,2023-12-06,chengdu,45.0,24.39,7,199.26,363,,retain
101220,2023-06-08,beijing,36.0,18.46,6,222.57,102,active,retain
101221,2022-10-02,wuhan,45.0,21.49,5,122.99,345,new,retain
101222,2022-10-15,beijing,39.0,2.0,5,142.23,149,new,retain
101223,2024-02-24,hangzhou,26.0,25.61,4,79.69,291,sleeping,retain
101224,2022-12-23,hangzhou,23.0,2.0,3,90.91,178,,retain
101225,2022-12-08,wuhan,,20.27,5,110.76,220,new,retain
101226,2023-04-01,wuhan,34.0,18.46,5,,291,new,risk
101227,2024-03-09,shanghai,34.0,27.66,6,167.22,318,new,risk
101228,2022-12-29,chengdu,,13.6,7,58.76,190,vip,retain
101229,2022-04-09,beijing,30.0,22.72,8,40.05,36,new,risk
101230,2023-10-10,hangzhou,43.0,17.21,5,246.16,35,,retain
101231,2023-04-29,wuhan,34.0,26.12,3,137.85,295,sleeping,retain
101232,2023-06-19,hangzhou,18.0,,2,133.62,1,active,retain
101233,2022-02-08,shanghai,26.0,7.57,5,93.27,289,new,retain
101234,2023-01-28,shanghai,40.0,19.12,7,45.01,295,active,risk
101235,2022-04-26,wuhan,50.0,24.64,5,85.68,317,active,retain
101236,2024-02-17,beijing,32.0,16.79,8,,266,vip,retain
101237,2023-02-10,shanghai,25.0,29.68,5,123.89,129,sleeping,retain
101238,2024-03-15,hangzhou,44.0,12.36,9,135.32,243,new,retain
101239,2023-03-17,shanghai,43.0,10.86,8,89.98,334,active,retain
101240,2023-02-02,beijing,20.0,27.84,9,183.6,352,,retain
101241,2023-06-01,wuhan,39.0,23.5,10,52.92,99,active,retain
101242,2023-07-05,chengdu,44.0,20.42,7,185.85,104,active,risk
101243,2023-09-11,hangzhou,32.0,19.75,4,221.19,229,active,risk
101244,2023-11-13,hangzhou,28.0,25.84,8,234.73,316,sleeping,retain
101245,2023-09-01,hangzhou,40.0,21.9,6,155.73,152,new,retain
101246,2023-01-13,wuhan,42.0,20.39,5,176.51,270,new,retain
101247,2024-01-29,shanghai,34.0,17.17,6,244.73,125,vip,retain
101248,2024-02-19,wuhan,26.0,28.49,3,136.71,181,sleeping,risk
101249,2022-03-10,beijing,20.0,22.73,8,,113,active,retain
101250,2022-06-29,wuhan,37.0,11.03,8,12.0,225,sleeping,retain
101251,2023-02-12,shanghai,27.0,12.5,9,126.65,115,active,risk
101252,2022-04-30,beijing,29.0,24.56,5,176.23,232,sleeping,retain
101253,2022-10-29,hangzhou,34.0,25.49,7,87.84,29,vip,retain
101254,2022-11-04,shanghai,35.0,19.32,8,,172,active,risk
101255,2023-04-06,chengdu,39.0,20.1,7,178.74,281,new,retain
101256,2022-08-17,beijing,37.0,16.36,9,184.0,305,active,retain
101257,2023-11-20,beijing,44.0,26.25,6,75.16,357,active,risk
101258,2024-01-14,beijing,43.0,18.36,7,96.01,364,new,retain
101259,2022-01-28,hangzhou,41.0,29.44,9,118.57,270,new,retain
101260,2023-07-28,wuhan,48.0,13.4,5,131.87,247,sleeping,retain
101261,2024-05-26,hangzhou,26.0,11.64,7,53.52,61,vip,retain
101262,2022-10-16,chengdu,40.0,34.59,10,165.96,164,sleeping,retain
101263,2022-07-01,wuhan,40.0,28.02,9,193.97,82,new,retain
101264,2022-11-10,chengdu,38.0,25.4,6,182.14,179,active,risk
101265,2024-01-11,hangzhou,43.0,6.65,2,92.45,86,sleeping,risk
101266,2022-01-28,shanghai,,24.28,8,89.29,4,new,risk
101267,2024-01-09,shanghai,34.0,10.76,3,105.69,116,active,retain
101268,2024-02-01,chengdu,36.0,27.13,3,107.93,237,sleeping,retain
101269,2022-09-15,shanghai,25.0,26.98,4,,212,active,retain
101270,2024-04-11,chengdu,,11.4,7,86.8,90,sleeping,retain
101271,2024-06-04,beijing,35.0,22.06,6,135.18,312,sleeping,retain
101272,2023-09-30,shanghai,40.0,27.3,5,288.79,212,sleeping,retain
101273,2023-10-12,beijing,42.0,14.04,8,126.19,326,active,retain
101274,2023-02-12,wuhan,37.0,21.65,4,130.21,152,sleeping,retain
101275,2023-11-04,chengdu,30.0,,11,138.5,0,vip,retain
101276,2023-06-14,wuhan,28.0,13.23,10,214.61,189,,retain
101277,2024-02-02,hangzhou,33.0,13.57,6,126.24,198,sleeping,retain
101278,2022-07-02,chengdu,30.0,12.63,5,159.27,237,new,retain
101279,2023-10-01,beijing,31.0,22.07,11,202.33,84,active,retain
101280,2022-02-05,beijing,38.0,12.66,7,111.19,195,vip,retain
101281,2022-08-01,chengdu,45.0,25.45,8,187.66,6,new,risk
101282,2023-03-10,beijing,26.0,19.18,7,98.61,115,vip,retain
101283,2022-10-03,beijing,25.0,25.18,6,107.31,34,sleeping,retain
101284,2023-03-13,wuhan,30.0,12.65,6,103.54,201,sleeping,retain
101285,2022-06-20,hangzhou,32.0,16.31,7,231.56,123,new,retain
101286,2023-12-18,shanghai,41.0,20.04,12,133.85,93,vip,risk
101287,2022-11-19,chengdu,38.0,32.36,11,13.72,231,sleeping,risk
101288,2022-02-10,wuhan,29.0,11.49,4,42.64,233,active,risk
101289,2024-01-05,wuhan,38.0,21.6,6,159.74,204,new,risk
101290,2022-03-05,hangzhou,38.0,24.7,4,563.94,354,active,retain
101291,2023-11-20,chengdu,41.0,23.97,3,,16,vip,risk
101292,2024-02-18,chengdu,,31.43,8,188.82,246,vip,risk
101293,2024-03-15,wuhan,,12.33,7,77.33,328,sleeping,retain
101294,2023-01-14,hangzhou,30.0,28.45,2,105.76,184,active,risk
101295,2023-07-11,hangzhou,37.0,16.0,9,86.28,233,sleeping,retain
101296,2023-11-05,chengdu,37.0,30.63,5,92.01,203,vip,retain
101297,2022-09-25,shanghai,40.0,15.86,5,44.51,280,sleeping,risk
101298,2024-03-03,wuhan,32.0,28.66,6,81.13,44,new,retain
101299,2022-03-30,hangzhou,,35.79,6,131.6,282,new,retain
101300,2024-01-14,chengdu,26.0,22.92,5,151.09,99,,retain
101301,2022-09-19,beijing,41.0,10.04,6,18.83,110,new,risk
101302,2024-02-27,beijing,52.0,16.53,7,,101,vip,retain
101303,2022-04-16,wuhan,24.0,27.65,5,66.85,213,active,retain
101304,2022-03-11,chengdu,23.0,30.39,4,177.46,100,sleeping,retain
101305,2022-12-27,wuhan,26.0,31.58,4,161.65,187,new,retain
101306,2023-02-12,hangzhou,33.0,32.26,6,223.99,321,new,risk
101307,2022-07-17,hangzhou,42.0,,8,206.84,321,vip,retain
101308,2022-08-01,shanghai,36.0,32.72,5,204.44,267,new,retain
101309,2022-10-09,wuhan,36.0,7.36,7,129.43,147,sleeping,risk
101310,2022-06-08,chengdu,24.0,17.54,4,154.46,262,new,retain
101311,2022-10-02,hangzhou,18.0,9.97,11,,308,active,retain
101312,2023-03-28,chengdu,,2.08,3,125.87,114,vip,retain
101313,2022-02-10,hangzhou,20.0,12.15,9,160.44,99,active,risk
101314,2024-01-09,hangzhou,40.0,27.09,3,126.93,104,,risk
101315,2023-07-29,wuhan,19.0,14.5,6,97.73,216,new,retain
101316,2022-02-19,hangzhou,46.0,15.1,6,158.09,56,active,retain
101317,2023-03-24,hangzhou,41.0,22.57,6,56.73,324,,risk
101318,2024-06-12,hangzhou,31.0,12.73,9,170.95,289,new,risk
101319,2023-08-29,wuhan,39.0,13.3,7,62.55,22,new,retain
101320,2023-04-16,wuhan,33.0,30.95,9,97.93,271,new,risk
101321,2023-01-05,beijing,26.0,31.98,12,133.83,341,new,retain
101322,2023-01-02,beijing,56.0,,7,107.25,154,new,retain
101323,2023-12-08,hangzhou,33.0,5.17,7,129.55,298,new,risk
101324,2023-03-03,shanghai,42.0,20.54,10,178.89,282,sleeping,retain
101325,2022-10-01,chengdu,34.0,24.16,6,92.29,349,active,retain
101326,2023-03-07,wuhan,39.0,13.43,4,217.06,32,sleeping,risk
101327,2023-02-07,wuhan,,26.8,10,212.53,117,new,retain
101328,2024-06-12,hangzhou,31.0,25.6,3,191.57,14,vip,retain
101329,2023-01-21,chengdu,30.0,14.75,7,149.0,182,sleeping,retain
101330,2023-11-22,shanghai,41.0,3.54,4,123.31,182,new,risk
101331,2022-07-27,hangzhou,18.0,,10,,272,new,risk
101332,2024-03-03,hangzhou,40.0,25.03,12,45.38,84,vip,retain
101333,2023-03-14,wuhan,34.0,28.77,6,,173,new,retain
101334,2022-04-15,chengdu,23.0,12.65,4,118.01,261,active,retain
101335,2023-04-16,chengdu,52.0,21.72,8,187.04,218,active,risk
101336,2022-04-09,beijing,38.0,,5,194.68,174,new,risk
101337,2022-02-12,wuhan,21.0,4.67,2,126.47,316,active,risk
101338,2024-06-07,hangzhou,,10.16,5,,33,new,risk
101339,2022-07-27,wuhan,21.0,2.0,2,205.63,2,,retain
101340,2023-03-28,hangzhou,39.0,26.23,8,183.74,177,new,retain
101341,2022-04-21,beijing,,25.46,5,214.37,286,sleeping,retain
101342,2024-02-28,hangzhou,,21.78,7,133.98,108,active,retain
101343,2023-03-08,hangzhou,30.0,20.63,6,,167,sleeping,risk
101344,2024-04-16,shanghai,34.0,29.58,6,126.23,270,vip,retain
101345,2023-08-02,shanghai,33.0,11.95,8,207.52,293,new,risk
101346,2022-11-25,wuhan,43.0,18.39,3,202.21,355,,risk
101347,2024-05-24,beijing,50.0,8.52,15,153.99,8,sleeping,retain
101348,2023-04-22,shanghai,38.0,5.61,9,181.68,258,active,retain
101349,2024-02-08,wuhan,27.0,32.48,8,228.58,46,active,risk
101350,2022-03-23,hangzhou,32.0,17.61,11,42.8,258,new,retain
101351,2023-08-19,hangzhou,44.0,19.79,10,50.1,336,new,retain
101352,2022-12-25,shanghai,35.0,23.37,4,896.805,30,sleeping,retain
101353,2024-03-12,hangzhou,29.0,23.32,5,69.03,128,active,retain
101354,2023-09-15,shanghai,45.0,,6,143.59,132,sleeping,retain
101355,2023-04-23,beijing,24.0,21.47,8,141.66,98,sleeping,risk
101356,2022-12-14,shanghai,36.0,30.38,6,74.04,334,vip,retain
101357,2022-12-02,chengdu,34.0,18.86,12,12.44,216,sleeping,retain
101358,2022-11-05,hangzhou,23.0,14.53,9,192.22,199,sleeping,retain
101359,2022-12-16,hangzhou,29.0,9.11,4,189.18,316,new,retain
101360,2022-05-23,chengdu,21.0,26.77,4,186.47,144,new,risk
101361,2023-07-07,shanghai,65.0,2.0,6,173.27,50,new,retain
101362,2022-06-18,shanghai,49.0,17.13,7,161.38,249,active,retain
101363,2022-06-24,shanghai,43.0,3.55,4,106.01,146,sleeping,risk
101364,2022-11-18,beijing,30.0,31.14,10,237.53,293,vip,retain
101365,2024-05-14,beijing,52.0,14.6,5,172.7,89,active,retain
101366,2023-02-26,hangzhou,25.0,17.82,7,159.78,311,active,retain
101367,2022-05-11,beijing,26.0,16.53,5,140.09,188,vip,risk
101368,2023-09-30,beijing,41.0,24.71,8,143.68,54,new,retain
101369,2023-09-02,wuhan,32.0,16.73,4,185.79,315,active,retain
101370,2023-11-20,wuhan,38.0,14.5,4,88.62,296,,retain
101371,2023-08-09,wuhan,38.0,13.93,6,136.8,8,vip,retain
101372,2022-10-17,beijing,47.0,23.23,6,25.12,76,,retain
101373,2022-11-12,wuhan,26.0,,2,,267,sleeping,risk
101374,2022-10-04,hangzhou,53.0,22.75,9,247.96,99,active,retain
101375,2022-07-15,wuhan,36.0,33.63,8,,261,vip,retain
101376,2022-03-21,hangzhou,26.0,16.33,5,185.56,334,sleeping,retain
101377,2022-11-06,wuhan,39.0,15.04,9,226.76,196,new,retain
101378,2022-04-06,hangzhou,26.0,35.84,7,95.53,43,sleeping,risk
101379,2023-08-21,beijing,32.0,16.78,2,,37,vip,retain
101380,2023-10-08,hangzhou,42.0,,4,76.11,287,sleeping,retain
101381,2023-11-13,hangzhou,30.0,14.71,5,57.44,222,new,retain
101382,2024-02-18,wuhan,24.0,,3,107.96,58,sleeping,retain
101383,2023-03-18,hangzhou,38.0,27.32,5,110.01,209,active,risk
101384,2022-11-21,hangzhou,34.0,20.46,4,65.05,134,sleeping,risk
101385,2022-07-22,shanghai,42.0,17.16,8,160.03,254,new,retain
101386,2023-10-19,hangzhou,,23.4,7,165.99,114,new,retain
101387,2023-03-16,chengdu,48.0,21.35,10,171.94,50,active,retain
101388,2024-04-23,hangzhou,29.0,17.78,7,38.23,345,vip,retain
101389,2024-04-30,hangzhou,32.0,10.1,9,87.71,59,new,retain
101390,2024-03-03,shanghai,29.0,14.6,5,122.17,43,new,retain
101391,2022-07-01,shanghai,39.0,17.91,6,111.91,317,sleeping,retain
101392,2022-12-07,beijing,,12.5,4,90.29,271,vip,retain
101393,2023-03-25,hangzhou,46.0,10.71,7,189.73,101,sleeping,retain
101394,2022-04-13,wuhan,48.0,23.79,7,75.83,356,new,retain
101395,2022-01-29,hangzhou,,8.36,2,158.5,142,new,retain
101396,2023-04-24,shanghai,32.0,19.52,5,112.93,129,,retain
101397,2024-06-01,shanghai,29.0,21.56,5,85.69,71,vip,retain
101398,2022-05-12,wuhan,25.0,8.07,4,264.54,16,new,retain
101399,2024-06-16,wuhan,33.0,28.65,9,141.86,138,active,retain
101400,2022-12-14,shanghai,27.0,25.94,3,92.57,265,,risk
101401,2022-08-30,wuhan,34.0,21.61,4,12.0,289,sleeping,retain
101402,2023-06-26,chengdu,35.0,5.39,5,142.57,270,vip,risk
101403,2022-12-07,hangzhou,23.0,13.52,4,87.97,344,active,retain
101404,2022-02-01,chengdu,31.0,22.57,8,246.65,93,new,retain
101405,2023-03-01,wuhan,22.0,17.09,5,170.34,308,new,risk
101406,2023-11-29,chengdu,22.0,8.85,8,47.75,153,,retain
101407,2023-04-22,wuhan,36.0,18.43,9,88.43,0,new,retain
101408,2022-04-06,chengdu,26.0,30.6,9,158.04,281,active,retain
101409,2022-11-21,shanghai,47.0,3.23,7,150.76,297,new,retain
101410,2024-06-02,shanghai,36.0,6.78,8,180.59,205,,retain
101411,2023-08-28,shanghai,22.0,24.01,6,250.47,81,new,retain
101412,2022-09-16,beijing,39.0,26.46,6,65.08,23,active,retain
101413,2022-03-18,beijing,31.0,13.39,9,93.58,126,active,retain
101414,2022-02-16,wuhan,44.0,9.91,6,234.57,29,new,retain
101415,2023-05-17,shanghai,36.0,31.64,4,108.83,355,vip,retain
101416,2022-12-11,chengdu,45.0,21.97,6,226.7,75,vip,retain
101417,2022-03-15,shanghai,45.0,24.92,7,114.28,73,active,retain
101418,2024-01-28,wuhan,,8.46,6,118.04,221,new,retain
101419,2022-11-24,shanghai,23.0,20.3,7,260.71,119,active,risk
101420,2022-06-04,shanghai,19.0,18.93,4,107.42,252,new,retain
101421,2023-11-16,hangzhou,41.0,21.2,5,232.95,291,sleeping,retain
101422,2022-07-17,hangzhou,36.0,20.35,5,151.91,344,active,retain
101423,2023-04-30,wuhan,33.0,23.74,2,138.67,240,new,retain
101424,2022-01-28,chengdu,,28.2,4,159.34,98,vip,risk
101425,2022-02-16,chengdu,31.0,12.47,4,113.33,104,new,retain
101426,2023-07-22,beijing,40.0,14.1,8,95.29,283,active,risk
101427,2022-10-16,chengdu,34.0,13.54,7,160.15,190,sleeping,retain
101428,2023-02-15,hangzhou,34.0,21.12,10,185.82,332,active,retain
101429,2023-09-15,hangzhou,,20.43,6,,115,vip,risk
101430,2022-07-15,wuhan,42.0,13.92,3,170.45,61,active,risk
101431,2022-08-18,shanghai,42.0,20.24,7,121.39,304,,retain
101432,2022-01-14,wuhan,41.0,15.97,7,109.78,33,vip,risk
101433,2022-05-05,shanghai,,,5,142.91,17,vip,retain
101434,2022-10-15,wuhan,26.0,21.5,7,165.45,85,vip,risk
101435,2023-04-24,shanghai,29.0,2.0,4,167.13,310,vip,retain
101436,2023-03-30,chengdu,34.0,,5,107.99,173,,retain
101437,2023-09-27,shanghai,44.0,12.72,5,145.64,296,,retain
101438,2024-01-27,shanghai,18.0,11.36,8,128.57,40,new,retain
101439,2023-06-23,wuhan,26.0,3.09,11,139.42,49,active,risk
101440,2022-01-28,chengdu,35.0,22.11,6,55.99,75,,risk
101441,2023-12-20,shanghai,35.0,15.02,10,140.83,50,sleeping,retain
101442,2022-02-23,beijing,54.0,10.12,5,47.62,222,vip,risk
101443,2023-04-13,shanghai,40.0,22.27,10,219.34,9,new,risk
101444,2023-06-01,shanghai,43.0,22.85,6,168.38,197,sleeping,retain
101445,2023-11-05,shanghai,38.0,24.62,8,184.38,154,active,retain
101446,2024-02-17,beijing,38.0,28.15,8,109.75,141,new,risk
101447,2023-07-06,wuhan,25.0,16.12,8,80.38,101,vip,retain
101448,2023-12-07,shanghai,31.0,20.48,5,141.4,345,sleeping,retain
101449,2022-11-27,beijing,,24.65,7,75.87,285,new,retain
101450,2022-09-19,beijing,28.0,29.53,8,197.53,337,new,retain
101451,2022-03-02,beijing,23.0,25.28,6,258.49,36,active,risk
101452,2023-05-17,hangzhou,48.0,16.76,9,269.5,3,sleeping,retain
101453,2022-05-06,beijing,36.0,7.39,8,113.93,75,sleeping,risk
101454,2022-12-01,wuhan,40.0,22.77,5,140.52,3,active,retain
101455,2022-05-03,beijing,45.0,28.21,4,12.0,85,new,retain
101456,2022-06-18,chengdu,42.0,42.17,6,59.62,285,active,retain
101457,2022-03-28,beijing,33.0,,8,122.46,91,active,retain
101458,2022-05-01,wuhan,42.0,,8,137.12,163,new,retain
101459,2022-02-14,beijing,25.0,28.6,3,157.54,148,new,retain
101460,2022-10-03,beijing,18.0,20.62,6,160.3,144,,retain
101461,2023-11-04,hangzhou,29.0,15.39,10,205.48,93,vip,risk
101462,2023-02-23,shanghai,38.0,6.8,7,200.97,349,,risk
101463,2022-09-19,chengdu,48.0,33.99,6,162.66,105,active,risk
101464,2023-07-30,shanghai,43.0,26.17,7,182.47,204,vip,retain
101465,2023-11-11,shanghai,37.0,13.53,7,,294,new,retain
101466,2022-12-28,beijing,24.0,23.04,10,103.52,128,active,retain
101467,2023-07-25,wuhan,35.0,14.97,7,,103,vip,retain
101468,2022-11-03,shanghai,28.0,9.68,6,127.55,71,vip,retain
101469,2023-04-02,chengdu,37.0,27.11,1,192.86,121,active,retain
101470,2023-06-22,shanghai,30.0,,3,192.87,178,,risk
101471,2022-11-02,beijing,42.0,19.78,7,217.99,152,active,retain
101472,2022-03-03,shanghai,46.0,27.58,7,243.0,222,new,risk
101473,2022-08-01,wuhan,33.0,12.58,10,142.36,8,sleeping,retain
101474,2022-07-03,shanghai,35.0,11.43,5,,29,new,retain
101475,2023-02-07,beijing,32.0,22.55,8,194.25,87,vip,retain
101476,2024-03-07,hangzhou,39.0,14.41,3,182.85,303,vip,risk
101477,2024-04-28,chengdu,40.0,23.03,5,,145,vip,retain
101478,2023-08-03,chengdu,30.0,5.41,5,92.45,125,,risk
101479,2023-04-29,hangzhou,34.0,20.71,9,125.23,167,new,retain
101480,2023-03-10,wuhan,28.0,28.73,7,,3,active,risk
101481,2024-03-25,hangzhou,34.0,12.02,7,170.52,44,active,risk
101482,2022-11-27,chengdu,31.0,20.95,6,107.1,249,active,retain
101483,2024-04-17,hangzhou,,20.53,7,181.87,20,vip,risk
101484,2023-08-24,shanghai,35.0,33.5,3,132.09,61,vip,retain
101485,2023-01-25,chengdu,40.0,12.52,2,158.13,20,active,retain
101486,2022-08-20,hangzhou,39.0,18.78,1,117.3,302,new,retain
101487,2022-01-18,beijing,35.0,16.02,3,168.99,278,new,retain
101488,2022-11-19,beijing,33.0,11.01,7,140.52,184,active,retain
101489,2023-10-15,hangzhou,20.0,34.06,6,323.45,33,vip,risk
101490,2023-03-06,wuhan,55.0,22.49,3,124.62,260,new,risk
101491,2022-09-12,shanghai,30.0,16.09,6,107.8,327,new,risk
101492,2023-09-10,shanghai,29.0,22.31,4,76.1,155,active,risk
101493,2022-10-23,shanghai,37.0,13.7,6,166.34,265,sleeping,risk
101494,2023-09-29,beijing,,13.55,5,12.0,331,new,retain
101495,2023-06-23,beijing,38.0,20.0,3,95.33,322,vip,risk
101496,2023-05-03,beijing,,9.32,7,103.22,271,vip,retain
101497,2023-05-07,hangzhou,30.0,12.76,7,140.42,78,vip,risk
101498,2024-06-06,shanghai,49.0,25.18,5,120.54,190,active,risk
101499,2023-01-07,wuhan,30.0,30.46,5,,236,vip,retain
101500,2022-04-26,shanghai,44.0,16.87,2,139.8,68,sleeping,retain
