tv_spend_k,search_spend_k,social_spend_k,email_spend_k,discount_rate,season_index,sales_leads,revenue_k
22.19,24.44,15.64,4.52,0.151,1.117,589.5,704.82
5.03,27.25,9.08,10.77,0.021,1.044,489.5,645.51
13.06,8.74,15.84,5.71,0.076,0.791,429.8,499.82
48.29,16.73,10.88,4.02,0.08,0.902,577.3,725.28
56.02,18.35,7.99,2.65,0.117,0.934,590.4,717.61
31.75,18.25,9.11,3.34,0.06,0.867,524.2,624.34
20.06,18.07,9.96,4.68,0.047,1.113,487.8,618.55
43.22,17.65,1.82,2.45,0.15,0.91,526.5,664.46
41.04,24.88,3.53,1.5,0.12,1.034,606.8,744.1
23.44,14.41,2.35,1.36,0.079,0.915,414.2,527.87
31.81,6.28,10.03,5.17,0.174,1.124,488.7,617.51
44.19,10.19,11.16,4.44,0.153,0.837,543.2,701.09
30.54,9.68,0.0,2.81,0.124,1.148,446.8,600.39
22.17,23.24,10.72,4.5,0.116,1.084,519.3,643.82
35.17,13.65,8.76,1.93,0.045,1.113,501.8,572.63
37.51,14.48,5.76,3.81,0.147,1.035,518.8,641.04
36.99,17.23,11.16,4.87,0.133,0.767,545.6,707.56
29.63,7.92,7.83,2.0,0.108,0.811,460.4,536.08
16.33,9.4,14.99,4.91,0.041,1.34,493.3,627.38
22.58,22.96,3.98,4.56,0.023,0.697,479.1,553.39
23.19,10.21,15.52,7.19,0.079,0.6,483.2,626.98
33.1,23.52,6.56,2.9,0.157,1.057,557.8,721.59
22.89,5.3,7.01,2.67,0.14,1.064,398.4,524.22
30.95,17.72,12.85,3.51,0.08,0.823,506.2,631.21
30.85,14.26,8.85,6.07,0.148,1.152,512.5,674.2
1.05,11.49,9.01,8.29,0.157,1.235,408.6,544.38
28.49,9.18,14.18,7.02,0.073,0.837,522.1,650.57
41.6,11.76,9.76,5.62,0.179,1.15,587.0,749.21
30.32,21.04,10.55,7.21,0.095,0.883,537.7,696.69
58.95,18.91,6.81,1.32,0.146,1.272,624.5,784.63
33.05,12.51,1.59,2.46,0.037,0.798,427.9,588.33
19.35,7.41,0.0,6.36,0.127,0.798,331.1,471.21
29.84,8.72,8.92,5.55,0.066,1.332,490.1,660.86
28.87,15.54,8.83,5.46,0.108,1.148,509.6,682.77
30.91,14.94,8.54,5.27,0.183,0.983,510.5,669.73
23.09,24.12,12.73,4.95,0.008,1.111,578.5,687.93
32.13,15.29,11.98,5.0,0.02,1.317,543.8,718.88
23.52,18.71,11.36,4.89,0.032,1.026,547.8,612.56
31.5,23.68,4.24,0.0,0.002,0.872,526.0,625.24
29.67,14.78,11.16,3.85,0.085,1.16,554.0,717.66
8.78,10.32,8.21,2.53,0.08,0.797,385.9,477.64
20.0,12.22,6.41,4.44,0.067,0.814,423.6,552.27
13.92,12.64,9.57,1.04,0.107,1.002,466.6,593.35
36.47,18.59,8.39,3.6,0.071,1.066,558.4,707.63
16.69,20.01,7.85,6.08,0.008,0.908,433.8,535.89
29.16,21.17,12.71,8.44,0.131,1.028,585.7,705.89
15.27,9.27,11.7,5.95,0.145,1.017,426.0,538.1
32.79,14.51,5.99,1.08,0.042,0.99,460.5,622.1
30.65,10.47,2.07,3.37,0.118,0.938,452.5,564.18
3.29,7.07,11.33,2.57,0.089,0.944,387.9,472.5
10.22,30.28,1.09,6.35,0.138,0.999,438.8,554.2
31.33,18.97,9.84,5.66,0.044,1.013,533.4,627.51
36.35,15.65,3.71,6.1,0.167,1.095,488.3,638.89
5.74,13.83,15.66,3.07,0.048,1.017,438.4,557.71
22.85,12.95,15.22,3.6,0.009,1.29,497.7,620.51
36.42,16.09,0.0,1.08,0.152,1.022,458.9,608.51
28.55,1.64,11.44,6.13,0.071,1.082,448.8,577.76
31.1,10.9,11.73,7.95,0.119,1.149,546.3,706.7
23.64,20.75,13.8,8.36,0.223,1.157,574.2,742.96
16.57,25.23,10.78,5.29,0.035,1.214,512.0,661.73
11.91,5.37,7.22,5.6,0.068,1.005,390.1,483.82
33.93,9.21,8.29,4.09,0.09,0.902,471.4,581.3
29.09,20.85,7.99,4.17,0.121,0.83,521.0,644.04
30.6,9.91,9.72,0.0,0.011,0.849,458.8,581.0
20.55,15.35,10.36,5.35,0.113,1.148,502.3,584.56
23.95,15.46,13.86,5.47,0.129,1.186,555.5,696.3
13.11,7.13,1.47,6.34,0.083,1.019,349.3,473.75
16.14,15.78,13.01,2.02,0.115,1.073,521.9,625.75
32.13,16.76,3.17,8.42,0.081,1.119,506.2,621.95
21.57,20.45,12.43,1.13,0.171,1.126,536.6,674.58
24.7,17.87,10.68,4.15,0.149,1.104,564.9,649.12
28.94,8.97,3.95,5.05,0.054,0.73,406.1,560.37
18.74,5.16,8.58,4.98,0.108,1.223,435.5,546.19
29.72,8.13,13.47,4.97,0.132,0.6,498.6,548.4
36.74,12.96,10.09,1.51,0.019,0.746,507.7,561.98
18.48,17.26,2.95,1.96,0.002,1.208,424.5,517.45
33.26,3.69,6.56,3.01,0.118,0.917,462.0,577.01
42.95,24.26,2.07,4.37,0.071,1.068,539.9,701.56
10.03,17.85,11.58,1.96,0.101,1.079,455.8,600.86
38.88,16.06,11.13,6.33,0.089,0.951,568.0,682.6
22.97,21.48,9.45,4.59,0.086,1.015,538.8,650.56
15.28,10.14,8.22,6.83,0.164,1.058,430.6,571.27
17.35,12.32,7.03,3.41,0.133,0.865,399.6,512.79
18.98,18.02,0.0,7.55,0.125,0.83,454.1,526.68
25.62,20.24,12.67,2.97,0.176,1.084,552.0,704.96
19.45,10.85,9.35,6.19,0.086,0.867,434.5,534.9
26.53,12.9,12.98,6.34,0.116,1.109,563.0,681.73
40.95,10.76,2.93,4.55,0.15,0.887,467.9,639.21
30.23,12.62,3.91,1.67,0.097,1.129,469.1,576.75
35.76,14.86,5.11,3.89,0.084,0.834,494.8,640.7
37.96,16.0,12.07,6.68,0.122,0.942,572.2,745.35
23.99,16.68,12.8,3.63,0.165,1.165,555.8,699.18
24.7,11.65,16.4,2.9,0.141,0.835,507.0,636.17
20.23,9.33,9.99,6.99,0.034,0.881,460.2,580.52
30.26,12.78,7.81,0.0,0.067,0.773,487.0,540.0
14.23,17.24,15.43,3.74,0.109,0.986,506.2,659.64
46.16,23.72,8.33,5.81,0.101,1.096,635.5,807.04
16.34,22.8,11.55,1.51,0.127,1.13,482.0,611.03
33.28,13.53,4.19,6.54,0.091,1.078,448.9,567.74
7.73,24.5,16.57,6.52,0.062,1.073,522.4,683.76
49.93,12.22,5.82,3.1,0.038,1.054,535.6,607.46
28.77,13.66,10.36,5.31,0.056,0.753,531.7,670.53
21.18,5.95,7.62,6.76,0.111,1.082,437.5,520.65
46.44,11.85,7.59,6.52,0.054,0.944,544.1,690.44
30.63,9.7,12.59,5.62,0.134,1.087,541.2,717.03
30.17,19.42,10.61,1.4,0.089,0.906,517.4,647.55
0.0,20.65,22.86,0.0,0.136,0.983,494.8,616.22
24.37,24.96,9.59,6.5,0.133,1.13,550.3,704.39
37.79,10.32,0.0,1.7,0.191,1.067,451.7,573.86
43.23,13.98,8.99,7.95,0.138,0.725,548.2,657.95
31.1,11.43,4.19,6.0,0.075,1.111,452.3,561.7
20.33,19.53,13.56,8.27,0.175,0.82,548.3,663.89
13.35,7.58,8.33,0.0,0.18,0.999,429.4,559.87
28.72,10.9,2.47,6.58,0.15,0.805,443.7,577.6
16.54,18.18,7.94,3.53,0.227,1.335,516.9,633.53
32.08,8.91,8.7,4.37,0.057,1.011,492.4,612.93
52.31,19.54,2.04,3.83,0.059,0.985,567.6,712.01
30.94,14.22,7.05,3.39,0.1,0.926,480.1,579.28
27.3,11.59,9.04,8.66,0.215,0.801,487.1,648.24
36.46,8.73,13.99,4.77,0.145,0.929,556.0,688.9
30.74,22.24,1.53,2.12,0.105,0.713,489.2,666.19
38.27,12.73,9.85,2.87,0.194,0.903,526.3,665.76
35.53,20.25,15.1,5.87,0.122,0.879,616.0,717.86
25.87,10.96,10.85,3.87,0.159,1.146,512.8,625.33
28.92,13.78,3.38,3.86,0.101,0.984,498.2,628.32
29.37,12.79,0.93,4.99,0.192,0.904,442.9,578.45
30.88,11.82,12.92,8.64,0.161,0.778,544.9,642.71
54.29,8.71,5.91,7.17,0.078,0.836,545.0,740.15
29.72,22.62,8.5,1.19,0.086,1.121,539.4,687.42
16.42,5.78,16.9,5.43,0.151,1.16,454.6,623.43
35.52,3.15,11.28,5.01,0.066,1.195,462.3,604.97
33.12,19.41,7.31,3.67,0.081,0.871,535.6,644.57
48.63,15.43,15.86,2.81,0.185,1.072,627.9,773.09
23.47,9.44,12.94,7.31,0.162,0.811,476.0,616.13
29.24,18.45,9.58,4.22,0.152,1.042,522.7,670.49
14.96,9.15,7.63,3.83,0.071,1.127,430.5,582.78
28.56,26.72,6.58,5.23,0.04,1.012,554.2,713.71
36.3,7.78,10.34,4.32,0.063,0.896,505.9,547.03
23.23,14.6,19.68,1.71,0.149,0.994,559.3,664.9
26.48,9.55,12.54,3.15,0.137,1.167,499.7,620.73
28.88,27.11,8.48,4.36,0.088,0.969,560.9,695.3
12.75,17.16,12.17,2.79,0.108,1.076,480.6,597.85
26.88,8.06,9.71,1.01,0.07,1.023,442.9,587.18
43.05,16.39,3.79,5.04,0.04,1.103,522.2,697.56
18.69,6.48,4.95,1.85,0.059,0.757,391.3,432.74
18.24,25.29,6.56,2.06,0.129,1.166,520.5,626.81
33.65,22.48,8.58,3.29,0.202,1.017,587.3,781.95
26.52,20.08,0.56,7.55,0.07,1.157,485.1,659.18
35.99,22.81,7.01,6.36,0.101,0.739,533.9,659.74
22.49,11.13,16.91,0.0,0.2,1.015,493.2,718.73
18.63,9.72,10.84,6.6,0.24,0.951,468.8,597.38
18.81,18.61,8.01,6.89,0.071,1.072,496.0,591.5
5.74,6.71,2.01,6.06,0.062,1.083,345.7,441.39
32.83,17.5,18.22,8.38,0.136,1.169,633.4,788.54
32.39,12.53,7.66,2.95,0.12,0.993,505.6,694.55
37.51,10.19,10.97,3.39,0.14,1.065,494.8,680.29
36.25,13.56,8.29,3.54,0.123,1.351,567.6,709.83
37.37,25.81,3.52,5.56,0.078,1.058,566.2,700.05
13.75,13.98,13.6,3.45,0.119,0.936,484.2,647.43
22.22,8.87,11.81,2.42,0.141,0.641,452.6,558.49
17.99,20.52,9.03,2.96,0.184,1.092,528.5,651.96
19.49,13.01,10.58,1.1,0.153,0.861,510.0,598.18
31.62,23.02,11.99,2.82,0.109,0.991,595.4,685.37
29.89,14.21,11.87,3.85,0.173,0.682,513.2,611.89
37.0,14.53,11.16,4.88,0.056,1.049,570.7,646.39
26.76,16.11,11.0,1.18,0.111,1.101,502.9,665.1
30.5,9.79,7.48,2.45,0.135,0.936,451.1,622.45
38.17,16.13,11.4,4.36,0.12,1.099,560.3,718.23
3.12,15.94,14.48,4.91,0.007,1.134,467.6,586.37
30.49,18.71,2.36,4.1,0.07,0.971,503.1,645.78
19.91,18.47,8.18,2.89,0.0,0.918,459.2,553.24
38.02,13.41,6.61,3.65,0.123,1.019,499.0,655.4
15.63,13.42,8.27,5.51,0.182,0.827,440.5,531.95
6.86,12.0,8.85,4.33,0.105,0.6,377.4,479.56
16.2,14.15,6.39,5.65,0.058,1.047,429.9,534.8
19.59,12.26,1.65,5.43,0.029,1.088,428.3,551.6
16.1,20.45,7.95,3.13,0.145,1.138,474.3,603.09
5.25,15.41,10.0,1.42,0.068,1.234,440.8,528.38
33.14,20.09,5.87,0.0,0.093,0.98,538.1,696.46
31.77,17.0,8.42,6.02,0.017,1.143,540.2,640.1
28.57,27.68,6.77,4.24,0.149,1.108,537.1,686.66
13.75,23.64,6.96,5.51,0.147,1.049,489.3,642.1
48.39,14.72,10.35,4.66,0.127,1.008,601.7,763.01
29.27,11.85,0.56,1.68,0.116,1.083,445.5,621.18
19.42,14.21,13.2,4.58,0.099,1.125,483.5,627.37
24.85,36.44,12.62,7.74,0.133,0.922,645.9,807.51
18.3,21.94,14.89,4.44,0.075,1.191,554.9,700.67
8.21,8.26,17.49,5.23,0.132,0.846,453.3,558.36
29.51,17.66,8.05,3.79,0.158,0.904,548.7,689.0
30.16,10.86,5.98,6.09,0.078,1.064,487.4,597.9
24.94,21.82,6.16,3.35,0.109,1.053,500.6,618.64
17.47,4.86,9.81,4.58,0.185,0.925,419.2,561.97
25.53,11.92,5.68,4.45,0.104,1.035,450.8,580.88
4.28,10.93,7.05,5.62,0.078,0.963,359.3,475.27
27.56,13.26,7.25,3.1,0.158,0.822,433.2,590.52
14.73,15.71,6.32,2.43,0.117,0.684,386.3,510.92
27.71,22.02,9.69,2.49,0.109,1.107,579.8,681.29
9.91,18.49,9.52,6.21,0.015,0.951,445.2,531.53
28.94,10.85,6.77,2.21,0.086,1.1,483.4,628.52
31.23,15.78,5.11,3.46,0.062,0.797,497.4,582.77
29.11,13.56,13.16,7.2,0.086,1.252,557.1,677.76
36.16,12.91,17.45,7.15,0.071,0.991,602.5,727.64
22.45,18.03,14.72,3.62,0.138,1.036,536.1,644.04
30.17,23.44,16.12,1.25,0.052,0.844,587.0,720.25
22.45,14.3,18.18,4.81,0.122,0.79,566.4,667.46
3.04,14.75,16.2,2.0,0.142,1.011,449.5,564.12
64.8,15.01,8.24,0.72,0.173,0.83,635.3,743.3
24.09,11.93,14.21,7.07,0.042,0.692,457.4,588.12
27.22,10.05,10.11,1.99,0.102,0.954,459.0,615.47
16.77,22.37,13.51,2.74,0.15,1.173,546.1,685.44
12.78,7.97,10.74,2.19,0.131,1.321,401.5,554.35
2.61,13.15,7.4,1.8,0.038,0.87,355.1,452.55
48.04,14.26,9.04,3.18,0.136,0.999,554.2,714.31
11.22,17.16,15.19,1.73,0.131,1.111,487.6,620.84
22.6,11.2,10.23,5.15,0.08,1.067,443.6,560.56
19.72,10.9,17.45,1.98,0.168,0.966,523.5,684.08
28.67,17.07,6.99,3.01,0.029,1.15,525.4,639.7
21.96,17.75,6.82,2.57,0.044,1.022,472.2,572.75
16.18,12.18,9.95,3.39,0.01,1.179,458.3,600.68
20.06,22.33,11.98,2.24,0.158,0.997,549.6,653.69
18.83,9.89,6.44,0.53,0.168,0.795,384.0,529.04
20.77,18.33,5.98,5.9,0.122,1.162,503.8,646.22
26.02,8.66,5.23,6.31,0.018,0.822,433.2,550.72
37.51,3.14,4.15,1.19,0.145,0.818,396.5,531.04
47.63,27.57,5.46,6.51,0.056,1.253,640.3,729.94
27.87,8.24,10.52,4.21,0.12,0.806,459.5,576.89
23.63,12.59,9.15,0.0,0.083,0.978,489.7,566.36
33.87,16.53,8.39,6.05,0.158,0.989,536.8,642.21
33.62,12.55,1.78,4.42,0.125,1.142,451.0,587.98
12.4,24.69,6.03,6.44,0.086,0.783,489.1,607.12
27.27,14.65,19.75,3.53,0.116,1.054,563.1,711.98
9.24,15.8,8.12,1.69,0.171,0.831,436.9,531.13
2.6,9.35,13.99,0.71,0.104,1.053,420.0,492.68
38.27,22.23,6.25,0.0,0.167,0.926,570.9,662.3
14.22,16.15,5.58,5.56,0.102,0.981,432.8,530.91
38.27,18.48,9.9,2.52,0.125,0.935,553.7,674.51
12.7,12.98,3.53,2.21,0.056,1.061,393.5,473.87
33.21,15.94,11.73,6.53,0.149,1.163,560.1,750.7
27.99,18.99,13.77,5.15,0.01,1.017,558.8,656.72
23.71,27.31,12.8,6.12,0.058,0.876,572.6,725.94
21.61,13.57,9.6,4.56,0.093,1.099,474.5,601.3
10.23,13.39,12.63,7.87,0.029,1.028,482.2,549.17
28.99,3.46,11.76,5.38,0.194,0.973,484.3,567.0
15.22,6.43,7.0,5.09,0.192,1.022,400.9,479.95
8.05,7.63,7.32,3.1,0.206,1.095,383.6,517.73
28.36,19.23,13.36,2.69,0.082,1.034,530.2,701.79
17.23,16.93,14.29,4.88,0.115,1.043,543.9,637.29
0.0,10.99,11.62,9.28,0.065,0.931,403.5,421.63
21.86,14.44,9.77,4.77,0.025,1.258,491.4,608.88
26.33,21.29,0.0,4.2,0.078,1.234,470.7,580.65
24.33,11.55,11.62,8.88,0.136,0.87,470.7,555.46
18.68,22.33,5.62,7.19,0.175,0.869,483.3,680.01
38.92,8.09,6.98,5.95,0.033,0.81,496.8,570.31
15.55,23.49,8.07,4.18,0.188,1.212,494.0,685.27
46.48,13.53,7.53,2.37,0.131,0.999,534.5,696.53
52.04,16.49,3.27,5.2,0.029,1.102,561.8,758.58
0.0,8.08,7.11,7.31,0.168,0.741,389.5,436.61
23.14,20.96,16.13,5.4,0.115,0.83,568.5,671.99
27.31,9.47,15.67,2.82,0.079,1.074,503.5,681.75
28.59,11.71,7.41,4.28,0.048,1.121,473.2,622.04
38.24,15.69,9.01,7.94,0.179,0.771,527.6,678.62
26.88,13.34,11.11,3.7,0.154,0.713,486.3,619.69
40.78,15.29,10.43,5.18,0.151,0.739,618.9,694.77
0.0,9.37,11.0,4.37,0.065,1.288,422.1,549.88
15.31,15.13,12.6,3.22,0.05,1.052,505.8,578.12
25.33,20.61,15.6,3.44,0.09,1.115,596.5,750.94
11.2,19.85,9.39,5.06,0.17,0.888,492.6,561.5
15.12,16.59,8.01,6.76,0.087,0.809,440.6,561.14
9.42,12.51,2.93,6.22,0.154,1.119,378.3,542.68
32.83,15.37,5.67,3.42,0.173,1.172,515.3,621.31
9.17,14.21,11.92,5.17,0.095,1.004,467.3,523.32
19.67,12.79,5.32,5.85,0.11,1.04,457.3,582.3
13.49,11.24,9.98,3.4,0.102,0.967,447.1,563.32
30.42,8.44,11.58,2.79,0.142,0.96,499.7,600.93
47.74,13.78,6.55,5.42,0.075,0.937,554.6,669.85
21.47,8.89,9.82,0.72,0.103,1.069,481.0,562.61
28.59,17.26,4.37,4.65,0.105,1.322,508.8,662.93
17.84,14.37,3.98,7.1,0.095,0.895,409.7,514.55
35.88,11.65,5.08,8.02,0.137,1.238,529.5,698.31
11.59,19.86,3.51,1.63,0.044,1.084,446.7,584.25
5.64,25.39,1.21,3.58,0.11,1.145,398.9,580.41
1.75,19.99,8.14,2.36,0.071,0.951,412.3,562.32
30.37,2.54,8.4,1.41,0.063,1.063,428.9,554.41
16.46,7.65,13.92,4.47,0.104,0.833,436.7,559.13
24.68,15.98,11.38,6.38,0.129,0.785,524.1,686.17
22.54,11.55,10.54,5.59,0.125,1.233,475.7,597.66
20.95,17.25,10.53,4.03,0.093,0.983,458.3,626.75
27.6,24.46,13.0,3.16,0.0,0.976,570.5,727.66
8.18,7.44,15.3,3.09,0.121,0.95,434.2,524.21
39.79,17.61,12.38,3.1,0.067,1.203,555.9,727.04
3.83,20.47,3.86,10.29,0.116,1.134,438.3,601.34
41.08,10.5,9.06,3.13,0.184,1.013,538.9,710.5
21.63,9.47,2.41,5.34,0.07,1.001,418.3,534.51
27.6,16.51,10.24,1.53,0.147,0.908,504.7,625.37
32.24,7.8,11.16,1.61,0.117,0.906,471.5,631.88
31.14,14.29,13.35,3.33,0.06,0.996,517.2,701.47
37.93,13.89,8.15,6.75,0.197,0.84,548.2,701.79
22.58,16.17,6.39,5.59,0.115,1.112,512.8,633.02
34.72,12.27,5.88,2.41,0.138,0.846,487.3,607.06
26.04,6.65,7.9,5.62,0.084,0.969,451.0,554.99
24.92,22.21,15.1,4.41,0.089,0.753,579.7,686.4
27.13,13.18,15.62,5.38,0.143,1.036,524.4,591.28
16.66,9.49,1.73,2.32,0.082,1.006,376.7,477.95
16.86,17.85,8.7,3.36,0.085,1.122,487.3,598.02
20.35,12.69,9.04,3.07,0.1,0.6,416.7,571.97
23.55,22.82,10.87,0.75,0.019,1.042,532.7,641.74
22.13,30.27,11.64,7.17,0.128,1.443,605.6,787.95
7.82,9.46,9.65,11.25,0.11,0.932,420.8,500.99
23.46,26.34,20.79,4.93,0.0,1.485,633.4,774.69
8.45,19.46,7.52,3.52,0.124,0.644,423.4,573.7
20.03,14.98,6.33,4.68,0.122,1.173,464.4,584.55
33.63,15.63,7.19,4.99,0.044,0.754,528.0,630.65
61.17,0.0,10.0,3.32,0.055,1.186,547.0,672.43
42.49,15.98,12.56,3.62,0.19,1.093,595.9,760.59
10.31,21.69,7.77,5.97,0.118,0.936,497.0,592.7
41.07,21.23,8.7,8.07,0.012,0.873,563.6,743.68
48.79,1.45,6.58,2.85,0.033,1.068,475.1,627.28
24.16,16.14,13.17,0.81,0.076,0.847,496.1,614.77
36.73,14.45,12.83,6.76,0.042,0.965,556.9,719.99
18.52,10.41,8.67,5.37,0.104,1.1,432.9,580.06
22.61,20.35,21.41,4.46,0.101,0.855,624.4,746.74
16.32,12.61,7.38,2.3,0.13,0.971,417.5,574.69
38.74,15.42,6.75,5.92,0.06,0.867,536.5,649.99
14.78,16.07,12.9,0.88,0.056,1.067,485.4,609.97
19.45,16.57,8.91,6.02,0.003,1.112,498.7,625.81
15.42,10.09,0.95,6.03,0.184,0.751,383.0,529.57
35.45,13.67,7.37,4.1,0.053,0.6,491.9,594.93
24.92,9.33,12.86,8.02,0.092,1.077,505.6,596.17
11.44,16.29,4.43,6.5,0.01,0.729,374.5,465.04
22.49,8.31,7.97,2.83,0.028,0.811,413.8,541.41
24.93,10.65,5.72,6.49,0.104,0.894,440.0,525.51
29.54,14.07,7.22,3.48,0.01,0.791,441.8,602.82
37.79,9.86,7.78,4.98,0.116,1.156,493.6,633.65
37.29,16.35,8.17,4.86,0.054,1.162,573.9,709.4
30.4,15.74,15.62,3.28,0.114,1.209,568.1,654.13
19.62,11.86,10.0,4.65,0.142,1.304,461.7,656.28
20.38,20.73,3.62,4.15,0.158,0.768,478.9,594.88
35.7,22.19,12.93,3.69,0.128,0.959,603.5,787.96
16.24,12.69,8.15,4.77,0.077,0.905,463.3,528.69
26.97,8.29,12.94,1.82,0.021,1.129,505.2,633.24
11.85,11.89,9.01,2.18,0.088,1.078,401.3,521.98
27.9,14.13,8.52,3.52,0.128,0.769,478.9,615.76
15.92,23.21,5.12,9.38,0.057,0.912,487.5,601.77
32.4,16.68,16.21,4.39,0.099,1.17,586.2,699.51
9.33,6.81,7.98,5.58,0.131,0.919,375.4,497.41
36.13,23.99,8.1,5.88,0.115,1.273,641.3,800.06
13.8,17.5,6.62,4.38,0.079,0.803,454.8,574.2
19.69,17.76,7.77,2.32,0.103,0.872,465.2,555.64
39.28,20.53,5.19,2.25,0.182,1.234,548.4,731.46
1.51,18.66,14.81,2.77,0.113,0.894,457.7,586.39
49.73,9.2,6.35,4.22,0.057,0.817,507.9,592.39
33.2,20.42,3.46,5.58,0.053,1.122,503.2,677.67
22.97,18.74,13.43,2.8,0.043,1.346,540.7,671.25
13.01,18.48,5.12,2.34,0.133,1.189,464.1,607.33
14.29,11.8,3.92,4.45,0.079,1.088,425.9,486.09
40.02,22.07,20.97,5.4,0.15,0.946,643.9,766.32
29.22,17.66,9.22,2.6,0.069,0.961,499.6,604.23
18.24,23.7,4.38,3.58,0.118,0.864,490.2,655.41
37.8,19.26,18.82,6.71,0.097,0.784,658.5,746.98
3.88,11.27,15.53,2.72,0.178,0.755,445.0,528.22
29.28,15.01,8.33,5.32,0.118,1.008,495.3,643.36
28.55,16.29,11.54,5.21,0.088,1.084,524.5,643.05
18.62,13.42,9.34,1.41,0.104,0.899,446.1,492.05
20.6,4.4,6.08,5.78,0.137,0.828,412.9,501.67
34.95,16.96,9.13,4.03,0.151,1.325,572.0,708.47
35.07,14.16,11.13,4.93,0.144,1.202,569.1,741.5
37.9,13.71,6.84,4.84,0.008,0.855,514.2,632.4
32.24,2.08,6.9,8.25,0.094,0.914,440.7,600.4
12.19,22.17,15.28,7.95,0.151,0.798,541.3,691.2
32.46,11.74,9.03,3.33,0.055,1.096,515.0,588.11
26.26,18.06,7.46,6.81,0.186,1.16,548.6,690.33
51.53,19.61,15.52,2.75,0.138,0.96,688.1,785.51
16.17,23.73,9.25,4.85,0.121,1.096,516.9,687.2
39.61,8.73,5.39,4.15,0.071,1.25,473.5,623.09
26.47,5.96,16.82,9.65,0.083,1.159,528.6,650.18
29.9,10.73,10.11,7.19,0.054,1.102,509.5,618.46
27.47,12.83,9.28,2.82,0.15,0.91,471.1,585.51
0.0,11.32,9.1,5.84,0.082,1.168,388.5,517.38
11.45,16.36,9.88,3.05,0.068,1.375,460.5,591.38
9.9,22.44,7.27,1.64,0.133,0.736,463.5,624.95
16.67,21.09,2.16,3.04,0.169,0.962,428.2,586.02
27.93,12.33,0.0,5.7,0.133,0.971,435.3,572.01
2.93,18.14,8.67,4.68,0.099,0.841,401.5,538.11
22.86,19.1,2.87,3.38,0.146,1.19,465.2,559.51
26.62,12.09,16.78,4.77,0.148,0.828,546.1,674.02
26.9,15.4,9.27,4.07,0.16,0.842,485.8,617.01
16.67,9.62,9.61,4.92,0.103,1.09,449.0,587.33
33.5,9.43,6.82,1.4,0.158,1.05,492.2,594.26
17.35,17.46,4.96,4.81,0.12,0.849,456.7,514.97
32.7,23.62,6.68,1.37,0.059,0.6,531.7,628.33
28.81,23.18,9.2,1.46,0.139,1.236,544.1,712.44
42.41,23.88,6.52,2.31,0.15,0.611,572.0,705.61
38.93,15.1,13.66,8.03,0.042,0.864,552.0,655.36
14.8,12.38,14.72,2.87,0.059,0.857,455.7,554.74
25.3,17.38,10.77,3.36,0.108,1.213,547.7,681.11
13.95,18.84,10.2,5.83,0.095,1.153,503.9,638.37
38.27,14.85,13.24,8.99,0.094,0.978,580.7,701.45
10.43,17.7,10.19,5.23,0.138,1.222,474.3,616.07
23.88,6.53,11.02,7.01,0.139,1.092,452.9,605.52
26.37,21.46,11.29,4.17,0.092,0.855,524.0,656.24
7.53,22.66,8.66,5.91,0.077,1.308,498.5,605.55
48.14,11.76,13.64,6.37,0.055,0.65,577.8,696.02
26.31,15.84,10.67,2.08,0.06,0.927,509.9,622.14
0.0,12.98,15.71,2.58,0.011,1.559,431.3,537.19
24.82,18.61,11.34,6.79,0.08,1.006,542.3,628.09
0.77,0.0,8.79,7.02,0.128,0.855,344.2,413.43
28.28,15.09,7.14,2.92,0.088,0.942,487.9,590.69
22.64,14.16,11.41,1.5,0.093,1.032,500.2,631.98
14.3,4.93,15.47,4.22,0.085,1.277,454.2,570.54
13.33,10.0,0.87,3.72,0.107,0.9,375.2,488.14
24.76,20.12,13.62,5.33,0.086,0.843,540.9,618.76
10.72,18.67,7.52,3.96,0.05,0.961,415.2,552.42
19.86,17.51,5.64,3.87,0.032,1.505,509.3,698.85
24.68,10.46,6.08,3.99,0.175,0.673,440.2,571.87
23.67,19.3,3.77,2.96,0.013,0.987,466.5,577.53
16.26,16.47,3.85,1.31,0.089,1.213,409.2,579.48
12.66,7.5,5.31,8.28,0.067,1.164,387.1,459.24
27.01,17.69,13.19,1.48,0.061,0.865,528.6,707.21
25.33,20.95,11.51,5.36,0.2,0.895,535.5,653.99
28.83,11.97,7.1,1.85,0.19,0.75,464.9,584.27
37.69,8.07,4.57,5.07,0.006,1.083,478.4,591.86
50.68,3.9,11.52,5.7,0.087,1.202,574.1,715.19
31.76,13.29,10.45,4.77,0.0,0.769,517.4,594.21
25.1,8.32,11.58,2.73,0.091,0.957,480.6,602.53
22.43,34.67,6.86,3.9,0.053,1.299,554.8,748.56
20.76,10.27,12.47,4.43,0.103,1.06,502.2,597.84
24.36,17.19,14.06,3.28,0.192,1.165,562.8,701.74
46.27,18.02,7.48,2.05,0.134,1.186,607.0,747.09
29.05,21.7,6.77,2.34,0.063,0.976,535.1,667.69
35.06,13.51,12.11,1.47,0.109,1.186,542.9,660.41
16.96,10.67,12.46,6.01,0.086,1.088,477.6,577.87
16.87,11.97,10.28,0.61,0.169,0.799,428.5,551.94
20.8,18.94,6.14,5.17,0.087,1.063,452.7,546.83
21.2,15.62,9.09,3.68,0.067,0.9,488.3,578.61
18.48,12.71,13.83,1.69,0.122,0.823,498.0,581.16
23.56,12.41,5.61,4.36,0.079,1.137,458.9,595.64
24.99,24.61,10.49,6.07,0.193,1.224,589.2,755.67
15.95,11.19,7.13,5.26,0.083,1.029,419.8,522.35
18.39,14.51,20.04,4.77,0.072,0.842,548.5,625.91
46.83,20.51,10.55,5.06,0.084,0.908,619.4,732.67
30.95,8.46,9.72,0.0,0.161,1.097,487.8,641.76
48.01,19.8,8.68,7.09,0.087,0.977,624.4,796.76
19.17,25.83,1.68,3.98,0.116,1.14,454.5,623.5
10.6,20.1,10.16,3.13,0.035,0.741,418.5,563.86
31.63,13.3,15.85,2.25,0.025,0.94,550.3,614.0
29.71,14.29,8.39,3.72,0.071,0.942,478.1,658.24
42.29,16.74,4.96,4.66,0.139,1.099,529.4,695.87
43.34,0.0,14.08,3.65,0.169,0.929,529.3,630.54
27.92,9.5,8.1,1.36,0.091,0.915,451.8,544.79
39.68,17.31,18.16,2.06,0.15,1.185,602.6,793.78
34.05,15.17,10.28,9.44,0.073,1.173,522.9,631.01
31.39,6.73,8.62,4.96,0.068,0.953,463.6,552.76
14.22,20.58,8.77,6.79,0.166,0.935,507.3,574.77
34.23,9.95,14.84,0.0,0.197,1.038,554.0,707.79
36.29,16.06,9.67,3.77,0.099,0.944,551.1,694.91
19.75,12.74,13.84,6.22,0.06,0.694,490.2,582.39
42.37,22.59,10.24,6.23,0.098,1.307,644.3,816.25
22.78,7.05,8.88,0.01,0.114,1.141,453.8,627.6
32.01,16.65,9.19,2.64,0.052,0.907,566.4,639.27
30.53,1.39,13.0,5.97,0.126,1.089,495.4,591.5
21.07,7.44,9.99,7.05,0.068,0.853,451.7,559.05
24.82,17.21,15.78,3.81,0.1,1.057,556.0,669.51
24.04,30.65,11.16,6.18,0.125,0.9,621.2,718.0
37.8,21.62,9.15,2.38,0.105,0.712,582.3,710.08
35.47,16.67,8.27,5.1,0.039,1.094,533.3,702.99
33.15,19.07,10.65,3.42,0.141,0.908,536.4,670.41
18.2,10.41,5.38,5.9,0.202,0.681,401.5,524.69
13.85,6.28,7.41,6.59,0.068,0.793,396.0,489.33
33.43,10.95,10.83,3.41,0.161,1.173,529.4,651.61
39.09,11.13,6.96,3.92,0.0,0.841,507.6,617.94
17.83,15.8,13.23,0.8,0.118,0.649,493.7,622.89
30.2,13.99,10.51,4.56,0.045,1.116,501.2,601.19
30.94,24.63,2.73,4.25,0.198,1.349,566.7,724.14
34.24,23.98,7.46,4.18,0.103,1.256,605.3,742.67
15.57,17.16,9.81,2.79,0.174,0.87,456.4,585.46
36.56,22.2,9.87,4.18,0.0,0.912,560.2,705.44
42.19,16.09,11.83,4.38,0.117,0.916,605.5,717.63
10.14,18.4,6.33,4.81,0.052,1.362,451.6,612.38
24.93,21.79,8.52,4.62,0.143,1.031,560.2,667.54
30.05,16.06,6.9,5.16,0.108,1.129,525.4,657.33
12.92,0.0,11.43,5.42,0.117,0.926,387.1,495.71
30.15,8.68,13.53,3.68,0.171,0.78,489.4,633.39
20.14,20.51,12.48,3.83,0.202,1.244,539.4,719.37
35.3,16.84,7.3,2.79,0.065,1.102,518.6,688.81
51.4,4.35,15.64,5.24,0.08,0.99,573.9,688.08
22.89,14.53,6.49,4.57,0.126,0.961,486.2,623.6
34.34,9.66,12.12,6.36,0.1,0.604,477.9,551.83
23.24,10.21,14.31,4.67,0.108,1.002,482.3,599.47
36.23,27.61,11.98,2.9,0.108,0.826,634.2,833.42
3.4,17.18,5.27,5.24,0.015,0.871,400.9,496.69
47.53,15.15,7.81,3.57,0.149,1.396,602.8,735.87
35.87,12.2,13.61,1.45,0.033,0.992,551.4,676.39
15.27,21.34,16.6,0.0,0.02,1.079,545.8,652.1
36.3,9.41,15.94,5.25,0.036,0.947,543.7,619.24
27.73,15.67,14.72,5.16,0.0,0.627,493.8,596.0
17.7,15.32,11.95,5.93,0.151,1.299,490.3,641.2
34.64,16.66,7.37,3.59,0.153,1.119,537.4,706.22
6.72,11.54,6.03,3.12,0.041,0.772,356.4,425.72
14.57,12.45,8.91,5.74,0.156,1.09,487.2,541.16
20.16,12.63,4.64,7.77,0.103,1.326,442.1,595.78
23.09,25.55,12.26,4.47,0.185,0.721,552.8,743.55
25.03,10.07,12.09,3.71,0.119,0.862,509.0,665.32
29.35,28.63,7.23,0.74,0.133,1.144,557.4,714.04
6.87,15.55,9.68,5.05,0.162,0.819,446.5,541.67
28.65,20.56,14.75,2.76,0.04,0.791,577.0,664.23
26.7,6.29,7.94,5.53,0.079,1.075,433.1,543.93
43.43,18.15,12.75,3.86,0.14,1.026,629.1,781.3
38.66,16.67,8.31,4.39,0.02,1.183,571.0,661.41
30.89,33.12,11.3,5.57,0.051,1.171,649.8,818.37
27.58,11.43,9.25,6.97,0.05,1.093,479.9,654.88
16.26,17.61,9.5,4.5,0.088,0.769,468.2,562.86
8.32,23.71,12.16,9.4,0.108,0.861,522.5,673.27
19.38,15.55,6.65,2.84,0.057,0.952,458.2,526.22
27.76,7.29,5.49,1.32,0.147,1.147,463.7,601.3
11.79,7.48,5.45,8.48,0.107,0.892,371.5,503.75
21.82,10.03,18.08,6.51,0.0,1.058,510.4,637.62
40.4,13.17,7.78,0.7,0.207,1.251,530.3,682.74
38.08,11.29,3.66,3.55,0.01,1.324,484.2,578.21
39.09,16.24,10.53,5.36,0.021,0.785,524.5,647.02
16.53,11.08,3.82,4.29,0.145,0.904,416.5,498.6
18.85,16.56,8.06,5.53,0.121,1.03,489.5,594.87
31.24,13.71,1.25,5.2,0.147,1.154,429.7,645.53
1.41,11.55,16.23,6.68,0.13,0.825,421.4,503.29
16.78,16.94,8.84,9.48,0.03,1.184,506.5,628.81
20.46,11.09,14.0,4.39,0.045,0.851,472.4,584.01
15.06,18.34,10.55,5.75,0.065,1.108,504.1,589.14
26.3,17.16,2.45,4.65,0.146,0.924,455.1,614.61
20.13,6.85,8.68,5.17,0.102,0.938,428.6,560.99
26.05,9.51,13.2,6.7,0.018,0.828,459.6,584.13
20.7,13.82,7.74,3.87,0.128,1.063,452.2,613.26
21.67,10.81,14.02,3.02,0.002,0.878,426.3,547.09
44.22,25.41,3.79,6.46,0.047,0.958,613.5,755.35
27.76,15.99,9.3,5.04,0.117,1.063,481.7,650.53
6.84,4.29,0.33,1.61,0.095,0.81,296.2,394.4
17.05,19.19,13.14,5.84,0.149,1.131,554.2,734.4
8.59,9.16,6.56,6.0,0.242,1.03,403.8,516.53
38.58,20.94,9.63,3.89,0.059,1.137,557.2,729.08
35.6,17.94,11.09,0.47,0.167,0.862,549.5,665.75
0.51,14.9,7.3,6.75,0.119,1.1,404.7,537.7
38.77,14.91,10.06,1.32,0.11,1.091,559.0,650.01
29.58,15.3,10.63,5.76,0.077,1.058,494.5,676.73
28.84,13.99,5.35,3.28,0.145,1.021,474.6,646.61
36.46,10.15,10.0,1.61,0.143,1.006,533.7,678.2
25.81,10.02,4.93,3.63,0.069,1.014,424.0,562.19
23.43,16.43,8.77,3.73,0.229,0.796,507.1,634.37
22.38,13.96,10.88,5.82,0.097,1.116,531.3,642.48
35.66,16.45,13.11,3.42,0.126,0.682,566.9,662.04
42.64,12.04,15.29,9.38,0.058,1.173,605.3,758.26
32.03,12.38,0.0,5.39,0.05,0.815,456.8,552.57
29.17,18.73,4.98,5.11,0.079,0.827,497.8,573.19
0.0,21.88,15.51,2.56,0.107,1.04,491.9,562.6
7.71,10.74,8.61,2.69,0.109,1.103,376.2,477.0
25.82,16.09,1.58,5.2,0.125,1.157,466.0,630.57
14.16,1.22,10.9,4.02,0.139,0.812,369.6,475.24
17.51,6.77,18.99,0.02,0.132,1.03,481.9,572.5
4.63,17.25,7.06,7.15,0.116,0.905,423.0,583.17
20.09,15.51,4.41,4.06,0.11,1.227,466.3,604.25
27.63,23.2,9.78,2.48,0.083,0.808,553.8,696.37
11.57,10.56,14.53,4.24,0.047,0.863,418.8,531.24
30.62,14.58,14.26,5.15,0.135,1.008,563.9,720.71
11.89,21.25,14.63,1.3,0.105,0.895,504.8,601.18
29.46,19.56,13.56,3.04,0.078,1.227,547.8,695.54
31.49,26.05,13.77,3.72,0.075,0.967,581.4,732.15
14.27,10.87,8.79,2.8,0.095,0.838,401.4,496.27
45.78,16.82,15.56,5.96,0.085,1.289,665.9,777.72
13.76,16.15,3.44,4.13,0.102,1.039,434.3,513.66
23.7,13.79,16.42,4.75,0.069,0.979,586.6,637.55
12.97,15.01,10.19,4.18,0.167,0.995,423.9,587.71
46.68,11.61,7.46,3.86,0.107,1.024,551.1,730.79
27.08,20.16,5.39,4.12,0.0,1.119,512.5,641.46
49.82,12.48,8.51,7.63,0.021,0.87,569.7,625.65
21.62,19.56,14.47,1.08,0.117,1.291,571.0,703.24
12.22,19.12,10.45,1.78,0.0,0.663,446.4,500.62
38.91,10.74,4.64,9.19,0.067,0.8,520.1,622.8
22.8,14.84,8.66,3.87,0.121,1.141,486.3,572.43
42.55,2.13,8.46,5.56,0.122,1.277,504.8,596.38
23.92,11.02,9.16,3.33,0.156,0.895,464.1,604.97
22.96,12.63,9.65,4.05,0.129,1.295,497.3,704.59
47.01,3.72,10.07,5.01,0.099,0.93,531.7,632.94
27.0,8.11,17.6,5.6,0.219,1.139,539.4,660.62
1.24,15.81,2.52,4.67,0.119,1.182,405.0,514.71
16.09,18.99,8.32,1.65,0.04,1.268,451.4,581.62
20.87,16.17,5.16,2.49,0.13,1.031,465.2,604.11
36.41,16.45,16.95,7.08,0.093,0.945,648.0,720.0
37.86,16.84,6.58,1.45,0.062,1.077,530.2,713.05
25.3,5.85,7.83,4.46,0.116,1.177,434.5,541.84
23.28,7.73,7.39,7.46,0.126,1.189,421.8,586.19
28.08,7.39,15.04,4.88,0.077,1.047,534.0,630.5
31.1,15.21,16.2,10.24,0.127,1.173,586.9,766.11
29.94,11.84,9.75,3.04,0.13,0.945,518.9,614.06
20.88,6.22,7.64,4.01,0.133,0.817,381.1,513.68
26.56,16.9,15.29,2.89,0.098,1.083,569.8,730.43
33.33,16.22,7.93,6.08,0.033,1.041,500.5,589.95
23.76,25.78,7.09,5.62,0.0,1.046,497.0,619.67
30.01,14.58,11.99,1.88,0.042,0.777,494.9,606.97
21.75,11.68,16.46,2.0,0.181,1.315,566.8,675.09
1.6,8.69,9.04,2.89,0.097,0.874,343.4,409.37
37.68,15.41,1.64,5.98,0.143,0.944,449.5,611.53
26.04,9.67,13.13,4.11,0.024,1.128,523.4,597.38
39.69,22.45,2.58,2.9,0.083,1.109,544.8,685.77
31.01,16.0,8.77,1.45,0.033,0.962,496.8,588.27
22.95,8.36,14.84,5.51,0.043,0.725,469.8,555.7
34.44,6.53,11.15,5.53,0.207,1.259,542.1,696.57
35.53,14.32,5.3,3.5,0.038,0.929,436.9,589.66
40.77,11.81,4.63,5.57,0.161,1.147,508.2,695.45
32.6,17.14,9.6,2.92,0.102,1.091,538.4,632.67
32.48,17.45,3.93,4.15,0.198,0.94,549.1,704.64
15.55,21.77,10.15,7.57,0.05,1.212,534.2,697.37
13.86,19.83,11.38,7.89,0.113,0.872,494.4,594.94
23.48,11.79,13.21,5.75,0.104,1.208,536.1,608.05
24.71,16.43,10.08,4.36,0.142,1.293,501.7,637.36
4.83,17.63,6.81,5.78,0.092,0.745,363.3,513.99
44.05,17.8,9.06,6.89,0.107,0.822,576.9,714.76
16.24,16.27,10.92,5.43,0.081,0.976,450.0,562.31
29.44,10.24,12.86,3.81,0.011,1.121,491.9,537.0
43.89,12.01,6.18,4.73,0.052,1.066,529.0,664.97
32.87,15.77,3.3,3.13,0.049,1.008,484.0,638.6
24.21,23.67,9.68,3.95,0.15,1.144,559.7,710.37
31.96,26.03,17.05,4.49,0.105,1.303,638.3,859.57
21.95,6.91,13.56,6.54,0.116,0.968,457.0,565.41
9.89,15.19,7.1,7.87,0.123,0.952,436.8,536.55
7.11,13.43,5.71,4.64,0.14,1.149,395.4,524.94
31.48,11.19,19.83,1.62,0.104,0.974,558.4,681.7
10.16,27.18,4.22,6.24,0.079,0.912,471.3,559.74
39.1,9.16,9.81,3.98,0.148,1.07,510.0,670.7
17.62,21.09,7.42,5.65,0.032,1.033,496.3,615.72
38.66,16.59,1.99,4.76,0.205,0.976,514.6,673.83
32.58,8.25,13.85,6.01,0.073,1.043,502.9,668.9
25.9,7.4,9.44,3.92,0.091,1.115,458.7,602.47
24.13,18.29,4.0,6.16,0.091,1.026,495.7,628.93
30.49,15.12,6.74,6.05,0.039,1.018,473.6,630.96
20.1,10.81,6.69,6.48,0.108,1.114,477.0,581.84
39.99,17.35,7.09,1.61,0.025,0.878,518.0,639.63
39.68,20.07,6.75,2.74,0.027,1.176,543.0,651.57
25.48,10.63,7.63,2.27,0.06,0.797,466.9,520.02
39.79,13.72,5.48,3.15,0.158,0.608,504.5,623.17
16.01,25.0,15.28,6.64,0.057,1.07,551.6,671.04
34.89,17.97,10.27,4.41,0.087,0.744,507.9,605.4
40.88,14.52,17.73,5.92,0.083,1.125,610.2,725.43
23.62,19.96,8.63,6.35,0.099,1.02,525.1,666.37
31.95,11.42,14.49,6.96,0.025,1.087,526.1,693.98
22.67,19.24,3.66,8.21,0.015,0.975,482.2,593.66
32.04,14.99,12.69,3.56,0.126,0.856,524.4,653.98
30.83,14.48,7.04,3.39,0.16,0.949,508.3,677.57
31.53,9.64,1.75,4.82,0.197,1.27,468.2,649.7
9.16,21.94,7.45,3.56,0.15,0.946,472.4,623.77
22.06,14.44,10.22,5.42,0.181,1.165,508.4,635.29
21.45,21.85,5.38,0.63,0.091,1.123,470.4,594.37
24.65,9.79,11.55,3.09,0.109,0.971,492.1,642.42
47.55,22.13,8.93,7.91,0.104,1.372,640.9,770.52
23.45,16.14,9.18,5.46,0.106,0.997,487.9,594.15
29.1,9.86,8.28,4.48,0.031,0.974,478.4,592.93
19.06,21.33,12.04,2.35,0.034,0.824,504.2,615.13
9.86,9.46,9.77,5.67,0.097,0.974,421.7,509.99
45.41,14.21,8.29,6.19,0.132,1.15,602.4,679.79
36.84,20.41,12.15,3.0,0.131,1.197,584.2,748.67
48.97,1.65,8.95,1.54,0.102,1.135,505.7,594.86
30.16,17.31,3.92,1.52,0.012,0.985,450.1,546.26
34.69,14.76,8.31,3.87,0.191,1.211,534.0,678.73
23.03,12.68,12.96,1.12,0.097,0.832,463.2,612.3
34.46,16.73,5.27,5.47,0.149,1.024,543.7,641.24
20.91,17.1,12.12,3.72,0.071,1.139,501.6,595.38
25.0,25.33,0.0,4.12,0.143,0.993,462.5,638.7
30.54,13.54,3.76,7.34,0.093,1.09,501.4,692.13
30.97,19.84,9.86,4.8,0.094,1.049,528.8,706.33
33.15,15.39,9.34,2.91,0.098,1.002,510.6,646.99
22.36,23.81,14.87,1.13,0.1,1.139,564.9,732.15
46.03,3.68,11.04,4.23,0.149,0.78,512.5,627.54
23.19,22.55,16.01,5.21,0.11,0.96,573.3,721.39
40.73,9.33,11.71,3.09,0.131,1.146,545.3,728.21
33.13,18.59,14.82,6.03,0.075,1.131,567.8,663.51
15.16,4.6,10.13,5.31,0.065,1.097,427.4,510.43
44.54,4.34,9.55,3.64,0.108,0.77,472.7,506.15
25.51,19.17,8.95,5.46,0.036,1.02,507.2,566.9
24.73,13.85,10.44,4.76,0.204,1.082,526.7,667.12
22.5,24.66,3.84,2.94,0.239,1.13,500.0,640.85
30.97,19.84,4.8,3.33,0.239,0.992,514.3,653.85
11.01,16.14,12.26,4.77,0.086,1.065,483.8,563.75
32.91,20.87,10.35,6.94,0.115,0.905,549.7,700.02
29.7,16.76,11.6,2.74,0.149,1.137,543.8,628.79
25.47,18.75,7.38,1.83,0.097,0.629,470.5,639.2
22.16,5.9,8.87,3.7,0.071,1.244,425.8,572.6
26.34,20.32,9.78,3.19,0.218,0.847,543.2,658.87
29.56,19.08,18.98,3.08,0.183,1.203,609.5,750.35
22.77,19.77,11.28,7.17,0.124,0.715,508.1,664.85
14.37,23.88,10.51,1.95,0.044,0.721,511.2,620.18
15.62,16.12,5.97,8.05,0.107,1.21,479.4,596.18
35.25,10.7,7.7,7.52,0.133,1.184,533.3,678.26
3.94,14.82,9.0,1.53,0.083,1.147,382.1,497.35
21.06,18.44,8.82,8.98,0.029,1.24,531.5,652.16
28.64,22.5,7.65,4.43,0.04,1.126,527.9,610.46
3.72,13.78,11.88,1.83,0.089,0.975,387.5,572.39
16.21,16.81,15.63,5.41,0.034,0.979,503.4,602.65
13.06,18.49,7.52,6.94,0.15,0.972,452.6,569.15
24.04,13.64,11.94,4.33,0.086,0.646,496.8,610.16
17.4,12.9,11.76,2.11,0.087,1.013,468.8,586.58
20.5,7.84,1.27,4.46,0.093,1.127,376.0,498.01
39.43,17.46,4.57,3.98,0.057,0.805,522.2,639.61
42.13,11.89,8.08,9.02,0.094,0.827,560.0,676.54
34.21,20.16,12.61,4.12,0.171,0.836,579.7,693.28
34.69,18.3,4.48,2.31,0.081,1.027,550.2,675.12
44.37,11.57,2.92,5.89,0.114,0.977,539.5,671.38
25.47,20.18,10.4,4.15,0.167,0.793,552.9,660.13
15.35,13.64,3.38,7.2,0.123,1.314,473.4,613.45
39.36,17.2,10.13,5.58,0.09,0.844,583.2,712.17
13.45,11.67,10.94,3.7,0.099,0.929,444.3,518.02
39.3,14.74,8.9,1.03,0.125,1.146,549.2,710.26
16.87,12.66,17.93,4.6,0.096,0.906,522.3,622.18
26.14,15.79,11.46,2.42,0.13,1.115,505.2,670.25
22.39,14.08,6.97,1.57,0.053,0.938,432.2,506.45
26.52,19.11,4.44,2.25,0.128,0.865,497.7,607.78
20.95,13.23,4.34,5.24,0.116,0.682,443.5,475.2
52.51,13.53,5.69,1.6,0.126,0.778,545.4,652.27
33.02,12.9,8.88,0.0,0.167,0.977,486.7,591.44
40.01,16.9,4.71,1.52,0.126,1.06,530.6,689.12
24.53,15.66,8.43,0.0,0.04,1.073,470.5,608.87
45.86,19.24,9.45,3.83,0.102,0.707,578.2,694.1
27.54,19.85,0.0,3.53,0.121,1.094,469.5,595.03
19.92,10.4,7.53,5.41,0.065,0.83,418.5,510.84
37.48,22.91,4.34,4.17,0.135,0.877,578.5,699.24
49.93,19.41,9.58,3.93,0.207,0.735,611.4,729.84
18.85,12.76,9.99,4.99,0.036,1.302,454.6,588.57
28.21,23.02,7.13,3.2,0.103,1.209,530.5,699.12
14.59,10.92,2.75,1.34,0.111,0.922,383.9,553.4
19.73,18.3,19.65,7.67,0.143,0.798,582.6,705.44
38.85,10.74,6.73,8.65,0.094,1.031,555.2,645.11
36.27,14.77,12.8,5.97,0.081,1.011,573.5,707.87
28.44,25.22,5.92,3.49,0.052,0.867,543.8,669.32
19.24,20.65,5.42,0.59,0.168,1.01,474.5,624.55
17.82,20.74,7.57,8.27,0.11,0.878,488.3,609.51
21.91,8.01,12.78,3.44,0.104,1.299,419.6,574.98
21.44,25.71,12.38,6.89,0.131,1.08,573.5,756.31
3.17,8.88,11.11,8.17,0.0,0.775,385.7,479.36
23.78,10.06,5.55,3.89,0.119,0.753,439.7,515.39
36.33,15.6,8.15,3.8,0.048,1.176,549.0,653.75
28.14,22.07,13.71,8.73,0.171,0.913,604.2,732.86
9.88,13.24,10.46,3.42,0.148,0.804,419.4,521.21
21.24,6.04,13.13,8.52,0.114,1.167,455.2,537.65
28.96,14.15,10.49,3.11,0.051,0.6,470.7,522.88
44.0,16.83,8.02,3.52,0.064,1.194,574.2,735.17
7.16,12.55,3.12,5.54,0.112,0.973,391.9,529.4
21.37,11.84,15.06,6.89,0.093,0.68,510.0,594.76
25.92,22.21,7.67,2.51,0.019,1.149,504.2,651.77
15.98,24.96,11.23,2.09,0.174,0.855,539.8,684.98
12.27,8.63,3.97,3.58,0.197,1.256,403.1,525.7
31.3,26.6,4.06,6.93,0.147,0.892,522.5,688.2
35.04,11.09,14.53,6.62,0.135,0.901,585.4,670.53
51.84,15.09,8.03,0.09,0.074,1.165,607.4,714.28
33.63,20.0,9.88,5.13,0.136,1.17,577.8,700.98
27.46,20.77,6.13,4.42,0.081,1.069,511.7,652.06
28.04,18.37,9.74,9.3,0.085,0.789,544.6,626.44
31.19,16.41,5.05,3.16,0.076,0.925,479.7,619.08
37.82,10.58,14.21,3.8,0.035,1.157,547.6,663.25
23.17,22.61,6.9,4.31,0.095,0.743,494.1,621.04
26.3,15.0,11.1,1.83,0.121,0.967,477.2,659.18
37.01,9.41,9.76,6.97,0.061,0.817,529.8,573.38
9.02,13.19,9.59,6.73,0.041,1.348,481.9,599.68
12.44,25.35,7.0,5.13,0.189,0.752,516.1,652.0
15.82,12.49,16.46,3.72,0.194,1.241,504.9,681.26
19.54,7.52,11.97,0.0,0.12,1.169,427.5,518.13
28.02,13.81,11.8,3.85,0.036,0.995,492.3,620.98
36.69,19.02,4.64,4.72,0.035,1.144,500.7,626.55
10.31,18.45,0.06,4.71,0.085,0.888,408.9,525.35
20.24,18.84,1.16,6.41,0.054,0.705,404.8,532.26
45.92,13.9,10.67,6.32,0.0,1.275,577.1,666.24
44.07,19.48,8.7,4.81,0.061,0.911,617.5,689.11
25.64,1.3,8.58,7.2,0.164,1.211,438.0,583.0
32.43,5.76,8.05,4.44,0.055,0.887,441.0,570.96
7.24,8.33,11.27,3.76,0.053,1.093,414.4,548.37
13.78,19.69,2.86,6.86,0.05,1.006,428.0,574.49
34.92,12.26,4.66,7.26,0.141,0.841,516.2,608.98
30.68,3.99,9.52,3.99,0.114,1.116,436.3,596.46
13.19,15.89,9.97,3.37,0.256,0.726,473.2,641.59
22.98,14.97,8.59,3.8,0.135,0.741,486.0,578.81
20.22,9.33,14.74,4.05,0.065,1.001,459.1,595.76
35.38,22.18,5.74,3.59,0.178,1.098,553.0,703.94
35.33,13.5,11.56,5.36,0.145,0.676,527.1,651.44
43.72,14.82,9.0,1.41,0.0,1.196,551.1,645.06
31.49,25.24,3.46,5.75,0.036,0.923,533.0,658.6
45.73,9.6,2.4,5.65,0.084,0.909,493.6,594.31
25.77,17.23,9.8,3.54,0.015,1.011,487.5,608.5
21.51,15.46,13.1,9.01,0.0,0.698,445.4,636.03
26.59,13.66,14.37,1.59,0.105,0.9,511.8,672.03
7.47,2.52,10.26,7.12,0.081,0.72,336.0,416.13
36.66,21.4,16.22,3.54,0.114,1.078,632.1,802.33
31.97,9.28,3.52,3.56,0.193,0.666,447.2,566.35
1.34,18.97,14.3,4.07,0.141,1.263,490.3,628.33
24.04,13.93,10.91,3.73,0.136,0.954,492.3,602.44
10.91,12.47,10.22,5.21,0.1,0.911,438.9,539.34
28.31,19.98,0.0,4.01,0.002,1.22,489.5,606.21
31.24,28.73,6.65,4.3,0.072,1.122,591.7,740.28
23.08,17.25,9.26,7.82,0.182,0.906,513.3,664.43
18.53,21.21,10.64,4.22,0.129,1.018,525.8,660.11
7.74,19.75,9.33,2.77,0.214,0.963,459.1,602.2
34.61,14.52,12.1,6.89,0.17,1.116,565.3,724.6
37.18,8.28,6.99,4.19,0.113,0.668,446.7,580.57
16.38,16.78,7.27,2.18,0.16,0.8,434.6,531.63
21.68,20.54,15.43,4.81,0.046,0.961,588.2,694.47
20.16,16.63,10.79,2.59,0.124,1.17,511.9,671.24
21.85,27.04,8.87,4.58,0.138,0.985,526.3,661.41
23.92,16.33,5.88,4.79,0.106,0.799,475.7,559.54
8.6,14.74,8.51,6.54,0.105,0.929,401.4,552.7
24.4,17.29,10.55,7.24,0.012,0.835,533.1,622.53
25.93,12.92,10.65,7.55,0.068,1.096,516.9,672.29
32.36,15.5,2.42,4.34,0.065,1.126,470.8,574.56
17.85,22.7,9.98,2.36,0.129,0.864,530.9,605.67
28.39,15.69,7.49,2.0,0.082,1.097,476.3,578.74
40.32,8.05,13.04,5.78,0.153,0.794,535.0,626.39
21.89,10.11,8.51,0.3,0.157,1.051,462.2,636.13
17.51,9.4,10.59,5.95,0.095,1.098,437.2,556.26
24.05,18.9,12.93,3.24,0.026,1.085,540.8,639.47
27.44,8.35,6.38,7.74,0.103,1.061,469.3,551.07
22.81,23.46,7.32,1.92,0.137,0.735,503.5,605.34
30.79,18.77,7.48,7.27,0.068,0.827,518.8,593.19
7.03,13.02,11.57,3.44,0.159,0.901,432.0,554.36
19.6,16.59,6.56,5.31,0.181,0.933,491.1,597.16
45.71,15.01,6.99,7.57,0.08,0.6,536.9,653.75
31.35,12.44,8.34,6.02,0.073,1.135,498.2,601.72
23.91,11.42,11.31,3.65,0.118,0.675,481.7,548.93
19.88,19.47,7.53,5.42,0.036,0.977,477.2,587.92
36.76,13.98,8.34,1.78,0.097,1.136,525.8,648.88
20.03,21.94,15.37,9.52,0.078,1.149,590.6,666.08
59.35,7.87,5.08,4.03,0.032,1.217,573.7,723.91
38.19,11.4,5.9,4.13,0.002,0.6,472.8,570.17
15.92,17.29,6.34,5.19,0.111,1.252,459.9,575.05
42.66,23.6,7.74,2.79,0.134,1.109,603.6,751.14
24.81,14.97,5.35,0.53,0.0,0.867,438.2,564.3
32.14,18.8,10.35,2.33,0.073,1.21,531.0,675.12
18.46,4.44,11.41,7.96,0.1,0.705,399.4,528.87
22.24,18.81,5.51,6.49,0.139,0.885,484.4,604.44
24.34,27.82,10.89,7.34,0.094,1.108,613.4,762.3
47.36,11.47,12.69,1.92,0.115,0.894,556.1,673.68
7.28,14.39,14.32,2.52,0.171,1.09,459.1,568.83
17.68,18.02,10.49,1.85,0.18,1.156,527.7,646.61
31.7,12.74,5.57,5.36,0.094,1.051,456.2,556.66
6.44,21.61,12.07,4.07,0.133,1.076,471.8,570.59
12.91,15.09,7.43,5.42,0.039,1.047,453.9,567.88
21.62,20.7,8.58,4.76,0.039,0.861,496.5,576.62
16.75,17.53,7.94,5.63,0.206,0.994,482.5,603.07
46.54,10.94,6.86,9.46,0.052,1.251,605.8,720.58
35.4,8.24,9.77,4.31,0.142,1.075,499.4,629.05
31.91,15.8,13.61,7.78,0.127,1.03,588.4,763.12
19.47,10.36,17.92,3.77,0.083,0.891,501.2,606.99
13.65,17.77,15.88,3.57,0.116,1.054,514.0,627.53
17.28,10.38,14.24,6.75,0.15,1.106,511.8,666.85
20.64,22.38,10.28,2.32,0.004,0.713,494.6,600.51
56.76,13.82,5.47,3.55,0.094,0.836,573.2,662.85
20.19,21.82,2.14,2.57,0.117,0.982,430.6,539.03
16.52,24.23,9.55,3.26,0.114,0.964,506.9,685.34
36.0,26.48,10.55,5.52,0.141,0.663,596.3,714.27
28.56,9.72,6.5,3.43,0.007,1.043,443.2,536.71
9.06,23.84,10.81,6.15,0.184,0.961,520.7,718.75
18.34,23.47,10.15,0.89,0.09,1.224,512.3,658.69
30.46,18.4,5.68,4.44,0.155,0.826,498.5,619.66
20.78,10.14,9.16,4.6,0.075,0.821,425.5,536.33
29.8,15.82,8.93,6.94,0.028,1.018,537.7,654.57
14.81,11.79,16.41,1.95,0.085,0.851,516.0,600.57
28.56,14.78,6.93,4.49,0.132,0.987,499.8,632.62
32.12,8.77,10.91,7.01,0.035,1.106,503.3,619.27
10.2,15.55,9.33,1.73,0.089,0.879,445.6,526.2
20.4,8.92,8.0,0.38,0.142,0.986,447.0,584.41
38.79,12.14,12.83,3.91,0.175,0.951,571.2,700.35
32.83,11.43,9.54,7.29,0.036,1.193,495.7,633.42
26.0,16.73,7.6,9.71,0.108,0.759,501.0,603.56
25.87,13.63,5.84,5.04,0.055,1.251,496.1,597.87
22.15,17.78,10.98,4.04,0.1,1.269,543.5,687.21
30.6,21.37,11.69,7.86,0.061,1.033,585.3,700.33
22.09,13.42,8.36,5.77,0.1,1.137,462.8,653.1
38.93,13.77,7.37,5.47,0.164,1.125,556.7,739.36
28.64,16.37,14.47,4.81,0.135,0.837,517.7,691.57
22.47,17.36,12.67,0.0,0.039,0.877,490.5,635.72
24.64,21.31,2.51,2.0,0.027,0.827,463.7,585.35
25.49,20.47,6.37,6.7,0.098,1.14,520.7,649.74
21.09,8.95,12.57,3.44,0.126,1.193,482.4,626.71
31.72,14.0,5.45,2.96,0.143,1.052,516.8,646.54
24.6,2.27,14.2,6.02,0.102,0.77,438.6,536.18
17.41,22.71,5.68,3.58,0.042,0.881,461.7,572.27
32.38,9.98,11.62,4.24,0.096,0.834,485.8,667.63
16.58,10.6,14.38,6.6,0.061,0.771,483.6,587.71
21.12,19.29,3.65,4.54,0.095,0.993,439.8,617.52
22.79,16.35,14.14,0.0,0.148,1.196,546.3,698.36
19.78,5.75,9.21,3.91,0.0,0.859,415.8,471.61
26.15,20.37,9.38,3.88,0.126,1.09,555.9,673.79
10.97,4.88,13.75,1.1,0.121,1.001,422.5,496.54
27.69,9.0,9.57,6.88,0.106,0.994,513.2,621.34
29.03,27.46,5.55,6.4,0.056,0.911,537.3,643.05
15.25,21.21,18.12,4.97,0.096,1.057,565.9,631.11
19.88,10.57,1.81,4.32,0.123,1.136,408.3,517.61
35.21,17.99,4.55,5.84,0.107,1.165,544.4,732.72
22.88,15.96,6.7,4.46,0.147,1.246,486.9,623.73
25.82,7.86,14.03,6.52,0.087,0.8,437.5,558.22
53.27,7.62,8.13,6.01,0.095,0.938,574.0,705.08
24.21,19.33,10.63,6.3,0.14,1.418,573.3,750.63
38.97,6.95,4.97,4.71,0.098,0.96,468.0,585.2
26.78,26.63,14.21,5.23,0.065,0.992,593.7,685.58
17.09,20.58,6.88,3.13,0.084,0.826,463.6,593.76
31.27,15.83,9.55,5.29,0.123,1.059,518.6,679.14
21.1,25.83,6.17,3.37,0.113,1.041,532.4,636.89
15.91,17.99,10.6,3.69,0.1,1.236,499.9,625.54
33.65,8.47,10.72,3.98,0.117,0.982,488.9,605.35
21.98,6.52,10.86,4.52,0.132,0.995,457.5,589.01
15.0,15.25,6.61,6.06,0.059,0.942,428.5,565.73
47.89,18.63,7.63,8.07,0.062,1.109,591.7,762.87
16.73,6.65,5.62,8.0,0.115,0.92,367.0,497.28
41.61,16.73,7.7,9.65,0.131,1.141,584.8,765.01
26.35,7.89,4.34,4.37,0.186,1.312,466.3,582.23
16.56,19.04,9.1,4.98,0.074,1.321,518.5,640.8
44.51,15.48,14.04,6.01,0.166,1.008,612.5,767.93
19.93,20.24,4.36,3.11,0.17,0.928,453.7,597.03
8.24,10.96,14.25,5.04,0.113,0.847,450.8,565.13
29.73,20.61,2.68,2.45,0.158,1.116,476.3,649.14
3.47,8.03,10.96,3.91,0.011,0.81,335.9,402.39
26.2,22.83,12.58,4.47,0.095,1.077,571.1,699.75
25.95,12.38,4.15,4.88,0.116,1.028,463.8,590.21
22.91,15.71,17.57,5.52,0.233,1.125,597.3,704.73
33.18,18.28,4.87,2.33,0.208,1.04,541.3,655.18
35.27,11.64,4.46,3.98,0.129,1.239,458.4,628.86
37.78,12.51,6.23,2.54,0.147,0.995,514.0,640.8
34.49,22.43,4.32,4.08,0.079,1.19,535.9,670.28
29.67,1.49,15.95,4.29,0.1,0.6,449.9,562.91
46.61,4.07,6.32,5.56,0.109,1.123,507.8,678.82
28.62,1.21,5.88,4.25,0.078,0.989,387.8,534.35
12.97,19.01,11.54,4.57,0.136,0.794,479.6,594.33
29.32,16.42,11.33,2.29,0.202,1.168,542.5,725.47
27.51,11.85,18.26,2.08,0.148,1.146,543.6,659.09
21.39,6.54,7.95,4.54,0.051,1.056,437.1,537.42
24.89,20.43,5.9,3.71,0.043,1.069,483.3,615.11
25.06,15.21,10.33,7.67,0.186,0.777,493.6,654.06
27.31,16.26,3.67,2.05,0.105,1.293,452.9,660.29
31.22,18.64,6.16,5.14,0.065,0.937,526.9,724.25
26.38,19.42,4.8,3.47,0.117,1.238,502.5,621.81
38.43,18.56,4.97,6.34,0.043,1.018,571.8,662.36
27.15,9.57,12.06,4.49,0.038,0.925,495.5,624.84
34.82,10.31,10.5,2.94,0.084,1.044,504.2,614.18
30.7,15.33,8.54,4.11,0.042,1.229,506.4,660.07
29.86,15.0,6.44,5.25,0.045,0.841,468.0,584.21
6.36,24.98,13.47,4.43,0.107,1.022,519.5,647.32
28.31,9.52,6.21,4.66,0.116,0.902,453.2,593.7
42.76,21.58,6.62,2.48,0.0,0.763,554.3,639.06
36.87,26.79,9.15,2.26,0.1,0.784,577.5,707.82
25.64,24.08,11.06,3.57,0.038,1.176,569.1,739.49
29.69,16.34,7.31,3.68,0.111,0.709,501.2,605.93
31.47,5.36,5.35,1.94,0.005,1.185,444.1,520.78
21.29,15.7,10.19,5.55,0.031,1.204,456.8,597.0
15.35,13.75,14.99,3.36,0.196,0.74,490.8,610.3
13.85,12.32,5.6,7.63,0.084,0.868,413.1,484.08
26.77,19.29,11.71,6.57,0.102,1.127,556.9,694.04
30.55,18.54,14.51,3.82,0.123,1.308,609.5,720.52
14.73,10.44,11.03,6.05,0.103,1.155,483.8,597.0
28.5,19.02,13.66,6.11,0.184,1.16,605.6,724.39
25.86,9.04,13.39,4.49,0.133,0.735,479.7,576.34
35.9,10.32,5.75,7.01,0.05,0.973,466.5,607.29
11.26,24.94,11.39,5.85,0.052,0.6,488.0,569.21
23.63,22.51,5.64,4.43,0.184,0.794,473.1,644.53
33.79,10.72,11.11,4.55,0.191,1.169,519.4,713.94
17.68,13.74,7.89,4.07,0.105,1.097,466.4,586.53
18.61,21.04,12.75,5.35,0.106,0.762,500.6,603.14
30.32,15.44,5.69,7.0,0.147,0.65,528.5,559.4
27.08,7.35,9.56,3.1,0.129,0.784,433.0,495.25
18.35,15.92,10.05,3.36,0.057,0.741,469.8,574.2
27.37,22.19,12.55,7.24,0.081,0.878,605.6,718.77
26.26,6.99,9.03,3.93,0.127,0.961,460.8,580.2
33.51,23.32,4.63,1.62,0.133,1.226,561.8,671.34
26.32,9.62,6.41,5.78,0.107,1.112,449.1,600.96
26.94,18.93,14.63,3.07,0.129,0.973,562.6,709.91
38.52,22.76,6.1,4.51,0.104,1.179,558.0,754.35
29.78,8.07,6.62,9.33,0.116,1.278,505.4,628.87
4.91,17.01,8.15,4.75,0.025,1.253,400.8,510.01
22.2,20.93,11.36,8.86,0.04,1.256,535.7,690.67
23.68,23.01,15.81,5.39,0.096,0.886,560.2,691.13
16.53,11.31,12.49,7.85,0.133,1.015,491.0,575.76
19.09,12.32,7.14,8.41,0.129,0.805,468.1,534.77
33.63,22.54,11.4,6.86,0.038,0.733,574.5,711.72
13.36,23.75,5.45,2.78,0.056,1.383,484.3,630.05
33.3,17.14,11.85,4.82,0.165,1.029,586.8,684.51
31.05,2.85,14.99,4.43,0.052,0.98,476.9,626.54
28.1,19.07,14.39,6.53,0.113,1.073,594.3,690.82
13.13,15.63,9.99,4.69,0.081,0.938,437.1,554.04
12.55,18.5,7.31,3.81,0.117,0.98,429.0,572.75
16.63,15.3,9.01,3.1,0.078,1.179,471.2,567.23
11.26,11.3,11.33,5.14,0.213,1.063,451.4,607.56
16.16,9.23,9.66,1.23,0.07,1.053,387.9,535.79
17.21,19.24,9.55,3.93,0.129,0.878,531.2,642.29
29.4,14.56,12.82,4.0,0.136,1.151,552.3,664.49
28.39,14.19,12.65,5.63,0.083,0.849,504.0,629.63
6.55,10.35,11.21,4.13,0.083,0.796,412.6,500.24
17.0,8.32,5.01,5.3,0.089,1.144,410.5,527.9
22.06,9.79,7.32,5.91,0.016,0.6,399.1,450.14
26.96,13.09,1.79,4.85,0.095,1.212,439.8,549.79
23.7,6.45,15.1,6.34,0.158,1.199,517.1,625.43
32.64,14.78,10.87,0.86,0.039,0.724,501.4,629.69
22.18,22.61,9.16,4.78,0.027,1.043,515.4,578.27
30.99,15.73,12.12,5.67,0.119,1.16,559.9,669.76
26.88,13.15,10.57,6.42,0.047,0.883,513.0,595.4
20.2,7.99,6.18,4.66,0.099,0.732,426.6,524.17
23.21,17.5,12.92,5.28,0.12,0.942,504.0,596.61
18.86,20.2,11.21,6.66,0.105,1.287,543.9,673.42
33.41,20.97,3.98,5.08,0.0,1.007,529.3,565.79
16.65,8.65,8.14,4.08,0.067,1.186,436.7,565.57
26.81,12.58,0.0,5.34,0.093,1.031,416.7,533.91
36.01,10.34,10.37,2.1,0.026,1.112,525.0,656.13
28.34,0.3,11.23,5.85,0.022,0.624,411.4,485.44
29.26,9.88,9.32,1.09,0.058,0.708,440.7,536.97
17.69,16.61,5.52,4.85,0.121,0.906,472.0,611.33
22.77,20.42,10.36,2.68,0.088,0.65,497.9,605.69
35.07,13.8,14.53,3.83,0.182,0.935,574.9,699.42
48.0,15.14,12.16,5.16,0.158,0.912,599.6,732.23
21.81,11.97,8.2,3.79,0.072,1.184,486.4,572.97
16.99,20.66,7.24,5.24,0.151,0.778,500.8,624.62
9.14,21.73,9.64,8.81,0.144,1.012,467.0,627.59
35.95,18.34,11.04,5.59,0.235,1.226,598.8,750.04
27.06,16.73,7.79,5.74,0.081,0.93,528.9,561.26
13.84,13.79,12.53,4.48,0.083,1.008,468.1,566.75
24.5,15.71,10.73,4.06,0.151,1.017,488.9,626.33
20.07,17.7,13.66,6.49,0.024,1.142,514.5,640.36
10.41,20.49,1.95,3.97,0.136,0.919,416.8,508.67
8.57,21.03,11.37,4.72,0.15,1.179,513.2,635.24
0.0,19.59,10.26,5.71,0.076,0.841,397.4,545.19
44.63,14.58,2.61,6.86,0.094,1.109,544.8,691.32
10.32,9.28,7.25,3.99,0.115,1.11,415.8,533.69
14.38,17.73,14.48,4.91,0.095,0.707,477.6,569.99
30.78,19.96,10.83,1.77,0.078,0.902,522.3,653.21
34.01,15.77,3.74,1.1,0.08,1.118,508.4,646.41
35.99,30.22,12.77,1.37,0.121,1.038,648.8,789.7
14.93,5.61,14.23,1.42,0.122,0.693,441.7,521.88
27.72,17.63,12.38,8.11,0.067,1.031,557.5,697.29
26.77,0.34,6.07,4.06,0.035,0.772,393.5,452.73
37.03,12.82,13.65,7.89,0.083,0.984,543.9,681.79
7.56,18.67,17.01,6.41,0.175,0.881,504.5,613.34
34.02,17.7,11.3,2.67,0.128,1.057,533.2,686.52
45.3,26.48,5.22,8.27,0.009,0.92,622.6,709.54
11.72,14.6,9.82,0.42,0.15,0.948,434.3,554.22
17.06,8.84,9.45,6.26,0.159,0.974,419.2,522.86
31.44,9.88,12.44,4.26,0.004,1.282,547.9,662.39
45.46,18.64,6.82,6.51,0.071,1.048,605.7,730.64
23.21,11.83,11.48,5.4,0.177,1.041,513.8,591.83
18.4,18.7,14.9,4.0,0.123,0.926,469.8,663.3
29.22,12.11,13.38,4.94,0.035,0.674,530.3,668.38
30.65,24.88,10.4,6.71,0.074,0.734,563.2,701.92
40.01,19.77,7.64,8.12,0.203,1.162,588.4,743.64
18.69,15.45,9.86,2.65,0.066,0.726,462.6,521.99
8.56,31.2,13.72,2.48,0.139,1.074,563.3,704.3
38.27,13.02,8.69,1.98,0.214,0.822,539.9,635.8
33.96,10.8,1.05,6.4,0.078,1.244,443.0,547.81
34.58,23.51,3.32,2.33,0.147,1.015,503.2,656.99
22.99,14.74,8.81,3.12,0.124,0.696,460.9,530.29
0.03,8.98,5.95,3.81,0.025,0.876,344.9,376.5
19.12,6.81,11.04,6.75,0.047,1.226,466.8,569.1
18.44,12.48,8.38,2.78,0.038,1.084,436.8,571.77
7.03,16.8,8.17,5.68,0.108,0.697,439.5,573.58
11.65,23.69,17.23,2.63,0.011,1.009,536.2,645.79
27.66,15.86,4.12,5.5,0.034,1.404,544.5,695.41
19.54,17.47,16.06,7.08,0.048,1.105,553.9,698.4
39.63,16.08,13.78,5.0,0.116,0.781,580.8,649.82
13.17,18.87,8.7,4.13,0.107,0.906,441.0,587.7
34.95,19.44,7.65,4.77,0.073,1.459,632.6,727.72
13.62,13.67,13.3,5.18,0.082,1.045,475.9,573.2
22.83,17.38,14.16,2.87,0.105,1.072,529.4,660.92
29.11,15.32,5.29,2.35,0.004,1.066,487.8,634.85
14.32,20.23,8.6,1.69,0.144,0.853,457.8,565.54
31.95,9.06,10.49,7.54,0.194,0.848,515.7,634.75
18.96,14.18,0.99,0.98,0.118,0.6,381.8,524.86
26.34,21.58,6.97,3.85,0.1,0.991,499.8,658.23
28.12,6.42,11.71,7.47,0.09,1.047,513.1,581.19
19.9,6.49,9.07,6.03,0.144,1.316,443.8,581.69
14.49,21.02,8.08,5.81,0.134,0.75,489.3,603.89
19.61,6.74,7.92,6.54,0.097,0.81,417.2,522.72
24.3,23.22,8.36,9.23,0.132,1.101,522.1,698.98
23.63,13.82,8.92,3.97,0.015,0.828,443.8,528.5
18.38,14.33,12.0,7.23,0.1,0.845,503.4,606.91
10.94,13.53,5.91,5.41,0.122,1.088,435.8,598.26
24.38,22.89,2.36,3.68,0.162,0.973,491.2,644.87
15.98,2.55,7.38,4.91,0.185,0.827,388.5,485.71
29.91,17.98,9.24,3.23,0.042,0.794,534.8,622.49
31.13,4.36,11.15,3.25,0.139,1.052,474.4,642.02
38.38,20.87,6.42,4.06,0.153,0.879,557.1,707.01
21.49,19.22,6.32,3.42,0.054,1.15,492.4,551.39
26.23,9.53,1.37,7.09,0.072,1.207,448.9,574.5
27.64,20.84,11.28,6.67,0.027,0.954,566.3,721.16
19.98,14.72,15.71,2.26,0.04,0.859,494.9,624.91
12.04,19.55,5.05,2.27,0.104,1.101,430.8,492.2
23.98,18.15,13.18,2.18,0.082,1.089,520.1,622.59
22.6,22.13,9.37,2.32,0.094,0.852,497.1,674.97
24.71,9.93,9.22,4.28,0.048,1.107,500.6,597.83
28.95,18.17,2.58,3.85,0.047,1.319,502.0,668.79
37.45,3.38,14.58,1.47,0.164,1.248,559.5,677.26
5.65,15.33,10.24,4.17,0.13,1.015,464.1,547.46
23.54,17.24,8.99,5.12,0.105,1.208,530.3,662.2
27.37,9.26,7.93,6.31,0.179,0.709,473.6,634.24
40.81,17.06,8.29,4.22,0.105,0.836,557.3,656.13
34.82,14.46,12.56,6.35,0.0,0.776,523.3,629.14
32.66,9.59,7.38,3.08,0.151,1.04,487.8,614.44
15.76,10.28,8.32,2.69,0.073,0.982,408.0,527.05
36.83,7.47,9.27,1.09,0.078,1.416,505.1,638.1
38.53,13.38,8.95,2.62,0.046,0.89,518.5,635.88
34.6,10.37,3.9,1.62,0.061,0.968,446.0,544.64
22.5,18.62,15.03,5.91,0.108,0.955,541.5,642.19
43.18,17.78,7.45,6.3,0.128,0.976,583.5,662.97
31.14,18.3,2.22,3.8,0.055,1.233,489.3,653.21
21.6,21.58,3.96,4.83,0.111,0.967,486.5,629.67
36.62,4.27,13.73,6.77,0.134,0.936,520.5,636.92
18.68,12.39,9.62,6.45,0.03,0.805,446.2,552.48
42.05,16.6,8.68,3.81,0.033,0.79,542.8,650.9
21.51,13.89,13.8,7.12,0.124,0.602,508.1,584.54
14.06,15.69,10.45,4.83,0.088,0.963,472.2,578.69
46.45,15.28,15.8,5.28,0.121,1.079,624.1,804.05
33.77,18.29,3.48,5.04,0.153,0.84,458.3,648.61
27.7,7.46,9.59,1.46,0.154,0.827,483.8,580.15
25.66,3.99,5.74,2.34,0.106,0.819,399.2,444.56
23.41,8.4,20.07,3.11,0.141,1.095,526.9,656.48
47.4,14.35,12.54,4.9,0.089,1.086,595.5,717.1
6.04,22.02,11.4,5.3,0.183,1.449,494.3,654.9
18.43,13.1,18.02,7.22,0.09,0.968,537.6,679.86
42.68,23.1,13.43,3.28,0.02,1.115,610.2,757.39
6.91,6.52,10.1,4.98,0.088,0.792,342.6,474.73
3.5,9.13,10.07,4.28,0.085,1.066,397.0,520.41
26.04,18.15,16.57,3.59,0.01,1.316,565.1,678.3
25.04,12.5,7.15,6.03,0.065,1.045,485.7,614.08
6.83,16.06,14.69,5.72,0.139,0.808,465.3,559.85
36.89,19.04,9.69,2.77,0.038,1.13,565.5,705.82
43.26,24.88,3.18,5.11,0.136,1.006,611.8,720.86
24.52,20.46,8.27,5.6,0.141,1.064,494.6,665.4
22.89,16.89,15.67,1.15,0.043,0.96,524.6,680.13
21.01,16.94,10.19,1.48,0.167,1.039,526.2,664.36
21.4,14.48,9.53,1.85,0.096,1.061,470.7,617.62
17.24,21.12,14.17,5.71,0.144,1.133,556.6,687.57
13.82,15.3,6.5,3.33,0.105,1.2,464.7,571.68
24.2,3.74,10.47,5.21,0.062,0.813,425.6,554.62
11.53,5.66,10.79,5.01,0.0,0.901,397.9,465.98
22.52,10.62,2.35,3.69,0.119,0.898,419.0,508.72
29.06,4.22,8.34,5.8,0.085,0.6,427.2,544.94
36.54,15.73,4.98,1.53,0.013,1.331,521.6,666.25
26.42,22.35,6.43,7.68,0.078,1.207,553.4,694.08
24.03,19.11,18.15,1.59,0.005,1.083,572.2,682.81
43.07,26.16,1.47,4.18,0.027,1.491,579.7,796.11
27.77,24.51,6.49,0.36,0.08,0.9,503.2,631.68
12.97,15.1,12.56,0.77,0.075,0.949,468.1,573.51
29.75,16.79,13.88,6.45,0.096,1.249,570.5,748.85
14.9,15.71,6.55,5.43,0.079,0.865,431.2,567.95
8.01,29.2,7.92,5.61,0.126,1.034,503.5,628.54
10.99,17.75,16.71,1.92,0.007,0.842,485.0,615.69
7.31,20.44,6.17,4.7,0.123,0.956,418.5,535.24
38.32,13.52,13.79,3.14,0.087,0.725,542.5,669.15
22.11,13.55,12.96,7.18,0.153,1.16,544.7,691.92
24.48,13.67,19.4,5.46,0.129,0.951,540.5,713.78
44.92,20.88,6.1,7.84,0.141,1.124,606.6,762.54
22.79,18.04,1.24,2.43,0.05,1.35,466.1,595.5
13.04,21.25,11.0,4.99,0.117,1.039,511.3,661.69
3.48,16.6,5.42,1.37,0.159,0.929,391.2,531.44
10.92,11.22,12.24,3.98,0.088,0.957,403.5,502.39
26.43,16.92,6.31,6.64,0.027,0.754,432.9,537.11
34.87,11.88,4.19,3.4,0.189,0.766,489.7,614.08
25.59,12.08,3.92,4.1,0.121,0.982,464.4,585.04
25.54,15.84,12.68,2.85,0.036,0.636,515.0,571.11
13.61,19.55,7.57,1.84,0.175,1.109,493.5,655.21
39.87,11.53,5.84,3.62,0.11,1.31,513.8,652.2
18.85,15.52,15.76,5.46,0.08,0.873,531.8,602.62
27.61,27.55,5.19,6.52,0.025,1.061,563.3,654.75
44.94,19.74,7.87,2.72,0.074,0.922,584.6,727.59
13.15,7.25,0.87,5.15,0.233,1.053,371.3,508.16
16.88,21.73,11.99,5.65,0.092,1.142,551.3,679.7
14.7,21.23,6.72,5.56,0.005,1.207,472.7,610.26
33.28,20.56,15.45,1.27,0.173,0.836,589.3,740.95
14.19,19.49,13.25,5.39,0.165,1.172,563.6,663.12
18.98,7.65,9.7,5.87,0.213,1.123,449.9,592.44
13.77,10.77,14.26,7.13,0.049,0.92,428.2,575.47
23.01,17.42,13.97,0.0,0.164,0.794,540.9,686.05
29.59,16.71,12.36,4.74,0.105,1.061,550.1,737.54
26.1,15.04,9.58,4.85,0.076,1.079,521.7,675.41
31.09,14.89,10.44,6.68,0.149,0.987,523.1,655.39
31.31,27.56,2.72,3.3,0.128,1.05,538.0,692.45
35.94,23.02,8.66,3.85,0.047,1.123,614.9,721.16
15.27,17.6,7.38,7.07,0.069,0.825,473.5,601.02
32.3,9.05,9.42,2.93,0.019,0.887,494.8,596.56
32.55,15.53,4.58,5.73,0.183,0.742,484.7,655.87
29.3,8.16,18.43,4.75,0.125,1.189,558.8,670.26
22.81,27.2,9.95,2.25,0.0,0.761,541.8,637.5
25.27,27.46,10.54,4.92,0.113,1.186,596.2,709.61
24.77,22.66,9.46,6.38,0.136,0.876,563.6,720.27
33.38,19.6,15.1,1.38,0.072,0.773,595.6,706.52
4.11,18.59,10.7,5.9,0.174,1.017,474.8,577.2
30.5,10.36,17.51,0.02,0.105,0.871,550.4,686.62
8.36,10.25,10.1,3.68,0.076,1.07,419.0,545.55
26.71,9.96,8.09,4.98,0.039,0.994,471.1,565.06
34.56,24.79,5.33,4.38,0.071,0.982,539.8,721.89
14.48,10.6,10.27,4.9,0.032,1.07,451.0,524.52
29.52,14.62,12.91,6.86,0.121,1.173,559.1,700.98
13.7,15.95,10.47,5.21,0.119,1.13,471.7,598.87
20.58,17.88,6.64,6.06,0.142,1.329,529.1,646.34
21.16,21.41,18.91,6.8,0.022,1.08,558.9,636.61
25.36,3.01,5.08,6.92,0.139,1.319,409.2,549.23
13.63,14.95,5.11,2.21,0.0,1.14,452.8,548.56
19.84,21.97,15.45,2.71,0.152,1.044,575.9,706.98
50.63,9.99,15.27,1.13,0.054,0.902,580.2,678.68
28.24,26.15,10.74,4.35,0.084,0.889,587.1,699.73
14.1,24.78,7.39,5.31,0.056,0.835,503.6,550.53
29.99,19.07,7.83,2.19,0.068,1.123,521.8,628.47
21.83,12.15,12.9,4.34,0.109,0.905,528.0,627.26
20.62,15.68,6.16,4.55,0.045,0.609,426.3,504.71
31.65,5.22,5.49,5.78,0.159,1.382,470.0,620.42
15.31,22.01,11.13,2.29,0.095,0.9,501.9,623.59
20.67,11.23,15.22,2.71,0.092,0.654,475.0,579.85
18.38,13.11,11.97,2.87,0.135,0.987,466.9,616.26
24.8,13.11,7.33,7.49,0.2,1.077,509.3,611.18
17.65,24.3,3.7,0.8,0.0,0.859,409.9,564.73
32.35,24.34,12.23,3.89,0.032,1.131,607.0,752.21
29.33,15.75,6.06,4.93,0.146,0.978,516.4,633.05
29.99,4.85,3.09,2.64,0.069,0.951,437.7,470.86
45.84,18.92,11.15,5.6,0.076,0.876,606.1,773.2
27.95,13.43,2.87,4.04,0.0,0.702,427.3,480.62
4.4,19.13,12.6,0.7,0.095,0.802,466.0,596.09
23.8,8.19,6.7,2.24,0.181,0.835,448.6,547.93
12.96,17.24,4.53,3.53,0.119,0.993,435.0,609.85
32.89,18.06,6.67,8.17,0.106,1.033,569.5,698.25
30.12,23.66,3.72,2.44,0.076,0.866,487.5,627.28
14.68,10.09,10.4,5.14,0.151,0.628,421.6,578.64
42.59,17.15,9.6,1.75,0.02,1.271,570.4,746.93
15.51,16.36,14.94,6.71,0.074,0.767,493.7,576.67
22.19,13.25,9.46,6.92,0.064,0.675,453.3,573.76
19.27,16.07,9.84,4.94,0.107,1.05,473.7,608.14
36.91,21.59,13.73,5.02,0.083,0.772,636.7,748.43
27.31,19.86,8.89,0.51,0.137,0.983,488.5,607.58
29.84,13.79,3.51,4.53,0.045,0.955,463.5,573.05
9.58,8.62,10.84,4.47,0.195,1.183,423.8,519.11
35.33,12.9,11.65,5.57,0.189,1.501,609.1,759.59
27.04,18.73,8.65,3.11,0.043,1.107,506.6,638.25
0.0,15.06,12.16,4.52,0.087,0.963,466.4,548.55
34.56,17.53,2.75,0.0,0.101,0.839,493.9,663.9
19.59,13.03,16.05,4.49,0.134,0.813,494.8,614.57
20.67,8.97,10.63,5.08,0.075,1.19,469.6,555.42
29.45,8.45,8.41,1.91,0.088,0.724,444.8,546.25
0.0,2.92,4.56,4.4,0.007,0.793,286.4,291.27
12.7,20.73,4.86,2.76,0.088,1.162,421.8,576.36
22.34,11.51,8.86,2.58,0.115,0.623,423.1,539.5
25.65,8.16,10.41,4.48,0.129,0.769,451.6,538.19
17.76,17.97,10.5,7.63,0.003,0.779,488.0,616.45
43.24,15.5,11.96,1.72,0.055,1.278,563.7,764.97
38.24,26.39,5.23,1.14,0.06,1.291,595.1,777.07
6.26,12.52,15.64,1.58,0.086,1.14,435.8,578.38
13.16,13.65,4.35,3.2,0.083,1.098,448.1,557.17
28.22,6.87,12.45,1.75,0.15,1.081,466.1,610.89
9.35,18.0,10.61,5.57,0.082,1.017,458.1,602.1
8.94,9.79,15.51,2.14,0.054,1.097,451.7,549.87
32.35,10.21,7.46,4.0,0.124,0.935,506.0,627.22
35.29,9.96,2.64,6.81,0.078,0.926,452.2,556.72
31.93,15.09,11.53,4.01,0.111,0.9,520.4,654.32
29.77,9.55,10.86,2.97,0.096,1.106,491.2,635.49
31.69,11.3,8.63,5.83,0.07,0.721,518.2,617.71
30.25,21.9,3.54,5.7,0.014,0.943,534.2,606.2
16.98,8.62,4.62,4.67,0.081,1.082,440.8,527.25
48.78,13.94,11.35,1.39,0.095,1.075,609.8,715.85
26.96,22.55,6.62,8.7,0.045,1.196,502.9,665.4
0.0,13.7,9.91,7.66,0.134,0.938,370.6,492.29
25.88,16.43,8.14,0.0,0.137,1.078,477.9,614.39
37.02,24.39,10.79,5.84,0.15,1.124,604.9,798.2
10.92,16.18,9.41,1.34,0.064,1.305,470.5,564.38
33.48,15.89,7.9,4.64,0.144,0.825,521.0,714.88
21.36,18.63,5.13,5.57,0.263,1.355,532.1,729.54
21.45,15.15,17.71,6.0,0.035,1.004,520.8,677.58
16.88,17.34,15.63,8.54,0.088,0.793,524.9,641.78
23.96,16.26,1.31,3.76,0.168,0.815,428.6,607.61
27.03,22.72,7.28,2.37,0.092,1.037,528.7,687.41
21.99,25.14,10.3,1.58,0.052,1.044,540.5,625.75
25.45,12.43,14.94,7.7,0.09,0.866,506.5,660.03
30.59,6.33,10.05,4.86,0.076,1.017,460.5,602.48
25.2,18.79,11.91,0.94,0.073,1.034,555.4,692.93
29.98,22.16,21.12,5.78,0.106,0.791,636.7,740.11
27.92,12.75,9.37,3.54,0.102,1.21,465.4,654.12
20.61,22.63,10.82,2.55,0.058,1.036,521.3,601.16
28.67,17.25,10.94,4.9,0.181,0.911,539.1,662.49
16.79,16.57,14.11,3.57,0.142,1.185,531.7,686.04
25.85,19.65,5.95,5.89,0.04,1.194,492.3,654.87
40.6,14.6,6.87,7.52,0.074,0.659,521.2,653.41
8.21,13.56,9.09,8.55,0.088,1.242,444.5,578.18
40.18,6.36,13.67,4.79,0.045,0.903,494.1,584.5
43.56,20.14,6.07,2.97,0.066,0.758,550.0,683.28
32.21,8.71,15.13,2.75,0.054,1.388,535.0,671.79
50.44,9.94,5.14,5.0,0.091,0.781,540.5,695.27
18.34,12.99,16.26,7.83,0.091,0.94,530.3,622.92
21.55,20.4,5.51,8.47,0.047,0.705,494.9,566.63
33.15,13.0,10.99,3.4,0.141,1.02,540.5,644.4
16.78,12.0,11.4,1.03,0.193,0.885,431.6,575.86
46.75,15.55,8.8,2.02,0.066,1.077,557.6,736.77
22.93,23.6,11.25,6.94,0.128,0.764,541.9,610.58
25.59,12.8,16.13,1.39,0.077,0.792,512.6,622.41
26.95,20.53,16.41,3.78,0.184,0.806,550.2,706.4
16.24,10.93,11.96,3.82,0.05,0.952,451.9,549.42
42.86,17.9,13.2,5.29,0.111,0.885,587.5,673.66
17.05,11.23,12.87,5.77,0.063,1.347,468.4,604.94
6.5,13.94,10.82,5.06,0.104,0.881,415.2,529.54
6.57,11.09,9.98,5.72,0.099,1.059,402.4,555.48
40.52,13.73,20.0,7.82,0.008,0.962,612.0,755.8
44.56,24.96,13.37,5.12,0.083,0.797,643.7,738.23
31.38,20.5,12.32,5.71,0.138,0.861,569.8,708.73
18.72,10.04,5.56,7.23,0.064,1.158,453.8,522.58
30.15,11.52,8.13,2.67,0.161,0.921,503.2,630.11
36.22,17.49,10.28,6.38,0.105,1.084,553.3,700.2
9.99,0.37,8.98,6.9,0.063,1.122,351.3,407.27
30.82,11.79,5.47,8.1,0.115,0.751,478.5,609.45
30.68,7.62,18.26,3.64,0.11,0.689,494.5,601.77
30.86,6.84,4.31,5.86,0.092,1.263,447.5,561.16
23.61,0.0,2.25,5.41,0.13,0.903,349.9,485.57
19.46,4.64,2.41,4.81,0.153,1.038,387.3,507.81
54.85,13.02,7.93,6.72,0.175,0.72,574.2,725.32
8.06,20.43,8.68,4.85,0.144,0.845,464.2,589.04
41.07,21.63,7.66,5.81,0.057,1.033,571.2,678.31
22.29,28.67,11.33,6.14,0.057,1.192,561.7,736.74
37.27,18.05,1.5,4.11,0.064,1.048,526.0,647.81
18.2,16.2,6.13,4.16,0.079,0.948,475.9,610.02
24.14,12.42,11.42,3.46,0.141,0.993,490.1,612.89
39.82,12.92,6.52,2.53,0.009,1.069,476.0,602.21
20.37,19.18,3.42,5.82,0.045,0.995,436.3,590.48
13.29,18.98,5.64,6.72,0.044,0.992,460.7,588.8
29.78,13.44,4.85,6.4,0.107,1.092,486.6,640.34
31.86,14.34,11.88,2.5,0.089,0.803,508.0,606.87
18.57,15.37,6.82,3.6,0.042,1.044,459.0,590.93
21.63,27.8,0.69,1.53,0.057,0.912,473.8,662.04
36.8,27.62,12.07,0.0,0.127,1.253,652.9,824.08
9.5,9.65,12.37,5.05,0.093,0.987,412.9,559.39
21.25,10.93,0.0,5.12,0.176,0.939,376.3,491.1
31.28,14.71,7.77,4.1,0.118,1.002,518.4,622.39
27.54,15.46,5.95,6.16,0.09,0.6,467.2,561.82
29.73,12.96,12.4,4.58,0.11,1.16,540.2,664.1
22.96,28.46,8.97,4.41,0.17,1.047,531.4,737.93
49.77,12.39,8.21,0.0,0.114,1.162,557.9,694.99
15.82,15.52,12.8,3.07,0.0,0.98,462.9,620.28
30.93,23.15,12.73,4.14,0.134,1.032,600.2,713.44
15.66,11.49,9.9,5.66,0.127,1.254,468.4,600.13
46.75,6.07,11.69,2.02,0.116,0.803,524.2,658.28
27.21,25.42,7.64,3.88,0.085,0.877,540.4,624.0
7.1,11.25,12.98,0.0,0.051,1.292,427.2,553.64
10.89,18.6,7.31,2.84,0.137,1.154,450.8,550.26
28.72,13.37,5.62,7.87,0.041,0.959,493.8,557.07
38.56,19.42,10.48,0.42,0.051,1.101,580.0,664.05
15.66,12.04,4.51,3.68,0.108,0.854,384.6,517.77
0.0,20.27,4.32,3.62,0.096,0.886,394.8,522.81
44.76,14.87,12.63,4.2,0.131,0.6,551.0,648.67
17.01,7.88,12.39,7.9,0.208,0.947,481.0,575.3
5.86,6.84,0.63,4.84,0.071,0.971,342.4,456.64
38.98,14.76,11.33,2.31,0.086,0.96,553.3,684.38
25.62,24.58,9.54,9.08,0.134,1.108,563.0,752.04
12.88,13.06,5.06,7.97,0.069,0.924,416.0,552.11
35.98,11.67,14.6,3.29,0.098,0.936,533.2,627.12
44.11,18.73,9.95,4.3,0.041,0.814,582.6,641.63
18.34,10.96,1.94,2.81,0.123,0.976,403.6,571.05
30.47,7.8,2.1,5.3,0.058,1.278,376.8,479.3
11.51,24.06,4.42,3.67,0.113,1.056,464.1,608.84
31.77,0.0,7.87,4.42,0.159,1.091,424.5,555.63
23.14,4.84,10.62,2.77,0.108,0.866,421.7,566.38
10.99,10.83,9.13,3.08,0.06,0.745,386.2,502.76
0.0,10.68,15.91,3.18,0.076,0.865,392.4,499.06
32.5,10.11,7.5,2.87,0.062,0.813,445.0,552.16
31.33,23.11,5.02,5.16,0.0,0.889,520.5,615.49
7.89,23.62,10.69,8.26,0.168,1.064,521.0,669.3
43.95,19.46,7.39,2.36,0.116,1.39,596.0,793.82
29.4,9.31,2.48,6.45,0.106,1.018,418.9,515.97
37.09,13.94,11.39,0.11,0.2,1.214,569.3,673.19
21.98,13.08,8.53,4.68,0.185,1.089,451.5,649.13
3.58,10.65,11.84,4.54,0.075,1.039,417.7,530.78
29.53,7.59,10.83,2.11,0.028,1.421,514.6,632.6
31.18,8.61,2.97,5.42,0.1,1.048,454.4,520.2
33.63,15.19,7.79,4.74,0.077,1.419,534.6,695.76
17.12,14.49,14.04,6.84,0.138,0.951,499.9,595.44
30.34,9.77,11.22,5.16,0.02,1.036,509.1,612.75
30.77,19.42,7.73,6.69,0.006,1.159,547.5,668.76
30.75,15.72,2.62,4.07,0.039,1.216,478.9,636.55
14.5,8.55,10.58,6.16,0.007,1.123,434.2,500.08
26.73,13.65,10.33,1.88,0.03,1.184,495.6,642.01
22.73,24.62,14.64,3.03,0.157,0.961,589.4,672.83
21.71,15.88,10.0,3.56,0.217,1.087,543.7,669.85
37.14,8.85,13.41,0.55,0.144,1.367,557.2,735.22
23.66,15.47,4.42,5.02,0.0,1.495,468.4,658.86
31.63,16.22,5.15,2.11,0.173,1.155,540.5,646.49
31.63,13.35,12.29,3.36,0.11,1.365,547.9,711.32
43.3,15.75,5.74,5.13,0.155,1.101,603.5,734.62
45.51,8.96,12.95,5.08,0.003,1.03,565.2,618.59
56.0,10.74,7.17,5.82,0.123,0.932,564.2,683.08
26.44,27.69,5.34,5.14,0.121,0.909,553.3,647.19
31.92,23.13,10.06,3.9,0.088,1.103,562.3,690.09
0.0,21.02,2.46,3.29,0.028,0.871,351.6,469.34
24.72,8.55,4.65,3.38,0.025,0.729,390.4,507.04
34.82,4.58,8.06,7.48,0.188,1.064,490.2,639.46
21.3,9.45,1.23,0.89,0.051,1.23,423.1,525.55
46.84,17.31,0.96,4.19,0.132,1.193,542.7,728.09
25.94,19.43,15.52,6.63,0.068,1.242,570.8,738.39
14.14,18.74,8.83,4.51,0.036,1.106,472.7,630.0
24.18,18.46,20.16,0.0,0.114,0.841,573.9,710.55
26.71,22.64,10.05,4.39,0.116,1.121,565.5,723.82
26.97,22.06,10.61,4.55,0.199,1.541,624.5,733.52
10.68,15.25,8.82,3.91,0.134,1.062,437.3,577.95
37.87,24.21,7.05,4.6,0.105,0.97,575.2,731.54
18.9,7.61,9.26,0.81,0.142,1.105,443.0,558.16
18.28,15.72,8.24,7.49,0.169,0.692,493.4,638.71
25.75,18.07,11.42,3.59,0.149,1.485,576.9,704.37
0.59,11.61,1.97,0.84,0.052,0.812,310.4,411.89
30.64,13.79,3.59,4.06,0.117,0.89,462.8,584.43
22.46,14.2,10.96,5.67,0.136,0.898,467.4,574.57
20.82,18.81,10.83,4.81,0.103,1.096,525.6,693.46
42.82,15.66,9.18,4.73,0.007,0.971,568.8,716.71
23.45,12.77,5.07,2.45,0.106,0.988,410.8,547.98
22.12,17.81,7.34,5.08,0.134,0.953,452.4,551.34
52.22,25.83,2.19,2.87,0.063,0.603,597.5,681.36
19.68,13.39,11.16,4.04,0.0,1.051,449.1,550.62
14.31,20.3,10.18,5.45,0.099,1.113,508.5,619.42
26.69,7.81,6.83,7.1,0.057,1.094,417.6,540.04
21.19,20.31,10.23,4.19,0.026,0.793,483.9,568.63
11.68,17.71,11.59,6.3,0.057,0.829,449.4,589.87
37.81,10.0,14.76,6.37,0.121,1.058,541.9,719.93
38.1,21.62,8.93,3.69,0.154,1.033,596.6,764.06
29.58,15.43,2.92,5.35,0.143,1.058,475.3,595.31
22.24,5.91,13.5,6.24,0.122,0.693,480.2,570.66
47.67,7.22,7.47,2.55,0.001,0.873,543.6,666.32
14.52,12.49,1.89,5.9,0.152,0.794,359.9,483.78
21.17,27.64,10.56,9.12,0.104,0.938,600.7,728.63
6.32,7.55,5.48,2.42,0.139,1.145,361.7,481.74
9.16,21.37,5.99,4.64,0.166,1.009,468.5,630.16
17.28,12.21,13.03,6.94,0.028,1.174,494.2,612.35
24.32,20.53,15.33,2.92,0.123,0.679,562.9,703.04
39.0,31.01,9.85,8.9,0.145,0.909,658.6,781.23
33.03,21.57,11.97,4.0,0.074,0.841,579.8,670.79
28.27,13.99,7.06,3.02,0.073,0.967,507.7,590.93
22.36,19.34,12.14,5.57,0.084,0.767,484.8,634.11
31.2,16.44,14.58,2.49,0.205,0.919,527.2,712.48
27.35,20.19,6.57,3.8,0.148,1.142,546.1,707.31
5.93,15.3,4.31,4.8,0.098,1.041,400.4,471.95
41.03,16.52,6.92,5.03,0.154,1.078,576.1,670.94
21.72,21.51,9.27,5.51,0.036,1.422,505.1,667.62
5.86,11.59,10.68,6.03,0.047,0.871,405.5,444.32
21.12,3.49,9.54,1.59,0.075,1.335,436.0,568.03
39.43,9.99,9.48,5.53,0.066,1.033,535.2,601.14
39.87,11.77,14.24,5.33,0.007,0.985,592.1,647.69
25.68,11.94,6.8,6.88,0.098,1.209,503.4,603.42
27.07,14.24,5.32,0.2,0.09,0.949,478.5,566.8
26.12,13.02,15.16,1.26,0.161,0.946,511.6,664.22
13.38,9.46,4.07,0.53,0.069,0.853,347.2,433.42
20.59,9.96,10.05,5.61,0.121,1.038,475.1,597.36
40.53,14.52,19.48,1.5,0.145,0.856,601.5,771.22
39.74,10.51,9.62,3.96,0.102,1.13,558.0,699.84
40.25,16.92,7.24,7.87,0.051,1.07,541.3,592.71
28.46,9.59,8.38,4.0,0.109,0.973,474.9,567.68
16.75,14.11,6.1,3.6,0.139,1.12,402.8,575.91
21.91,14.33,13.72,0.03,0.035,0.721,487.7,548.19
43.93,14.69,9.63,3.5,0.145,1.144,586.3,757.73
27.93,17.69,12.1,5.76,0.17,0.873,561.5,677.86
32.33,1.76,13.21,1.71,0.13,0.891,472.1,564.09
39.37,19.7,9.31,2.92,0.102,0.653,567.2,664.57
32.02,16.01,14.22,6.13,0.213,1.194,584.0,788.13
39.88,26.25,4.12,1.62,0.077,0.733,563.9,650.45
26.37,4.41,11.14,3.88,0.165,1.173,492.7,611.64
38.64,16.15,7.72,5.2,0.091,1.084,526.8,722.47
22.05,17.42,3.67,6.98,0.087,0.698,464.4,540.21
30.88,13.47,3.18,5.87,0.132,0.896,465.3,585.14
20.2,17.18,12.39,4.64,0.147,1.013,503.0,590.6
19.83,23.37,7.83,2.18,0.078,0.964,474.4,592.62
19.44,14.14,0.0,4.99,0.066,0.641,423.6,467.21
19.6,13.03,18.33,5.51,0.17,0.704,496.5,650.08
24.54,26.08,7.83,4.91,0.058,0.819,476.0,607.61
33.71,11.09,5.54,6.01,0.086,0.966,493.9,627.91
31.97,5.45,5.02,6.12,0.087,1.137,461.2,566.83
33.86,13.21,7.07,4.47,0.142,1.064,482.7,667.61
18.55,28.02,12.43,1.36,0.136,1.174,559.4,660.06
39.37,16.13,12.25,5.75,0.12,1.036,585.0,732.16
29.21,9.91,9.47,2.53,0.123,0.755,479.1,563.18
42.53,15.19,3.76,7.04,0.045,1.026,524.0,649.5
18.39,10.06,5.85,1.5,0.152,0.837,415.8,531.37
6.02,18.7,6.82,7.26,0.076,0.89,427.4,521.26
37.24,16.54,11.93,7.66,0.034,0.863,598.9,700.77
28.96,23.47,12.92,4.82,0.14,1.368,616.8,723.01
17.09,16.23,17.38,6.15,0.099,1.073,534.8,673.42
19.45,11.96,5.87,3.63,0.12,1.096,429.8,537.14
31.1,15.79,6.05,2.48,0.211,0.933,483.9,620.24
30.9,25.77,4.0,3.62,0.11,0.853,538.3,642.95
28.48,12.37,5.75,2.93,0.131,0.958,460.2,557.87
11.69,17.37,1.97,5.88,0.221,0.916,388.0,535.39
28.06,20.34,7.77,3.61,0.131,0.973,554.5,639.41
13.56,15.75,12.04,3.44,0.017,1.054,488.0,601.97
19.76,23.21,9.14,8.59,0.128,1.25,556.8,668.36
26.35,8.24,17.84,8.25,0.143,1.041,538.1,644.56
52.83,12.45,4.17,6.09,0.078,0.682,551.1,676.56
18.17,14.73,10.03,4.33,0.177,1.153,458.2,646.61
37.28,13.8,9.48,4.57,0.043,0.845,528.6,613.85
13.73,14.07,16.4,5.81,0.053,1.007,498.1,632.95
18.09,10.34,5.05,3.38,0.045,1.365,436.6,514.51
25.09,11.54,10.09,8.48,0.061,1.297,487.9,619.02
14.21,15.68,10.87,11.9,0.076,1.075,496.9,639.9
12.56,11.71,12.93,5.94,0.106,0.909,458.0,578.68
14.79,20.38,5.64,3.2,0.171,1.011,454.1,623.07
17.0,21.45,8.62,4.68,0.17,0.912,513.2,640.33
22.27,23.02,8.86,4.06,0.091,1.222,559.2,682.75
26.0,4.44,13.22,7.07,0.078,1.111,473.1,586.33
30.6,23.54,13.47,3.99,0.075,1.02,622.3,669.86
16.11,9.01,3.2,4.81,0.0,0.882,386.4,416.53
34.17,20.95,7.73,6.11,0.03,1.134,516.2,700.73
34.28,16.47,16.39,4.16,0.074,0.968,548.9,694.6
19.38,17.04,1.81,7.56,0.04,1.244,447.3,526.87
29.57,18.62,6.18,6.53,0.0,0.873,485.8,620.37
21.87,12.07,7.26,5.97,0.082,0.88,464.0,547.87
39.71,1.98,2.96,7.21,0.149,1.131,456.2,622.4
35.81,15.33,12.56,5.72,0.12,1.177,525.2,662.11
29.95,13.76,11.93,4.79,0.0,1.32,542.2,725.89
16.17,32.18,8.56,2.96,0.15,1.271,563.6,752.48
32.14,6.7,9.79,0.0,0.134,0.914,440.5,526.77
24.42,19.5,9.26,3.49,0.136,1.118,542.5,661.74
36.87,13.11,6.0,6.04,0.129,0.965,536.3,627.57
21.3,16.93,10.52,5.35,0.118,1.032,527.4,619.68
15.39,15.25,4.78,1.24,0.098,0.792,428.0,526.99
33.79,18.66,9.47,8.06,0.136,0.811,552.9,715.4
18.15,25.23,10.66,6.06,0.094,0.723,549.7,638.95
45.85,15.86,6.0,4.3,0.123,1.288,618.2,739.79
53.93,17.53,4.24,0.62,0.141,0.96,578.5,700.24
10.56,15.61,6.07,2.58,0.213,1.163,458.5,624.83
15.54,7.71,9.32,5.33,0.144,1.143,444.3,566.8
34.51,21.0,9.11,3.65,0.022,0.888,558.0,677.97
42.89,17.94,5.1,4.44,0.068,0.948,545.9,700.51
31.55,5.61,7.63,3.41,0.1,0.978,441.1,610.72
25.03,2.97,6.81,4.6,0.03,1.083,366.6,446.28
19.28,19.65,13.0,0.0,0.045,1.082,529.9,662.72
38.2,12.32,3.86,3.78,0.142,0.906,513.4,580.77
20.28,18.75,6.79,3.69,0.091,1.232,464.7,633.56
0.0,18.83,8.27,5.24,0.058,0.924,412.6,481.99
34.36,6.96,13.43,9.91,0.087,0.861,512.4,605.09
27.6,22.42,2.39,9.35,0.106,0.771,509.4,640.31
30.72,7.24,0.93,5.83,0.162,1.128,454.0,578.42
21.65,19.5,20.63,4.73,0.149,0.993,591.5,661.11
11.08,12.92,11.14,2.88,0.056,0.877,421.2,560.84
58.67,5.58,8.78,2.96,0.093,1.211,531.5,686.94
49.6,19.72,12.7,6.25,0.187,0.812,677.1,792.17
29.61,26.21,6.81,4.75,0.147,0.88,520.3,655.05
29.12,4.63,0.0,3.62,0.039,0.942,375.5,514.83
18.42,12.73,11.57,2.1,0.084,0.706,451.0,556.78
14.07,7.26,7.12,8.01,0.071,1.176,442.7,541.24
30.75,29.67,4.16,2.31,0.045,1.238,587.8,762.71
28.48,13.29,14.63,4.39,0.023,0.965,539.4,650.05
22.7,14.73,6.36,9.56,0.162,1.075,484.8,599.63
31.4,24.29,14.05,3.88,0.177,0.739,585.4,745.5
23.82,13.91,12.66,3.96,0.069,1.084,543.0,653.59
39.56,18.13,4.22,5.84,0.112,1.206,580.4,740.86
34.91,19.08,5.51,3.41,0.117,0.74,523.2,650.98
38.78,21.08,5.57,5.09,0.186,0.6,556.2,687.42
8.75,17.58,4.73,5.15,0.179,1.287,456.9,619.87
18.75,19.05,14.91,3.95,0.159,0.945,548.1,626.57
37.1,4.65,8.82,2.44,0.058,0.983,472.6,530.77
34.7,15.48,12.28,6.61,0.07,1.134,529.5,629.14
12.13,19.06,12.83,2.98,0.0,0.988,439.7,581.84
46.22,15.79,9.65,2.89,0.046,0.836,556.1,704.39
32.39,18.47,12.27,5.54,0.114,0.757,571.9,709.04
14.63,13.39,3.17,5.83,0.123,1.12,414.0,527.85
23.24,18.1,6.6,2.26,0.015,1.2,477.0,629.6
26.26,8.53,12.22,6.3,0.116,0.997,495.9,610.64
11.38,10.96,3.7,0.91,0.242,0.853,391.7,511.7
38.79,16.53,12.43,4.91,0.131,1.234,627.3,790.1
31.07,21.67,11.12,0.41,0.118,1.124,590.2,746.79
34.75,15.11,12.19,7.29,0.053,1.019,559.7,685.35
18.25,11.19,12.97,5.39,0.093,0.966,460.9,591.91
12.39,18.45,3.71,4.79,0.062,0.976,426.2,539.76
27.18,7.75,10.47,5.89,0.117,1.154,478.7,605.55
25.71,13.6,14.41,5.57,0.13,1.145,550.5,658.47
34.62,23.48,10.75,3.18,0.07,1.025,573.2,709.24
25.3,24.55,12.21,1.8,0.028,1.283,563.7,649.25
32.4,20.8,9.82,2.09,0.152,0.791,549.3,640.34
30.49,3.0,8.64,5.1,0.153,0.993,466.6,597.69
57.13,18.25,1.78,3.59,0.063,0.839,567.4,705.74
33.8,10.55,7.88,6.67,0.207,0.98,490.1,636.1
38.03,20.76,10.69,0.7,0.178,1.076,589.5,697.32
27.5,15.71,9.05,3.63,0.234,1.137,521.5,694.02
21.77,15.27,9.55,1.71,0.102,1.162,474.4,621.67
10.73,19.78,5.64,0.0,0.091,0.852,399.2,517.11
40.7,9.29,14.4,8.95,0.185,1.209,609.5,765.16
31.56,8.83,11.95,2.01,0.074,0.852,466.0,565.44
19.84,20.19,9.71,7.37,0.13,1.104,525.1,680.6
16.64,9.69,9.45,2.76,0.093,0.898,400.7,498.93
39.83,13.58,6.34,2.98,0.043,1.067,458.6,612.37
31.1,17.45,11.9,4.5,0.0,0.609,546.0,616.76
20.17,12.97,8.59,2.94,0.216,0.906,477.0,586.45
37.83,12.31,15.63,4.51,0.142,0.976,557.3,740.55
12.67,24.52,16.58,5.65,0.0,1.167,526.7,665.79
21.78,17.41,9.67,6.98,0.078,0.765,504.5,611.13
8.99,12.09,4.6,1.86,0.077,0.788,388.4,436.69
29.03,22.88,12.63,5.64,0.131,1.018,573.4,708.85
18.41,1.83,10.72,2.49,0.103,1.162,384.6,515.61
1.69,11.42,1.43,4.78,0.11,0.998,319.2,478.95
27.34,18.58,8.94,3.18,0.106,1.308,539.7,681.64
15.36,19.6,11.81,2.45,0.131,0.992,492.7,580.06
25.08,10.65,8.44,1.87,0.141,0.909,434.3,567.33
22.61,8.06,5.89,7.42,0.229,0.792,438.7,543.68
29.46,7.69,0.0,7.68,0.077,1.173,454.7,570.98
28.79,19.06,8.13,6.07,0.026,0.683,515.1,612.03
17.89,8.89,5.85,4.54,0.166,1.027,419.5,552.17
24.62,17.76,15.61,6.08,0.0,1.103,510.2,687.95
17.86,15.57,14.09,2.79,0.046,1.097,536.2,642.73
25.22,20.37,11.97,5.98,0.065,0.848,528.9,678.48
12.69,27.22,1.74,5.22,0.13,1.167,473.9,646.61
9.37,15.02,6.06,2.66,0.111,0.907,429.1,547.31
14.57,17.95,1.45,4.77,0.105,0.966,421.2,585.16
36.06,22.27,10.19,7.56,0.028,1.094,556.1,678.96
21.0,20.51,7.89,1.12,0.067,1.188,480.5,617.86
18.97,12.75,11.56,5.17,0.018,0.972,462.5,560.49
27.75,16.67,10.1,4.1,0.146,0.774,485.0,607.61
25.32,13.26,10.2,2.86,0.124,1.286,514.3,655.58
29.02,25.6,8.9,5.34,0.113,0.787,551.9,693.79
34.56,12.78,12.4,7.26,0.148,0.951,582.2,686.08
19.38,7.01,9.31,4.63,0.106,0.902,415.3,538.59
34.77,4.6,6.09,3.68,0.164,1.131,455.4,627.44
11.75,20.06,9.81,7.91,0.134,0.932,481.6,570.64
16.84,23.37,4.3,2.0,0.045,1.02,494.6,602.45
17.94,25.08,9.91,2.33,0.082,0.87,495.2,641.81
20.38,9.76,9.64,7.38,0.0,0.841,415.9,508.06
28.55,0.0,9.11,2.33,0.086,0.78,415.2,481.37
41.68,14.12,5.61,5.67,0.054,0.957,531.0,636.94
10.27,7.58,5.42,0.0,0.036,1.355,339.5,480.74
15.73,17.2,7.24,3.45,0.066,1.014,446.8,548.73
18.5,15.85,3.81,7.52,0.164,0.738,434.5,541.1
15.92,16.53,7.47,3.58,0.026,1.399,457.4,603.49
23.21,17.86,10.99,3.39,0.203,0.916,545.8,638.33
16.17,17.26,11.53,0.54,0.117,0.904,475.5,599.83
36.42,31.67,10.26,0.0,0.0,1.063,611.0,758.81
30.04,19.04,14.65,3.25,0.086,1.229,616.5,694.78
26.9,11.52,12.26,8.43,0.088,1.088,545.3,587.84
29.26,14.94,10.09,1.35,0.09,1.091,507.9,614.42
20.38,13.43,6.78,2.66,0.157,0.9,423.4,524.24
14.84,14.95,9.98,4.83,0.205,1.156,477.3,665.92
41.71,17.82,7.47,8.28,0.135,1.172,567.4,675.35
10.5,17.88,0.0,2.29,0.067,0.98,404.0,490.66
29.82,12.31,17.38,4.81,0.0,1.102,572.6,703.89
16.25,21.37,12.47,2.31,0.129,0.693,501.1,629.24
28.84,16.47,7.54,3.58,0.194,0.949,481.5,626.43
16.17,13.15,18.62,6.55,0.087,0.6,492.8,628.51
32.2,19.84,12.48,5.5,0.152,0.879,562.0,785.45
20.64,21.09,3.73,2.41,0.196,1.079,474.8,626.26
12.7,15.73,10.99,3.68,0.142,0.63,472.9,634.37
21.83,1.34,6.46,5.41,0.132,0.897,396.5,492.61
15.97,4.69,3.44,3.32,0.073,0.853,358.3,492.21
27.33,13.07,8.64,6.56,0.117,0.868,455.9,662.17
16.75,4.34,10.59,3.8,0.08,1.416,436.4,581.62
23.74,18.17,16.85,5.29,0.146,0.965,570.9,703.97
19.34,2.47,10.02,0.34,0.144,0.841,392.2,508.24
29.58,13.12,6.72,6.86,0.1,0.996,510.2,620.88
27.23,18.27,11.03,5.9,0.064,0.654,506.6,622.93
11.53,17.34,14.28,0.93,0.051,0.729,452.9,584.73
7.77,9.03,11.84,3.34,0.115,1.199,428.1,529.66
19.52,30.06,12.32,2.56,0.078,1.376,571.4,699.12
27.67,9.58,10.01,3.06,0.037,1.09,461.7,576.78
39.95,9.78,11.72,0.28,0.001,1.493,537.0,652.21
44.14,26.23,10.03,6.62,0.104,0.69,635.4,783.71
19.49,18.31,18.03,5.07,0.082,1.035,566.4,681.36
24.24,9.65,0.88,1.98,0.137,1.035,402.0,495.62
27.61,11.14,13.05,3.97,0.035,1.262,514.8,646.9
28.93,23.15,10.54,1.7,0.148,1.07,554.7,722.12
34.89,14.34,15.14,5.65,0.045,0.697,537.5,634.15
29.66,14.29,5.98,7.26,0.08,1.169,515.9,623.59
37.05,6.37,12.79,7.41,0.141,1.051,510.2,649.71
13.92,14.93,14.6,2.93,0.046,0.834,473.3,596.87
26.8,19.17,8.16,5.15,0.064,0.71,518.7,629.65
19.3,20.98,10.12,4.74,0.167,0.669,498.4,618.07
35.18,6.05,11.07,0.99,0.0,1.332,485.8,645.44
8.67,19.25,8.02,1.29,0.107,0.748,413.9,530.93
2.26,11.34,8.63,4.41,0.048,0.867,389.7,459.71
40.8,29.87,6.49,5.14,0.147,0.944,628.9,792.17
31.52,12.79,2.94,5.29,0.083,1.061,459.2,598.26
30.0,8.6,14.1,2.97,0.112,0.724,490.9,609.72
13.81,13.51,9.65,0.62,0.096,1.007,460.9,576.18
19.2,10.49,9.09,4.11,0.065,1.03,447.9,527.42
8.99,22.37,8.92,7.45,0.137,1.379,505.5,631.79
13.07,14.26,6.42,4.15,0.118,1.081,460.9,591.12
11.58,18.07,9.74,6.19,0.09,0.892,479.5,590.96
41.87,16.06,7.6,3.46,0.07,0.904,567.0,658.54
32.92,20.59,6.38,5.49,0.194,0.979,574.5,697.07
19.04,4.12,5.71,3.58,0.096,0.982,382.6,479.48
21.92,22.49,18.46,4.01,0.061,0.765,592.3,696.43
41.59,13.71,7.59,2.2,0.05,1.089,529.2,666.89
28.41,11.38,8.67,5.75,0.0,0.88,463.7,612.38
7.41,23.14,8.4,4.58,0.097,0.905,448.0,490.86
12.49,4.58,7.64,5.7,0.102,1.297,410.3,544.95
10.42,29.18,10.89,4.72,0.0,1.442,536.6,737.75
33.71,11.69,5.95,7.32,0.061,0.923,481.3,639.31
41.68,20.56,12.19,3.46,0.066,0.98,607.7,778.79
24.56,8.43,7.33,3.98,0.055,0.896,453.4,550.28
23.7,22.66,8.92,5.27,0.152,0.977,567.6,725.96
29.34,9.55,10.91,1.12,0.084,0.91,473.5,614.03
18.93,19.8,9.29,8.04,0.172,0.737,485.3,632.6
14.06,10.15,14.59,4.46,0.06,0.733,428.7,559.04
24.51,10.92,13.34,3.25,0.079,1.07,465.9,595.59
45.58,12.83,12.15,6.74,0.103,1.102,626.8,746.74
38.75,6.3,6.76,3.99,0.132,0.996,466.0,570.06
47.54,18.42,4.63,3.48,0.101,0.975,565.8,689.18
23.41,19.82,19.33,6.86,0.14,0.737,566.3,725.0
15.19,21.82,11.61,6.55,0.123,1.087,512.2,644.24
12.31,13.77,5.94,4.85,0.058,0.94,425.5,521.36
17.86,14.22,8.9,5.65,0.118,1.117,457.0,659.06
29.86,20.84,6.76,0.85,0.042,1.088,505.9,629.35
17.47,10.55,10.92,1.16,0.022,1.05,453.7,547.45
24.09,17.78,6.74,4.72,0.045,1.091,472.9,555.83
17.36,11.42,12.03,5.71,0.093,1.028,483.8,598.91
16.54,27.88,12.84,3.59,0.136,1.012,565.8,699.09
21.76,15.4,1.56,1.31,0.111,1.114,450.3,615.22
0.0,19.02,8.39,1.84,0.027,1.075,436.6,515.55
32.37,21.37,5.41,0.64,0.05,1.001,495.8,623.08
28.08,6.27,10.16,2.57,0.092,1.105,447.7,559.99
31.46,12.22,7.34,4.77,0.134,1.032,516.8,610.07
18.07,22.86,13.95,5.93,0.109,1.431,575.7,780.67
27.18,13.16,15.1,5.4,0.069,0.871,510.3,687.3
14.08,12.39,4.29,3.1,0.12,0.915,441.1,546.81
0.0,16.31,10.36,1.37,0.064,0.98,423.1,537.99
17.66,7.83,3.15,4.14,0.156,0.919,393.5,482.7
22.57,18.25,8.54,5.64,0.066,1.119,509.2,662.28
32.55,11.28,3.03,5.9,0.129,1.022,447.2,537.5
34.23,10.85,11.34,7.51,0.023,0.987,496.1,604.13
29.45,8.03,7.81,8.98,0.113,0.915,483.2,591.14
9.56,17.38,9.83,4.15,0.101,0.891,467.2,550.47
25.5,9.94,9.51,3.79,0.104,0.786,441.1,551.94
32.07,22.16,4.66,2.77,0.11,1.119,566.2,671.96
38.87,4.66,5.02,4.64,0.14,0.864,472.1,586.67
28.8,13.56,4.05,5.99,0.137,0.874,489.4,564.83
28.65,0.54,13.93,8.06,0.063,1.012,457.2,548.04
29.57,16.27,13.18,5.67,0.096,0.781,519.8,595.26
18.98,26.79,9.64,0.77,0.103,1.065,537.9,674.27
26.35,10.19,5.81,5.91,0.103,1.09,442.8,604.94
29.27,16.65,13.96,6.89,0.111,1.218,587.7,731.45
46.36,8.65,14.93,1.41,0.023,1.089,590.8,696.97
15.5,15.43,16.05,5.82,0.022,0.945,474.5,533.18
0.0,17.27,14.15,2.45,0.078,1.071,454.9,539.17
34.65,21.48,5.27,7.06,0.123,0.91,547.8,677.97
9.47,10.58,2.96,4.74,0.116,0.98,385.6,536.68
5.84,22.19,13.51,0.0,0.043,0.908,460.7,581.85
10.73,22.99,12.79,7.63,0.082,0.862,514.2,688.97
21.93,16.09,7.1,6.69,0.089,0.939,479.3,637.96
16.61,22.93,14.11,7.58,0.085,0.943,526.0,636.39
27.06,9.33,17.22,2.81,0.079,1.004,496.4,644.91
6.86,11.48,7.56,1.58,0.022,0.757,379.3,404.12
30.21,14.03,8.43,3.52,0.0,1.099,488.7,645.41
26.87,19.67,9.2,2.03,0.096,0.984,520.2,611.49
10.99,21.4,7.92,4.19,0.07,0.868,455.2,599.84
13.85,7.01,3.92,2.53,0.067,0.725,354.5,436.43
25.47,18.57,12.46,2.33,0.151,0.929,532.7,646.57
23.45,23.15,2.69,4.71,0.056,1.195,490.9,596.23
20.8,16.69,11.16,5.32,0.1,0.908,492.5,661.38
22.6,15.85,9.22,7.06,0.095,1.067,520.1,609.89
30.31,11.67,8.52,4.92,0.044,1.294,500.8,616.36
0.0,7.15,7.13,6.02,0.076,1.053,353.1,461.68
29.02,14.2,11.95,4.65,0.094,1.315,530.0,668.71
14.32,19.43,5.77,8.23,0.023,1.059,475.9,560.93
40.38,13.67,3.45,2.77,0.114,1.293,518.8,690.34
34.57,15.96,11.4,6.55,0.049,0.872,536.5,702.0
0.0,20.3,8.24,1.62,0.032,0.867,383.5,508.72
25.78,20.71,10.93,4.02,0.0,1.045,538.6,644.6
25.71,13.28,11.23,9.58,0.066,1.051,519.7,604.99
48.01,19.24,12.71,3.56,0.143,0.954,639.1,768.24
23.22,11.19,9.59,3.64,0.13,0.997,468.5,599.9
21.03,17.54,0.26,4.28,0.098,0.746,397.7,505.11
32.89,12.28,11.54,7.7,0.147,1.105,550.7,671.76
29.14,22.19,12.24,1.91,0.074,1.049,554.3,664.15
52.62,17.2,5.91,4.9,0.112,1.029,610.9,755.79
2.29,19.38,5.3,8.37,0.17,0.875,411.2,529.51
24.13,16.35,14.47,2.61,0.102,0.857,544.1,677.03
29.62,15.58,3.06,5.06,0.084,0.839,451.5,590.76
24.84,19.69,7.3,6.58,0.211,1.082,508.1,668.11
20.64,26.37,9.78,5.31,0.113,0.694,532.8,620.99
22.66,10.4,6.18,5.82,0.049,0.947,441.4,484.94
26.74,16.15,5.31,2.53,0.117,1.145,458.3,597.29
15.19,10.89,3.89,6.67,0.184,1.082,426.8,575.24
9.21,10.18,7.96,4.23,0.118,0.823,408.7,552.15
36.84,8.2,2.88,2.65,0.061,1.016,437.5,516.23
23.13,16.52,0.19,4.65,0.088,1.233,463.2,588.46
38.92,4.52,8.7,5.21,0.063,1.226,504.3,645.65
23.87,14.57,5.37,3.44,0.124,1.411,484.2,608.61
17.27,13.24,7.24,8.28,0.112,0.917,476.6,616.08
26.08,16.02,13.73,4.26,0.048,0.972,522.4,672.83
15.2,17.41,7.47,3.93,0.027,1.103,451.3,520.73
17.29,13.2,16.29,4.76,0.083,0.823,497.4,599.91
19.78,9.04,17.37,5.37,0.099,0.776,499.9,573.78
22.9,17.66,11.32,6.81,0.167,0.851,530.3,680.34
35.61,5.52,0.0,5.34,0.104,0.888,410.2,555.21
22.89,23.38,12.19,3.92,0.065,0.852,545.2,656.28
24.79,7.8,9.22,3.72,0.153,0.908,476.5,594.05
26.1,1.91,11.04,7.19,0.117,1.068,460.4,569.96
36.24,1.59,3.08,4.99,0.097,1.005,422.4,526.09
22.0,15.3,16.55,4.07,0.104,0.842,547.2,625.04
14.97,14.08,4.26,1.39,0.085,1.035,401.1,516.68
18.86,20.47,3.95,5.15,0.149,1.072,505.7,651.68
32.69,12.08,10.85,3.63,0.117,1.218,532.0,662.37
14.12,17.12,5.54,4.8,0.024,0.6,409.3,470.32
35.15,16.13,14.93,4.24,0.071,1.009,554.4,692.33
38.38,24.65,8.76,7.23,0.098,0.823,590.5,717.02
20.39,15.05,8.19,5.13,0.12,0.861,444.7,589.89
12.3,6.64,13.05,4.89,0.056,0.682,394.5,484.06
37.64,21.81,10.15,2.7,0.19,0.832,595.7,712.98
32.19,12.74,3.59,3.02,0.075,0.965,473.5,592.05
18.48,8.24,11.26,7.11,0.129,0.996,466.8,539.94
37.63,11.25,11.38,5.71,0.141,1.229,553.5,726.45
37.73,20.01,10.17,6.3,0.149,0.953,585.7,700.99
16.18,17.7,7.88,1.45,0.153,1.134,447.6,604.13
17.67,21.72,6.27,5.14,0.087,1.114,511.6,639.97
23.53,12.51,11.95,4.89,0.176,1.197,504.8,684.75
38.08,22.12,10.02,2.3,0.16,1.007,614.3,761.03
29.05,15.95,8.67,3.16,0.04,0.897,482.2,534.2
27.24,32.94,13.09,7.66,0.042,0.992,642.3,792.03
31.88,6.72,5.3,7.52,0.108,1.081,457.7,622.86
10.8,12.89,7.36,5.26,0.106,1.114,441.1,542.06
27.15,17.71,16.78,10.17,0.091,1.363,606.8,764.15
19.89,14.75,10.98,3.5,0.085,1.091,477.3,593.82
