line_speed,temperature_c,humidity_pct,vibration_level,material_grade,shift,machine_age_years,operator_experience_years,quality_score
88.54,172.35,39.99,1.861,B,swing,8,8.9,58.4
62.46,191.65,65.5,3.113,C,day,15,10.1,45.17
70.53,182.32,44.01,1.564,B,day,10,1.5,56.88
100.6,187.94,59.98,1.585,A,night,12,1.0,50.79
74.69,199.19,48.03,1.637,B,night,13,5.3,56.7
72.75,183.71,47.18,1.724,A,day,14,3.4,59.69
91.59,169.79,65.26,2.56,B,swing,16,5.4,45.49
67.93,173.82,51.19,2.302,C,swing,3,0.5,48.86
92.97,181.43,61.89,1.501,A,swing,3,7.4,62.8
79.86,189.27,61.09,1.959,B,day,1,8.5,61.74
73.97,192.85,64.77,1.044,C,swing,2,5.2,59.52
89.47,180.85,44.82,1.886,A,day,14,0.5,51.07
81.51,183.49,30.53,1.495,B,day,3,6.4,65.09
62.7,189.51,53.71,2.015,B,swing,10,1.1,47.19
78.6,182.44,53.62,2.458,B,night,11,5.4,51.55
60.84,193.35,64.8,1.736,A,night,2,7.8,67.11
97.76,169.94,48.4,1.356,A,day,4,11.4,64.35
96.73,205.03,75.48,1.561,B,day,8,8.3,52.85
82.25,187.09,36.24,1.878,C,day,14,3.8,55.26
77.97,189.77,64.98,1.622,B,swing,12,10.0,57.17
97.28,178.6,53.4,2.153,B,day,1,7.0,54.6
102.24,181.24,60.72,1.11,B,day,11,7.5,58.56
80.79,191.93,42.2,1.726,A,night,9,13.5,64.25
82.89,193.69,67.92,1.49,B,day,3,8.1,58.5
84.28,190.15,57.39,2.291,A,swing,1,7.6,62.13
80.56,187.24,54.01,2.758,B,night,9,0.5,46.87
86.05,174.69,31.17,2.069,B,swing,13,6.5,57.74
73.75,175.9,66.74,1.258,B,swing,3,4.3,62.83
76.27,188.7,72.59,0.893,C,night,15,7.5,54.65
97.98,180.41,56.11,0.5,C,night,14,4.9,55.47
74.18,173.23,68.32,2.142,B,swing,12,7.5,48.01
87.39,184.53,59.19,1.814,C,day,17,0.5,39.46
80.35,179.43,52.7,1.514,A,swing,8,5.2,54.5
67.6,184.91,52.02,1.699,C,night,12,0.5,46.44
87.3,186.58,38.84,1.991,B,night,12,4.0,55.11
81.27,188.33,54.86,0.5,A,swing,11,2.1,62.11
97.39,177.07,38.82,2.992,B,day,13,1.1,41.91
88.44,194.8,71.95,2.283,A,day,3,7.5,59.2
90.15,187.3,45.38,1.361,B,swing,1,5.3,65.55
68.53,179.4,49.64,2.179,A,day,3,3.9,64.07
59.3,194.29,41.86,1.806,A,night,6,3.2,66.07
92.8,200.78,54.28,1.747,A,night,6,5.5,51.64
77.61,193.02,35.77,1.548,C,night,12,7.5,53.72
92.14,178.91,65.42,2.312,A,night,10,2.8,52.58
88.82,184.37,71.82,1.669,B,swing,11,2.6,46.94
71.48,192.92,64.21,1.42,B,swing,11,0.7,56.5
70.23,198.84,60.03,2.254,C,swing,2,3.8,52.24
77.65,181.45,62.19,2.762,A,day,6,4.1,57.17
87.58,178.79,59.24,2.267,A,night,7,6.5,57.0
84.6,193.89,53.21,1.069,A,swing,2,7.2,66.25
61.08,155.48,20.99,1.645,B,swing,16,1.7,48.15
67.85,190.14,47.55,1.191,B,swing,12,4.8,57.65
68.71,183.63,57.77,2.181,A,night,3,6.4,62.69
78.36,190.7,61.14,1.198,A,swing,3,4.5,67.61
69.15,190.42,40.6,1.677,B,night,16,0.8,49.49
85.55,177.26,67.5,1.627,A,day,5,5.6,60.23
79.64,179.92,64.33,2.231,A,swing,14,3.4,53.05
71.51,170.2,50.83,1.503,A,day,8,12.6,67.4
79.51,195.11,48.43,2.774,B,swing,15,4.6,42.03
86.91,191.33,63.68,2.35,B,day,11,4.3,49.72
71.22,173.78,20.77,1.874,B,swing,7,9.5,64.08
86.09,193.05,34.74,1.136,B,night,8,1.6,55.53
54.68,189.55,45.43,1.826,B,day,2,8.5,69.34
97.96,173.89,57.88,0.838,B,swing,4,3.2,54.43
79.57,177.35,47.35,1.447,A,day,4,5.3,62.29
56.21,191.54,55.24,1.773,C,swing,13,2.8,50.37
71.65,192.79,38.93,0.5,A,swing,6,9.4,74.34
75.16,184.49,40.78,2.393,A,night,1,7.5,64.24
75.05,171.25,43.76,2.465,A,night,1,12.0,65.05
54.74,185.21,45.46,1.501,C,swing,15,3.5,51.11
95.38,178.04,44.48,1.869,C,swing,10,7.7,54.96
69.46,182.92,46.81,1.601,B,day,5,4.7,65.22
88.41,186.01,63.0,1.914,A,swing,15,10.9,54.96
83.32,200.5,62.4,0.657,B,day,5,2.3,58.8
81.09,193.97,60.15,1.975,C,day,7,7.8,54.44
82.94,187.11,44.78,1.46,A,swing,12,3.8,59.21
92.84,195.92,60.89,1.394,B,swing,13,5.5,55.86
85.26,192.4,57.52,1.453,A,day,17,6.1,54.65
73.44,193.98,57.99,1.079,A,day,16,1.2,57.8
64.52,186.27,51.7,2.163,A,day,14,7.4,63.05
72.29,184.88,52.13,1.697,A,day,17,4.6,56.54
86.33,187.7,63.42,1.507,C,swing,3,0.5,56.27
80.17,176.5,43.5,1.213,B,night,3,2.6,60.5
80.8,184.46,40.44,2.908,B,night,1,9.7,57.5
86.83,186.36,42.35,0.978,A,swing,15,6.9,58.82
63.9,187.18,59.78,2.002,A,night,9,7.6,56.7
76.75,182.52,35.26,1.786,A,night,17,8.2,59.97
77.52,179.2,72.22,1.516,B,swing,13,0.5,50.92
55.33,178.2,54.44,2.039,B,day,4,4.9,58.9
71.86,193.2,71.64,1.976,B,day,14,6.0,49.12
88.11,182.85,68.59,1.786,C,night,6,0.5,43.43
84.06,197.71,39.54,1.043,B,day,17,6.2,50.28
84.84,195.21,55.49,2.223,A,day,11,9.9,56.05
76.0,180.14,51.74,1.507,A,night,10,1.3,56.98
72.94,176.16,57.58,1.437,C,day,14,7.9,57.17
69.44,176.94,54.74,1.238,B,day,14,0.5,57.37
69.28,200.3,61.44,1.811,C,swing,11,6.3,54.98
64.13,182.37,53.23,2.301,A,day,14,5.0,56.52
76.7,186.19,57.22,2.051,A,day,13,3.2,60.09
90.65,186.02,56.31,2.897,A,day,3,1.1,53.65
93.22,176.3,55.47,1.195,A,swing,7,5.9,61.45
92.39,181.03,37.69,2.689,B,day,4,7.8,55.08
71.42,179.41,59.12,1.051,A,night,14,0.5,56.33
82.87,182.7,59.47,1.45,B,day,17,15.7,58.27
52.75,186.37,45.85,3.038,A,day,8,9.0,63.53
69.18,184.09,62.66,1.848,C,swing,11,7.7,57.24
80.59,173.66,61.57,2.779,A,day,3,1.2,54.18
85.77,186.05,48.08,1.704,A,swing,8,1.5,55.41
82.89,175.58,58.87,2.55,B,swing,14,4.2,47.05
68.69,181.25,39.18,2.262,A,night,9,5.7,51.01
69.98,197.67,38.37,2.084,C,swing,5,6.5,56.37
73.53,195.73,39.81,1.821,A,day,10,1.0,48.21
80.17,193.94,50.08,2.536,B,swing,15,5.1,50.71
89.11,186.22,53.36,1.596,C,swing,10,5.1,53.68
86.29,180.84,55.22,1.753,C,day,5,5.6,57.2
114.3,184.79,69.08,2.812,B,swing,10,8.2,42.96
74.66,185.31,55.63,1.206,A,day,12,6.7,58.93
61.69,194.33,61.98,1.924,B,day,7,11.2,58.29
81.57,181.29,58.88,1.671,C,day,3,2.9,57.15
89.54,187.41,56.92,1.625,A,day,4,6.1,63.56
69.56,174.65,45.32,2.844,A,swing,1,3.2,56.94
91.3,184.88,58.35,0.888,C,day,1,6.9,63.51
66.36,198.55,53.76,1.385,C,night,4,8.0,63.57
65.11,188.74,58.33,2.274,B,day,16,4.7,49.0
68.72,190.23,32.42,1.329,A,swing,17,7.3,57.63
84.49,177.92,47.71,2.049,B,night,3,1.6,53.52
82.55,188.38,52.6,1.964,C,swing,14,5.6,43.99
76.65,193.51,57.08,1.723,B,day,3,2.4,51.91
90.4,178.14,75.95,2.538,B,swing,8,8.7,43.49
85.46,207.86,50.5,2.225,B,night,3,8.2,57.09
76.2,204.27,43.17,1.767,A,night,12,6.5,57.69
88.96,188.81,43.31,1.245,C,swing,15,0.5,42.06
92.42,197.08,63.22,1.162,A,night,6,5.8,58.72
71.12,176.59,62.39,2.58,C,day,14,1.8,46.49
94.42,193.42,46.7,2.554,A,day,15,4.9,47.55
73.14,179.79,58.81,0.986,C,swing,17,1.6,52.21
82.36,179.47,66.22,2.675,A,day,16,2.8,48.7
89.12,167.55,65.31,2.751,A,day,9,5.7,48.97
84.16,182.91,66.87,2.324,A,night,11,0.5,53.09
69.72,185.2,60.67,2.185,B,night,8,6.5,53.96
69.29,183.34,41.08,2.111,A,day,3,1.4,61.3
76.41,175.05,51.19,2.17,B,swing,17,1.5,43.12
88.8,174.1,43.99,2.715,A,swing,6,5.2,43.36
66.03,182.57,48.51,2.076,B,swing,9,5.5,60.87
73.8,190.72,63.32,2.332,A,swing,13,11.5,55.02
68.38,194.21,53.94,2.032,B,day,16,2.3,49.68
72.73,201.6,46.73,1.279,C,day,12,5.3,54.91
88.61,192.06,44.68,1.654,B,day,10,0.5,49.64
74.74,184.9,51.31,2.148,B,swing,10,3.3,55.58
83.89,182.58,59.62,1.747,A,swing,13,8.0,56.28
71.45,182.88,78.46,1.782,A,night,4,3.6,57.24
75.91,180.71,52.98,1.554,A,day,15,5.0,60.62
81.82,192.83,23.03,1.32,C,day,12,8.5,52.21
77.87,177.01,48.6,1.144,A,swing,16,8.7,62.25
63.4,183.62,35.48,1.184,A,swing,1,8.2,77.42
75.83,187.29,71.37,1.958,B,day,16,2.3,48.85
73.48,187.27,70.33,1.932,A,day,2,6.3,63.64
60.91,181.88,42.45,2.784,B,day,15,4.1,49.77
72.17,180.59,60.16,1.005,B,day,5,7.3,67.09
66.22,178.39,36.36,2.451,B,swing,7,7.4,62.0
83.51,177.66,54.0,0.915,B,night,3,7.5,65.73
75.41,186.2,57.23,2.011,B,swing,1,10.0,62.21
75.92,163.67,60.57,1.678,B,day,7,4.1,55.78
84.27,171.43,51.97,1.746,A,swing,10,7.2,59.16
75.44,195.06,34.73,1.23,B,swing,2,5.8,64.52
77.71,176.44,67.62,2.853,A,night,11,4.6,48.76
69.85,186.48,51.65,1.553,C,day,7,2.5,64.73
63.49,181.92,55.23,1.654,A,swing,1,10.0,78.64
71.91,171.33,48.08,2.694,A,swing,8,9.2,61.38
85.05,191.51,45.84,1.392,A,night,17,7.8,61.29
71.45,176.55,48.33,0.982,A,day,15,4.3,56.55
69.98,185.33,63.67,2.006,B,swing,5,3.2,58.68
53.95,189.15,48.15,1.589,C,day,12,7.3,57.2
86.87,194.62,74.15,2.603,B,night,11,7.3,49.43
56.04,181.71,83.84,2.091,B,day,6,6.4,61.14
70.52,178.58,57.12,1.404,B,day,11,4.5,55.52
79.47,196.82,57.47,0.5,B,day,8,4.2,59.68
101.14,181.58,44.02,1.038,C,night,13,6.0,44.09
82.84,185.66,44.51,1.47,A,swing,10,4.8,61.51
81.48,196.83,64.44,2.057,A,night,8,3.9,56.57
92.46,184.63,53.74,1.635,B,night,17,3.9,40.95
80.97,201.81,46.72,1.253,C,day,16,9.2,51.33
81.05,187.17,62.02,1.438,B,day,1,8.2,65.2
83.36,178.44,36.64,1.209,B,day,2,4.0,61.96
87.54,189.29,51.52,1.3,A,swing,8,2.7,58.89
71.44,186.63,47.74,2.021,A,night,7,0.5,60.49
67.54,198.24,41.7,0.68,A,night,2,7.7,72.17
66.98,196.3,52.99,1.68,A,day,5,2.1,64.45
100.79,176.19,73.58,1.465,A,night,3,4.5,54.51
87.16,189.2,47.05,2.34,B,swing,6,9.8,56.42
82.68,187.97,27.86,2.38,A,swing,15,3.2,59.95
81.33,196.12,52.64,2.05,B,night,6,8.2,55.54
66.11,195.98,47.78,1.31,C,day,15,7.1,57.92
78.83,192.94,36.54,2.434,A,swing,17,9.1,56.94
71.86,203.79,30.07,1.988,B,swing,3,3.0,64.11
73.75,188.12,61.83,2.038,A,day,2,3.8,60.34
64.83,198.91,63.33,2.052,B,day,15,11.7,53.84
74.52,173.46,55.04,1.671,B,night,5,0.5,55.27
81.1,192.29,72.01,1.523,B,day,10,2.0,51.48
70.64,175.66,40.55,1.629,B,swing,4,11.0,70.52
71.44,185.64,34.51,2.107,A,night,6,13.2,68.62
85.41,169.18,19.84,1.935,C,swing,1,7.6,61.43
90.77,194.35,23.25,2.125,A,night,10,5.0,58.37
74.66,193.29,76.05,2.309,A,swing,1,8.5,62.28
82.1,190.43,39.73,2.398,A,swing,9,2.6,57.43
82.5,192.79,64.0,0.624,A,swing,3,3.6,67.97
88.27,184.72,27.15,2.353,B,swing,5,3.9,55.24
77.39,170.09,40.6,1.413,B,night,7,8.1,56.75
53.58,195.63,52.88,1.721,C,day,10,7.5,62.37
67.15,174.03,57.68,0.685,A,day,11,6.7,69.93
87.17,162.97,49.42,1.976,B,swing,15,6.4,44.1
96.91,181.43,30.84,2.293,C,swing,17,4.5,46.59
61.97,187.94,46.03,1.997,A,swing,14,13.7,68.9
84.85,181.17,54.87,0.885,B,day,13,4.9,58.48
89.49,189.56,44.95,1.976,C,day,2,5.2,55.47
87.59,188.61,53.82,2.117,A,swing,14,8.4,52.95
69.01,180.0,44.46,1.84,A,swing,11,8.6,67.39
82.57,177.3,44.92,1.827,B,night,17,6.2,50.35
80.59,176.55,45.06,2.03,A,night,9,9.7,55.63
60.61,207.02,59.64,1.855,C,swing,11,11.4,58.53
81.06,182.56,41.84,2.317,A,day,3,7.8,62.05
73.7,170.94,43.19,2.001,A,swing,3,2.7,60.14
90.6,196.35,65.48,1.503,C,night,17,5.0,40.47
72.38,194.49,37.52,1.692,C,swing,7,8.4,55.37
79.23,187.72,49.6,1.591,C,swing,1,6.4,62.34
75.47,155.12,51.71,2.583,C,swing,1,4.1,45.85
77.94,178.17,49.76,1.179,B,night,7,8.6,65.75
70.96,194.27,57.8,1.937,B,day,5,8.1,60.09
86.26,186.79,54.11,2.25,A,swing,7,7.5,64.36
67.41,182.12,58.89,2.473,C,day,7,8.0,54.49
73.52,173.04,59.87,1.652,B,day,11,4.1,55.91
72.33,183.15,64.45,1.613,B,swing,10,5.6,54.35
74.8,198.31,53.04,2.634,A,day,7,1.7,50.88
92.46,179.9,53.84,2.407,C,swing,9,6.9,43.63
92.92,188.44,40.59,2.294,C,day,2,2.8,50.55
78.3,188.24,43.82,1.797,A,swing,3,3.7,61.83
82.0,194.13,68.76,1.2,A,swing,3,10.9,72.41
66.7,178.57,50.32,1.106,B,swing,15,3.6,59.29
81.53,173.38,54.91,0.989,A,night,12,4.1,53.89
63.98,182.67,53.73,0.955,C,night,8,10.6,64.54
62.44,183.85,43.92,2.431,A,day,3,7.1,70.17
73.67,183.19,49.87,1.799,A,swing,3,6.0,65.93
81.93,185.95,54.05,2.657,A,swing,6,10.9,59.28
72.73,186.04,60.94,1.865,A,swing,2,4.1,62.5
85.86,192.37,72.41,1.269,A,swing,15,10.3,59.19
76.54,176.55,59.36,2.496,C,swing,8,9.6,58.06
94.85,178.01,71.41,2.397,A,swing,17,5.4,45.4
65.8,192.0,57.7,1.859,B,day,3,2.1,60.09
74.68,173.58,50.82,2.212,C,night,8,4.1,48.94
64.02,188.73,57.45,0.847,B,day,9,4.9,60.57
84.81,180.84,49.45,1.277,B,day,9,14.0,65.5
69.98,176.84,39.28,1.71,A,day,7,3.6,67.53
86.56,180.36,38.55,1.603,C,night,2,4.7,52.73
56.8,191.81,62.73,1.839,B,swing,12,1.8,57.66
68.46,168.08,51.84,1.139,B,day,5,11.8,66.85
79.86,191.95,60.1,2.615,B,swing,10,5.4,45.77
70.71,195.11,61.26,1.814,A,day,15,8.0,59.49
73.14,186.35,48.76,1.882,B,day,10,7.9,60.62
72.12,180.29,63.24,1.315,C,day,13,5.2,55.62
99.11,194.82,54.45,2.31,A,night,5,4.9,53.15
66.17,198.4,40.55,1.071,B,swing,14,11.3,61.23
73.98,169.43,75.59,1.629,A,day,15,7.4,59.72
82.59,177.79,41.67,3.44,C,day,13,2.7,44.9
83.31,189.63,54.26,1.907,A,night,4,6.7,61.53
91.09,171.58,42.43,2.141,C,day,5,6.0,53.35
90.32,185.31,32.61,1.785,A,day,2,6.7,64.44
74.91,178.44,28.33,1.367,C,swing,6,10.4,64.21
67.29,184.68,60.53,1.947,A,day,8,3.1,60.41
79.07,192.48,26.47,1.764,B,swing,12,0.5,54.64
94.9,195.64,49.56,1.361,B,day,17,7.3,48.81
57.92,180.89,44.87,2.674,A,swing,17,10.2,58.64
92.34,193.36,63.24,1.559,B,day,2,6.6,59.03
70.44,209.0,69.63,2.803,B,swing,10,3.6,45.84
81.97,190.22,52.5,2.595,C,night,3,11.9,50.76
67.74,167.59,47.35,1.593,B,swing,15,4.0,55.8
61.4,192.51,54.14,1.359,B,swing,15,8.4,54.56
70.72,180.63,57.83,1.227,A,swing,16,6.7,64.85
68.99,200.1,38.45,0.999,A,night,2,7.8,67.9
79.71,198.53,44.66,0.906,B,swing,17,7.7,54.99
82.2,193.87,58.86,1.493,A,swing,4,3.0,67.6
77.15,192.22,62.32,3.1,B,day,5,3.1,45.48
63.02,203.98,51.63,2.764,C,swing,16,3.3,41.09
89.08,210.05,69.08,2.481,A,swing,5,4.7,47.99
71.54,192.45,45.13,2.219,B,day,2,6.5,53.8
81.58,178.92,35.62,2.28,C,day,3,4.7,59.89
79.96,184.97,59.62,0.858,A,day,2,5.0,66.14
72.02,184.27,28.07,2.528,B,day,15,4.7,54.15
75.56,200.95,60.54,2.027,A,day,15,9.8,54.36
96.15,182.4,63.53,2.121,B,swing,3,1.1,51.52
86.41,178.91,48.56,1.357,A,day,16,9.1,63.83
78.77,170.18,71.33,1.881,A,night,13,7.6,49.28
75.28,172.64,54.71,1.643,B,day,13,8.8,56.65
90.03,180.71,64.59,0.5,A,swing,1,7.9,71.28
81.64,184.74,39.5,1.656,A,swing,6,6.5,64.54
83.12,188.44,33.57,1.629,A,night,3,6.6,64.87
69.46,193.0,54.53,2.063,A,night,2,8.7,60.94
70.95,178.46,47.72,2.958,B,swing,3,6.5,58.21
61.44,200.31,58.86,0.988,B,day,17,10.7,62.03
69.27,197.74,38.0,0.5,A,night,12,3.7,64.89
65.12,186.86,56.63,0.934,A,swing,16,8.6,60.74
85.36,184.71,37.32,1.989,A,day,15,5.0,55.99
86.03,200.33,71.67,1.293,A,night,5,0.9,49.65
75.41,188.78,65.86,1.66,A,night,6,4.1,57.47
81.74,209.32,55.42,2.123,C,day,13,9.6,51.49
84.93,182.34,44.11,2.498,A,day,1,7.4,70.99
59.17,164.89,40.25,0.747,A,night,6,3.0,70.26
73.86,197.59,43.21,1.687,B,day,2,0.7,61.93
78.62,185.91,45.09,1.643,A,swing,17,9.4,53.75
71.19,192.64,48.12,1.91,C,day,2,6.9,63.59
61.56,183.78,43.17,1.83,A,day,13,9.2,70.08
93.07,185.29,35.93,0.5,B,swing,8,0.5,67.4
65.35,187.88,69.14,1.248,A,day,4,5.7,70.18
91.48,187.02,38.55,1.709,A,day,15,14.1,66.79
74.21,192.52,61.42,1.735,B,swing,8,3.0,54.29
78.76,189.06,54.26,1.609,B,swing,10,6.1,58.72
69.61,180.34,66.21,2.059,B,day,3,10.7,62.22
75.25,182.62,43.54,1.927,B,night,16,8.2,50.46
60.31,179.19,46.83,1.937,A,night,10,9.3,66.21
65.96,185.73,48.02,2.461,A,swing,13,7.2,58.01
75.24,189.8,65.5,2.466,B,swing,13,13.0,55.31
78.72,178.02,66.03,2.033,A,night,4,12.9,64.36
79.36,185.92,65.26,2.171,B,night,4,5.0,55.28
89.72,193.78,74.91,1.02,B,day,3,6.3,58.61
63.03,183.36,33.02,1.12,B,day,15,1.7,51.71
73.64,188.54,72.75,1.935,B,day,1,3.9,58.94
78.09,193.22,63.83,1.268,C,swing,12,5.7,56.28
80.33,197.9,36.48,1.605,A,swing,11,4.8,58.8
66.86,186.64,57.15,1.101,A,swing,12,8.4,71.14
85.07,191.09,57.85,2.318,B,swing,14,6.8,47.84
85.18,190.72,49.41,3.183,B,swing,7,8.7,51.92
76.88,200.9,62.85,1.338,B,swing,11,0.5,52.11
81.06,188.97,55.71,1.798,B,day,11,5.2,51.25
60.84,188.93,58.2,1.965,A,day,15,7.5,61.09
79.36,176.42,59.2,2.184,C,night,16,3.5,42.45
81.69,167.67,62.8,0.829,B,swing,4,7.1,61.59
72.37,179.71,45.11,2.123,A,day,8,4.7,62.98
80.42,178.91,53.65,1.535,B,swing,5,7.2,65.29
83.02,196.03,40.29,1.063,B,day,12,6.4,55.91
97.07,188.03,56.85,2.527,A,day,11,8.1,53.11
78.37,183.68,59.99,1.578,B,night,14,9.4,55.85
58.65,194.7,64.67,1.284,A,swing,1,2.0,68.26
89.83,197.5,58.28,1.815,A,day,9,10.2,57.88
78.38,195.45,58.04,3.531,A,swing,6,8.4,47.98
90.83,196.08,44.28,2.481,A,swing,16,8.9,53.53
75.46,195.45,49.77,1.775,A,day,13,5.1,58.48
84.37,184.03,40.13,1.106,A,night,6,6.7,62.56
71.14,175.16,48.93,1.674,B,night,17,0.5,45.0
80.2,172.68,56.83,2.473,A,night,9,3.7,57.83
83.4,185.96,60.37,2.586,B,swing,8,7.2,55.93
87.67,190.05,34.85,2.316,A,day,2,7.3,65.4
89.37,193.51,49.26,1.015,C,swing,15,2.8,52.93
75.84,185.95,46.85,1.639,B,night,4,3.6,62.01
79.6,188.41,54.36,1.802,A,swing,13,5.4,54.43
72.15,189.94,42.16,2.399,B,day,13,5.9,58.21
76.07,189.39,71.68,2.664,B,day,13,7.9,48.68
85.5,191.47,24.6,2.468,B,day,7,2.4,50.67
74.43,188.12,74.42,1.407,A,night,5,2.8,60.86
52.07,175.46,69.5,2.206,B,day,12,10.4,58.77
86.69,193.05,30.28,0.989,A,swing,8,6.6,70.31
78.62,188.7,38.16,1.749,A,night,3,6.2,63.66
73.99,174.13,72.84,1.918,B,swing,4,7.0,58.8
65.46,175.14,64.23,2.077,B,day,17,10.2,47.6
73.39,191.62,50.21,1.993,A,day,9,1.2,56.26
63.8,190.78,49.86,2.762,A,day,11,3.7,49.85
82.22,186.48,55.41,1.912,C,night,6,4.1,50.47
83.93,197.62,57.23,2.174,A,day,13,4.7,52.05
63.89,186.43,37.67,2.022,C,day,3,4.2,62.52
73.79,188.2,54.83,2.013,C,swing,5,11.9,57.13
76.75,194.65,55.38,1.865,A,night,7,6.8,57.59
81.11,190.47,46.52,1.827,A,day,3,6.3,65.93
60.84,185.78,56.91,1.554,B,night,10,12.6,64.03
80.07,185.41,54.92,0.602,A,night,3,5.8,70.25
64.9,190.0,52.33,0.737,B,swing,10,2.5,62.55
81.32,183.45,43.36,1.598,B,night,17,0.5,48.74
67.8,205.58,41.7,1.181,B,day,13,4.5,59.16
77.68,181.09,62.57,1.686,A,swing,12,6.2,54.27
75.89,179.54,32.61,1.826,B,night,2,7.1,59.77
67.62,168.43,39.01,1.716,B,day,16,13.4,57.09
67.55,185.36,40.48,1.632,A,night,2,2.2,68.88
66.51,191.33,74.69,1.711,A,night,15,5.7,58.11
81.72,196.75,58.79,2.413,A,day,6,7.6,54.45
84.12,188.69,53.08,2.042,A,swing,15,6.2,57.84
96.01,187.48,40.21,1.747,A,swing,17,6.5,59.62
94.92,169.63,35.94,1.836,A,night,4,8.2,58.3
93.02,176.39,34.89,1.734,B,swing,2,7.9,59.79
71.72,194.17,57.39,2.117,C,day,10,3.3,52.78
89.87,199.94,85.0,3.424,A,night,4,14.2,51.61
73.89,181.43,57.01,2.154,A,night,5,1.6,55.14
66.34,174.92,53.41,1.712,B,swing,8,0.5,57.09
61.48,191.62,47.9,1.252,A,night,3,4.8,72.67
87.45,173.87,66.02,1.518,A,swing,3,8.6,64.51
86.18,198.58,55.84,0.541,A,day,5,0.5,61.6
84.67,178.23,30.29,0.88,A,day,17,8.3,65.32
99.02,189.22,42.95,1.423,A,day,12,9.0,58.93
61.37,183.85,23.66,2.249,A,day,10,8.9,67.33
74.0,176.47,51.94,2.353,A,swing,13,0.5,52.57
70.4,187.59,42.16,1.572,A,day,3,5.6,63.91
83.74,188.76,67.49,1.532,B,night,17,9.8,49.98
73.05,196.53,40.04,2.21,C,swing,17,4.8,42.55
74.53,181.53,48.89,1.455,B,day,2,6.0,68.79
65.14,165.98,42.64,2.028,A,day,17,6.0,55.47
69.61,181.54,66.29,1.187,B,swing,4,12.6,76.54
66.02,185.21,49.54,1.687,A,night,15,9.7,61.4
88.26,186.39,47.03,1.99,A,swing,4,6.3,58.32
71.02,208.48,59.15,2.61,A,swing,10,0.6,48.73
73.59,176.58,52.18,2.257,B,swing,8,3.8,64.73
76.76,184.48,43.56,3.389,B,night,3,1.9,45.7
84.28,179.15,50.99,2.175,B,swing,9,8.7,58.9
96.4,188.52,43.33,2.446,A,day,4,10.7,62.73
81.33,192.23,52.53,1.958,B,swing,7,4.2,52.7
75.01,170.68,56.92,2.439,C,swing,6,4.3,48.34
59.58,194.08,43.98,1.743,B,day,8,2.9,54.95
76.44,192.19,51.18,2.547,A,night,5,8.0,59.34
82.14,182.3,39.98,1.243,C,night,12,8.7,57.74
84.17,191.57,39.87,0.692,A,swing,2,8.9,78.7
81.66,181.8,53.5,1.793,A,day,3,3.4,62.56
80.04,181.29,59.8,1.74,B,day,15,5.5,49.32
78.89,179.99,55.23,2.295,A,swing,5,9.2,62.84
65.02,188.12,58.11,1.862,B,day,16,3.1,52.08
79.37,187.11,67.95,0.913,A,swing,15,6.5,62.87
70.66,195.87,40.51,1.741,A,swing,3,7.0,67.06
92.1,178.12,43.35,1.282,C,day,16,1.7,47.9
68.03,190.12,53.59,0.709,A,night,6,5.0,67.49
85.52,193.55,39.1,1.921,B,day,12,9.7,58.55
99.3,187.49,63.16,2.304,B,day,15,5.7,43.2
83.26,183.82,62.99,1.812,A,day,6,7.1,65.18
78.2,169.67,41.79,2.384,B,night,8,3.8,49.39
77.14,188.42,59.05,2.118,A,day,2,6.1,70.28
74.14,175.65,74.72,2.173,A,night,8,3.5,54.79
67.82,197.08,49.73,1.826,B,night,12,9.9,60.33
70.03,199.77,56.44,1.549,B,night,3,0.5,53.92
87.18,187.8,36.4,1.411,A,day,9,9.9,66.8
98.32,196.01,56.86,2.472,B,swing,10,6.0,49.12
81.67,180.46,61.19,1.997,A,swing,13,9.8,56.99
75.05,180.97,64.57,1.765,B,swing,9,0.5,56.81
87.03,193.46,43.35,2.396,C,night,4,10.7,54.79
74.22,195.44,45.31,2.115,A,swing,1,2.9,64.65
77.78,197.1,61.02,2.215,A,day,12,5.1,52.8
82.88,194.99,49.06,2.21,A,swing,5,7.3,60.4
77.99,188.59,65.22,1.421,B,day,14,9.1,58.02
85.25,166.45,49.75,1.829,A,swing,13,10.3,52.65
91.61,177.59,56.12,1.847,A,day,10,2.8,48.26
92.57,191.16,58.7,2.403,C,night,11,7.5,46.52
80.81,189.3,41.09,1.706,B,swing,16,4.4,51.99
79.62,171.24,62.47,1.719,A,swing,4,4.3,61.14
65.58,185.82,57.75,2.088,B,night,8,5.0,54.07
75.02,191.53,70.03,2.556,A,night,15,7.0,49.13
87.95,177.45,60.06,1.445,A,swing,15,8.6,54.66
85.65,199.17,40.71,2.048,B,night,4,6.9,62.96
85.34,191.46,59.19,1.989,A,swing,10,5.8,59.88
76.67,206.34,51.27,1.518,B,day,13,4.7,45.4
69.13,191.23,55.81,0.83,A,swing,9,0.5,62.43
54.55,193.73,53.55,2.399,B,swing,16,6.2,59.55
80.46,200.0,63.11,1.515,B,swing,14,2.7,43.92
84.14,189.27,52.2,3.157,A,swing,14,3.7,54.97
79.98,180.74,31.92,2.834,A,day,16,5.7,56.37
59.97,192.84,40.07,1.631,A,swing,4,13.2,75.37
89.76,173.13,57.08,1.854,A,swing,4,7.0,59.65
81.23,195.47,57.77,2.133,B,day,3,5.2,57.03
72.2,180.66,77.87,2.675,A,day,4,10.5,63.57
91.27,192.32,39.18,1.474,B,swing,14,6.7,49.75
71.72,186.35,50.05,1.61,B,night,12,5.9,57.27
73.94,177.42,54.9,2.099,B,night,5,6.3,58.23
95.1,168.19,55.69,2.742,C,night,16,7.4,38.0
83.75,180.25,49.09,2.487,B,day,4,7.3,56.17
95.06,199.15,67.28,1.554,C,swing,3,3.0,54.12
76.68,189.87,61.54,2.429,A,night,12,5.5,50.93
75.25,192.12,50.43,1.214,B,night,15,6.0,56.24
86.5,185.73,66.54,2.494,C,night,9,1.1,46.61
68.35,195.21,31.21,2.594,B,day,2,10.8,62.71
89.66,183.65,72.71,1.91,B,swing,17,2.8,41.62
75.94,177.9,57.99,1.246,B,swing,5,8.8,64.25
88.08,189.05,53.24,1.169,A,day,17,5.2,57.54
62.6,183.35,45.47,2.062,C,swing,15,7.1,58.39
65.07,186.44,65.03,1.215,A,night,9,14.3,68.93
61.19,200.82,41.66,0.875,B,swing,12,0.5,58.85
54.77,180.59,56.52,2.36,B,day,15,3.9,55.31
92.45,197.08,54.75,1.366,B,day,14,3.5,42.47
62.36,200.34,51.28,1.586,A,day,2,0.5,63.93
77.12,185.27,33.18,1.453,B,swing,11,6.8,57.54
77.83,202.37,57.83,1.162,B,swing,2,6.2,67.21
84.15,182.44,71.32,2.222,B,day,13,10.9,54.99
77.55,187.18,58.91,2.506,A,swing,7,0.8,58.7
69.15,187.59,46.57,1.879,A,day,9,10.5,65.12
74.45,194.47,52.92,1.656,A,day,16,10.4,61.34
74.5,166.99,46.54,2.557,A,swing,16,1.6,48.74
82.99,182.32,40.14,1.576,B,night,3,6.5,62.83
69.96,178.35,48.29,2.121,A,swing,13,3.1,55.72
88.51,170.3,62.05,0.716,B,swing,17,1.4,51.88
84.77,175.64,34.12,2.623,A,day,11,5.7,55.11
85.56,195.68,63.34,1.761,C,night,8,3.6,50.91
63.64,201.95,58.27,1.285,A,swing,15,8.9,61.76
69.0,186.92,48.2,0.656,B,swing,7,3.8,64.32
71.92,179.9,70.07,1.988,A,night,2,2.0,58.5
71.39,189.59,52.05,0.575,B,swing,12,5.5,67.28
93.96,189.66,59.56,1.47,A,day,15,4.7,48.45
81.82,198.35,60.69,1.347,A,swing,9,11.0,65.6
80.28,185.64,57.35,2.711,A,day,14,10.5,53.36
78.55,184.77,48.02,2.195,B,night,17,9.2,48.18
67.79,191.97,42.98,2.248,A,swing,4,5.8,64.27
62.74,204.08,48.31,2.716,B,day,4,4.7,56.21
84.42,194.05,68.52,2.687,A,day,11,10.4,52.07
79.01,186.96,37.89,2.143,B,swing,7,7.1,58.27
65.09,193.07,35.7,1.205,B,day,3,3.8,68.24
83.13,186.83,24.98,1.555,C,swing,10,10.6,59.27
64.17,185.5,47.35,2.709,A,day,5,0.5,65.03
83.35,185.33,40.19,2.331,A,day,5,7.5,64.95
82.19,197.65,49.64,1.592,A,night,16,3.3,52.72
93.14,174.38,64.82,2.374,B,day,13,9.6,52.02
79.65,186.51,42.3,1.074,C,night,15,4.0,56.18
80.11,183.68,51.11,2.66,B,night,4,2.5,50.67
58.79,193.52,62.83,1.855,A,swing,17,2.6,53.06
65.42,179.54,37.31,1.596,A,night,9,7.8,69.84
102.54,176.52,62.73,1.367,B,day,5,5.2,58.38
78.02,181.78,56.75,1.182,C,night,15,6.5,53.45
71.09,180.39,52.69,1.509,A,swing,11,6.8,65.96
86.55,163.47,43.06,1.414,A,swing,7,2.6,53.82
66.54,190.73,42.13,0.5,C,day,12,4.3,67.29
88.16,192.59,58.57,0.762,B,swing,4,3.7,61.21
91.51,181.13,40.18,1.412,C,night,17,7.5,48.22
78.54,183.49,61.7,0.925,B,swing,2,4.9,64.25
96.59,176.78,31.22,2.356,A,day,2,6.1,63.59
64.13,182.6,41.73,1.756,B,swing,7,2.0,59.05
57.86,192.9,48.85,1.949,B,day,5,0.6,55.97
79.61,184.32,52.19,1.155,A,night,11,10.5,59.35
75.23,192.5,49.62,1.925,A,night,9,6.8,62.48
85.19,187.49,55.86,1.944,A,swing,16,10.5,56.49
70.67,189.73,68.5,3.542,B,swing,4,11.2,48.82
82.13,181.11,46.61,2.214,C,swing,12,3.2,47.57
85.75,199.49,62.68,2.322,A,night,15,3.0,46.39
98.24,198.25,55.17,2.226,B,swing,6,8.2,51.36
60.88,190.32,46.92,0.635,B,night,17,3.1,57.17
102.03,190.67,70.01,1.326,A,swing,1,6.0,62.24
89.26,189.04,53.41,1.946,A,day,15,0.5,51.02
83.64,187.4,39.75,1.899,B,day,15,3.4,47.96
88.95,173.97,43.85,1.934,A,day,11,7.2,52.43
57.94,185.69,38.96,1.936,C,swing,17,2.6,54.54
72.59,186.03,53.78,1.695,A,night,16,0.5,50.69
81.03,191.37,51.31,1.347,B,day,5,5.7,57.47
89.12,193.37,51.66,1.679,B,night,7,3.5,52.76
62.35,196.13,52.58,2.412,A,night,11,3.8,52.64
80.02,174.89,60.42,1.734,C,swing,14,11.5,51.33
71.86,205.55,49.41,1.67,A,day,4,3.2,61.34
73.12,189.07,63.83,2.554,A,day,3,3.9,55.3
74.04,183.36,62.74,0.519,B,day,1,3.9,72.31
79.36,185.97,60.26,1.413,B,day,10,6.4,59.24
90.38,193.2,41.87,0.56,A,swing,3,6.4,68.1
64.87,177.91,54.96,2.036,B,day,16,3.7,45.06
78.19,179.03,59.62,1.934,C,day,7,6.3,58.93
83.54,194.35,58.87,2.489,A,day,17,6.3,48.72
72.46,176.95,65.32,1.575,A,swing,2,2.4,61.74
86.9,187.39,46.19,1.698,A,day,4,3.0,67.76
88.95,186.83,42.33,2.668,A,day,1,2.5,59.33
78.55,179.62,39.58,2.534,C,day,17,6.0,42.61
76.01,185.04,63.96,2.831,A,swing,5,8.1,53.32
81.73,173.88,71.96,0.647,B,swing,1,5.7,64.91
83.69,186.04,36.62,1.453,B,day,17,6.6,50.1
59.99,198.46,55.64,1.314,A,day,10,2.9,63.54
82.22,189.85,48.08,0.977,B,day,6,3.5,64.45
73.99,173.87,48.32,1.225,A,day,2,7.2,70.15
61.28,187.95,55.01,1.738,A,night,1,5.2,68.24
83.42,184.91,59.81,2.136,B,swing,3,5.2,57.12
74.62,186.99,40.28,0.878,A,night,11,3.6,63.33
76.21,176.22,65.09,2.383,B,swing,12,9.3,51.74
68.46,191.16,47.19,2.825,A,swing,8,8.9,62.26
66.07,190.42,55.41,1.702,B,day,2,5.1,57.98
86.05,178.43,61.87,1.042,B,swing,4,5.9,58.54
62.41,178.33,46.79,1.802,A,day,3,1.2,61.57
76.33,178.45,47.41,1.595,B,night,4,2.9,57.31
86.04,175.64,59.69,2.622,B,swing,11,2.5,43.71
83.99,202.02,45.95,2.155,B,day,13,4.4,47.5
71.92,185.34,49.89,1.984,C,day,5,2.8,51.38
84.73,202.19,53.78,1.336,C,day,4,3.6,55.66
80.18,199.19,55.08,1.999,A,day,8,3.0,62.87
73.15,171.76,55.36,1.549,B,day,15,0.5,55.05
81.99,198.8,60.75,1.351,C,night,10,4.3,56.93
81.62,189.68,47.84,1.372,B,swing,4,7.8,66.6
83.05,188.76,54.57,1.857,B,night,7,10.5,59.29
76.51,177.1,61.93,1.927,B,day,2,7.0,60.83
94.06,177.89,43.09,2.343,A,day,8,2.5,53.31
55.73,192.0,38.1,1.086,B,swing,3,8.0,71.26
78.11,193.96,63.56,2.074,B,night,2,9.8,54.54
86.01,182.9,39.04,1.791,B,day,6,4.9,55.6
79.18,188.01,30.36,0.5,B,swing,3,6.7,71.63
79.84,187.68,60.23,0.957,A,swing,8,8.1,73.99
71.52,186.32,43.67,1.7,A,day,7,4.6,65.04
78.46,184.79,38.89,1.972,C,day,15,5.8,48.5
90.79,179.6,64.14,1.498,A,day,15,11.5,60.83
72.34,194.33,46.67,2.778,B,swing,5,5.2,62.8
91.65,185.0,50.95,2.557,A,swing,1,2.3,54.04
80.34,176.35,38.6,1.305,A,swing,8,3.6,63.57
77.86,199.62,45.68,1.9,B,day,7,9.5,60.06
72.13,175.87,32.57,2.405,A,swing,4,1.0,62.92
88.74,181.67,71.61,1.674,B,day,4,3.5,55.57
86.35,170.96,68.72,1.98,A,day,7,5.9,55.3
68.11,192.14,34.26,2.337,B,night,9,7.4,59.69
77.52,195.54,47.36,1.737,B,swing,12,0.5,58.17
64.85,184.44,55.36,2.041,A,day,11,2.4,60.7
77.13,204.5,57.54,1.39,A,day,13,6.6,58.11
82.06,189.24,34.93,1.96,C,swing,7,9.0,62.31
82.84,184.55,48.38,2.209,A,swing,9,7.3,57.82
69.33,179.03,68.79,2.182,B,night,12,8.1,49.98
69.55,190.41,58.65,1.199,B,night,8,2.5,54.5
83.4,189.8,58.14,2.399,B,day,14,5.8,56.21
89.01,184.95,47.06,2.006,A,day,14,3.1,60.64
91.87,187.25,42.03,1.9,C,night,12,8.5,48.36
78.2,183.38,49.34,3.344,B,day,15,5.7,36.73
93.59,173.07,59.66,2.073,B,swing,16,6.9,46.06
61.26,190.1,51.78,1.836,B,day,5,3.4,66.75
72.53,193.04,33.92,2.047,A,night,3,6.1,67.76
65.09,167.85,47.67,1.925,A,day,1,0.5,61.53
65.46,174.12,52.15,0.765,A,day,6,7.0,68.07
76.57,184.45,58.92,0.798,A,swing,12,7.4,58.31
84.79,193.09,64.52,0.754,A,day,9,2.8,55.94
79.16,190.12,53.49,1.687,B,night,17,8.4,53.87
78.72,181.65,47.33,2.386,B,day,9,0.5,54.26
87.98,183.94,68.54,2.457,A,day,8,3.3,51.3
74.59,177.28,30.18,1.208,C,day,5,4.4,56.98
72.62,196.8,63.81,2.839,A,night,7,3.7,54.97
63.44,188.97,60.25,3.785,B,day,4,3.7,55.2
71.16,196.77,52.8,1.937,C,night,1,7.2,56.15
77.97,185.84,48.55,1.395,A,night,10,5.9,63.46
80.83,172.23,51.38,2.69,A,day,15,14.5,56.25
83.96,197.51,43.32,1.74,B,night,2,3.0,55.95
64.41,185.14,58.62,3.085,A,day,17,4.6,51.53
82.02,180.52,69.39,2.229,C,day,12,1.9,47.72
72.21,187.45,65.68,1.252,A,swing,16,6.0,55.59
71.74,191.18,60.48,1.8,B,night,12,6.7,57.22
74.52,174.64,25.31,2.207,A,night,3,1.1,55.61
83.83,186.79,55.36,2.004,B,day,7,4.4,61.09
66.41,198.25,62.14,1.529,C,night,17,9.4,50.78
84.74,185.67,52.01,2.097,B,night,17,3.5,45.14
81.04,187.36,69.84,1.275,A,day,12,4.2,57.41
90.24,191.31,63.89,2.313,A,day,9,5.0,46.89
76.75,184.92,27.01,1.264,B,night,13,4.0,55.16
89.26,172.02,47.49,1.939,B,swing,17,4.6,46.41
72.61,190.98,52.81,1.577,B,swing,11,7.3,57.38
72.41,203.35,50.91,0.687,A,swing,1,4.7,68.74
85.41,175.49,44.92,1.137,C,night,4,7.0,55.87
89.61,179.56,54.62,2.317,A,night,9,7.9,55.03
95.53,192.03,53.47,2.524,B,swing,17,7.4,43.95
68.6,186.52,39.92,2.141,A,swing,16,2.4,56.52
91.76,188.24,44.75,2.136,A,swing,11,1.1,54.26
94.76,188.44,69.99,1.709,A,swing,8,1.4,55.13
76.88,185.99,40.08,3.268,A,day,10,2.5,56.44
83.56,184.53,57.53,1.9,B,swing,4,6.9,63.19
74.12,188.54,55.15,2.08,B,day,11,5.3,52.2
79.27,206.31,52.52,1.294,B,day,9,4.0,54.45
71.08,201.64,68.65,2.056,B,night,4,0.5,53.33
81.4,194.55,59.29,2.195,A,night,17,1.5,46.86
84.92,181.35,37.06,1.771,A,swing,14,5.3,57.91
76.74,192.86,54.06,2.298,C,night,6,5.1,46.29
93.95,182.88,61.77,2.539,B,day,4,3.2,51.86
66.7,169.81,65.1,2.835,A,swing,12,3.1,48.27
89.42,183.42,43.91,2.418,B,day,14,5.0,51.43
83.31,192.98,41.63,2.128,A,day,9,8.5,55.2
66.62,187.21,57.13,2.469,B,day,15,5.7,51.01
90.52,183.11,45.57,1.61,B,swing,11,6.8,56.32
80.52,175.11,54.56,1.848,A,swing,12,6.6,60.4
60.26,176.92,58.6,2.047,A,night,10,3.3,57.17
85.63,181.04,45.8,1.527,A,night,3,3.9,65.49
74.15,179.63,58.52,1.991,A,day,13,1.1,59.97
81.46,188.1,52.2,1.147,B,night,13,4.3,57.05
75.15,190.55,46.26,1.182,A,swing,14,4.4,62.9
73.4,195.97,78.14,2.961,C,swing,5,8.8,51.67
65.3,188.58,40.36,1.564,A,night,9,4.9,63.68
80.58,186.85,59.86,1.633,A,night,11,0.5,54.46
94.77,172.38,46.89,2.749,A,day,9,7.1,49.96
79.61,174.28,65.93,1.49,B,day,9,4.9,54.64
80.69,180.92,36.61,1.683,A,swing,4,1.5,59.43
85.9,189.6,47.17,0.962,C,swing,11,3.5,52.94
71.12,195.43,62.64,1.893,B,swing,5,2.1,56.32
77.1,186.79,45.88,2.265,C,night,12,6.5,51.59
90.39,194.75,44.78,2.245,C,night,10,5.3,47.36
75.33,170.5,55.61,2.818,A,day,2,4.3,52.18
64.77,172.94,49.9,1.134,A,swing,4,7.5,67.77
79.99,186.38,45.87,2.039,C,day,10,6.8,50.8
77.47,185.96,58.52,1.847,A,day,12,12.8,61.25
80.73,183.16,43.66,0.809,A,day,4,10.7,70.22
67.28,189.24,48.78,1.906,A,day,4,6.5,63.42
83.64,191.63,44.2,1.9,A,night,7,9.1,61.39
85.25,193.25,70.46,2.061,B,day,7,7.3,52.23
67.6,194.3,53.61,1.835,A,day,14,6.0,55.16
76.09,193.45,51.0,2.325,A,day,15,5.3,50.75
88.61,191.63,45.6,2.462,A,swing,10,5.6,52.64
86.21,184.19,75.78,1.05,B,day,1,0.5,61.5
68.68,208.44,32.8,0.641,A,swing,13,7.3,63.21
83.06,166.59,57.12,1.055,A,day,1,9.2,69.78
92.78,209.88,35.86,1.087,C,day,11,8.6,49.48
58.31,194.5,46.7,2.299,B,swing,8,3.9,56.47
65.42,171.95,58.0,1.474,A,day,5,9.3,70.87
93.54,181.61,50.53,0.804,B,night,17,2.0,51.65
63.83,193.34,59.39,1.958,A,day,7,2.9,62.67
61.99,203.86,60.42,2.238,A,swing,5,5.9,63.01
82.19,187.67,74.87,1.178,B,day,12,4.2,50.08
77.82,180.51,45.2,1.854,A,night,1,8.2,68.1
69.12,190.01,53.03,1.803,A,day,3,5.6,68.25
76.93,189.43,48.91,2.013,B,night,8,2.4,53.78
80.59,173.14,58.74,1.473,B,swing,8,5.7,54.7
70.73,194.48,52.29,1.678,A,swing,7,3.9,57.05
87.42,200.64,49.83,1.467,A,day,7,6.8,63.73
76.34,179.34,51.34,2.0,A,day,15,0.5,49.66
80.43,186.69,38.98,1.108,B,night,7,3.2,60.58
66.3,180.86,65.33,1.651,A,night,6,9.2,63.1
80.49,184.49,61.51,1.959,B,swing,13,6.5,54.05
69.85,181.77,75.76,2.126,C,swing,15,9.7,52.79
62.52,168.9,40.26,2.414,B,day,7,5.3,56.82
72.9,177.92,55.83,2.141,C,swing,5,1.4,52.15
79.51,185.94,32.42,1.935,B,swing,6,5.3,63.93
76.28,177.19,56.53,1.986,A,day,8,2.1,52.38
75.99,192.33,44.95,1.951,A,swing,5,7.6,66.34
80.79,186.55,55.57,2.005,B,night,3,0.5,56.28
64.06,199.83,58.06,2.192,A,day,2,6.0,61.46
63.69,193.03,49.08,1.491,A,swing,14,1.7,54.38
67.33,184.03,44.27,1.866,A,night,7,7.7,63.07
93.91,171.56,42.37,1.174,C,night,17,5.6,43.6
79.84,190.43,48.81,1.572,A,day,10,7.4,57.13
81.17,191.2,58.83,1.852,A,day,12,9.8,63.94
75.33,202.03,38.79,2.616,A,day,12,2.9,49.33
91.6,189.93,37.29,2.501,B,day,12,8.1,45.07
73.4,190.89,61.62,1.347,A,night,3,6.7,69.62
67.43,201.51,65.03,3.249,C,night,14,2.8,35.71
77.74,198.89,54.92,1.888,A,day,14,6.9,53.74
66.96,180.63,29.28,2.223,A,night,7,4.5,59.44
59.07,181.02,34.23,1.923,A,night,17,3.4,52.22
81.27,164.99,70.69,1.598,C,night,1,10.4,59.51
75.78,179.29,71.74,2.2,B,swing,11,5.4,46.92
89.87,199.65,36.23,2.511,C,swing,2,3.0,50.78
90.49,187.36,40.91,1.754,A,swing,6,4.6,58.86
82.4,177.01,58.28,1.279,A,swing,15,5.9,59.93
67.1,195.07,51.36,1.808,C,night,5,2.8,51.69
85.81,188.56,72.86,1.595,A,night,7,4.0,53.69
74.35,164.51,42.1,2.03,A,night,17,9.0,50.4
92.69,185.21,52.54,1.574,A,swing,7,5.9,64.35
87.77,183.57,62.68,1.002,B,day,10,15.4,65.66
69.05,183.54,60.78,1.384,A,swing,11,5.4,65.64
72.4,188.98,57.39,1.608,A,day,16,3.4,55.05
70.88,177.23,72.29,1.663,C,swing,12,8.1,52.8
72.45,184.66,46.18,1.216,B,swing,3,4.1,66.63
85.08,180.09,71.12,1.808,A,night,8,5.7,56.95
91.0,187.17,69.68,2.799,C,swing,2,3.2,47.81
77.35,184.6,35.77,1.896,C,day,8,3.4,50.58
65.93,179.51,63.91,1.46,C,night,13,9.1,48.0
77.27,187.87,42.25,2.839,A,night,11,9.8,60.88
64.4,200.25,51.49,1.085,B,swing,17,6.0,61.57
90.46,202.59,41.5,1.882,C,day,8,2.6,52.18
71.84,192.37,45.39,1.513,A,swing,11,7.0,60.35
73.57,190.32,50.23,1.079,B,day,3,5.4,64.03
89.04,191.79,64.46,2.437,B,night,17,8.9,41.65
88.18,189.8,52.03,1.505,A,day,9,6.8,61.41
84.01,159.1,76.85,1.687,B,night,17,9.1,46.84
65.58,175.83,37.42,1.422,B,swing,14,4.0,53.51
67.66,191.17,59.08,1.051,B,swing,10,6.6,63.36
66.95,179.64,61.24,1.862,C,swing,9,3.5,51.79
73.62,182.14,54.24,2.331,A,day,5,0.5,59.97
94.89,180.53,52.61,1.833,A,swing,2,6.5,56.26
85.42,202.94,37.53,1.289,B,swing,4,2.7,54.65
65.26,181.5,49.71,1.675,A,day,14,13.4,67.42
68.31,174.39,51.24,1.531,B,day,7,0.8,49.68
82.48,197.03,48.41,1.914,C,day,12,6.2,45.95
79.22,186.62,57.41,1.449,C,night,14,5.8,56.27
87.8,160.77,52.28,2.044,A,day,4,2.3,56.94
90.78,188.51,52.74,2.523,B,day,16,7.7,50.52
83.78,199.7,55.52,2.217,A,day,14,7.3,56.98
65.93,188.78,39.43,2.206,B,night,8,5.6,57.17
68.93,191.75,20.62,1.42,A,night,16,3.6,60.26
70.0,187.11,46.54,1.666,B,day,13,5.0,53.3
84.86,173.04,67.38,1.476,B,swing,2,5.9,57.66
78.7,177.86,64.44,1.486,B,swing,13,12.0,55.57
50.76,191.01,49.75,1.931,C,swing,12,5.1,56.42
73.45,190.56,48.08,1.697,A,swing,15,4.1,56.12
81.07,186.08,54.16,1.755,B,swing,3,4.2,61.33
85.11,185.19,49.74,1.48,A,day,15,6.3,58.0
69.91,172.31,71.44,1.695,A,night,2,3.5,57.76
79.62,178.6,53.43,2.396,C,night,9,3.2,49.09
64.1,197.98,45.1,1.492,C,swing,4,10.4,60.33
72.66,179.56,46.92,2.518,A,night,9,0.5,49.2
87.94,191.14,62.16,1.668,A,night,7,3.1,51.15
85.07,189.35,62.9,2.035,B,day,16,6.8,42.75
76.1,193.76,59.79,1.791,A,day,2,6.5,63.59
51.04,192.47,67.75,1.223,C,day,6,3.7,61.91
74.55,189.89,57.48,0.523,B,day,15,4.5,58.64
66.42,195.33,42.17,2.075,B,day,13,3.1,53.07
91.81,165.46,74.35,1.219,B,swing,4,3.8,52.29
66.68,200.0,66.91,3.117,B,day,16,5.8,40.35
68.38,189.18,64.69,1.963,B,day,15,0.5,47.97
66.58,192.27,59.88,1.459,A,night,12,13.3,63.77
67.15,193.92,55.13,1.67,B,day,13,5.3,56.01
61.39,190.87,48.69,1.593,C,swing,16,11.4,64.41
85.09,189.36,34.44,1.658,C,swing,1,8.7,63.3
71.93,187.76,49.2,2.001,A,swing,1,5.2,67.87
90.48,180.66,42.06,2.024,B,day,1,6.2,62.32
76.54,170.53,54.21,1.92,B,day,11,6.0,50.71
66.65,177.67,50.74,1.685,A,night,14,9.1,60.27
74.05,195.91,37.06,3.238,C,day,12,7.5,42.35
84.55,184.83,73.04,2.096,A,day,16,0.5,52.85
75.21,184.81,57.92,1.332,A,day,10,6.9,65.5
78.34,175.83,46.36,2.104,A,swing,4,6.4,56.53
68.41,177.72,58.36,1.71,B,swing,8,6.4,58.41
69.56,184.43,45.89,2.014,A,swing,3,6.7,73.57
81.13,193.05,43.16,0.979,A,day,2,3.8,67.01
74.75,185.15,36.73,1.126,A,night,15,4.7,59.5
74.51,176.71,26.13,2.248,A,swing,6,2.8,65.23
77.52,197.22,49.76,1.508,C,night,1,5.5,53.38
82.89,184.97,50.75,2.307,A,swing,7,5.7,65.14
76.13,171.22,40.02,1.406,A,night,12,6.9,56.97
86.81,175.44,53.16,1.846,A,swing,16,5.2,53.73
81.5,171.36,41.94,2.558,A,night,13,6.8,47.28
94.13,181.66,48.3,1.175,A,day,10,7.6,67.49
75.51,187.68,45.75,2.333,B,swing,13,5.8,55.72
85.86,189.8,41.03,0.703,A,swing,12,9.2,64.91
92.68,174.84,50.31,2.161,B,night,4,2.8,50.48
83.75,193.26,39.59,1.509,B,night,11,0.9,53.86
62.61,192.91,41.58,1.637,A,day,11,3.1,63.58
80.86,192.38,46.8,2.27,A,day,9,5.9,60.49
67.73,170.33,42.19,2.002,B,day,17,7.3,47.94
87.85,198.85,65.58,1.584,B,night,2,1.0,50.42
86.36,178.29,47.88,1.942,A,night,16,4.7,46.65
75.44,185.1,32.84,2.169,B,night,5,5.7,52.79
83.12,184.22,61.35,2.104,A,day,13,0.5,54.29
79.32,179.76,51.87,1.795,B,swing,16,8.2,49.08
88.07,187.93,48.21,2.548,C,swing,3,9.8,54.08
89.55,188.24,39.48,2.148,A,night,16,7.7,55.12
93.4,184.63,52.76,0.58,B,day,13,1.4,50.44
79.05,181.31,35.11,1.829,B,day,14,14.4,53.14
70.67,194.85,59.79,1.039,A,swing,3,7.7,69.23
72.07,197.56,31.43,2.264,B,swing,17,1.5,47.25
74.48,211.54,52.41,2.711,A,day,16,6.5,50.08
70.25,190.77,66.9,2.12,A,swing,17,12.4,58.15
86.69,193.74,40.97,0.718,B,day,2,5.8,71.62
74.98,185.9,65.76,2.181,B,swing,5,5.3,56.55
84.01,190.24,37.17,1.722,A,swing,6,6.3,61.3
77.17,190.67,53.24,2.223,A,day,5,5.3,59.11
75.81,187.92,38.86,2.226,B,night,1,7.8,63.45
80.45,196.5,56.68,1.853,B,swing,8,1.9,51.13
72.24,176.85,67.22,1.757,C,day,14,9.4,51.57
65.18,200.86,44.35,1.229,B,night,2,5.9,63.07
89.35,178.02,69.25,2.573,B,swing,12,4.4,49.04
83.39,205.87,68.91,2.413,A,day,8,9.5,56.62
67.49,194.23,53.95,0.88,B,swing,3,0.5,63.21
67.7,172.59,64.01,1.908,B,night,10,5.8,56.0
76.4,184.62,52.86,2.41,A,swing,9,2.5,52.1
96.17,185.59,57.8,1.598,A,night,15,6.5,48.48
88.64,189.63,66.26,2.232,A,day,5,6.3,60.71
80.55,179.06,58.02,2.424,B,swing,16,8.7,45.95
90.64,178.92,46.16,2.175,A,day,4,5.9,57.42
82.94,179.26,65.65,1.306,B,swing,14,7.7,58.44
79.49,191.35,56.74,0.773,B,swing,7,8.2,58.58
81.12,182.64,63.66,2.301,A,day,17,0.9,53.79
71.29,167.77,59.68,2.051,A,day,10,9.0,58.74
87.6,196.08,50.8,1.41,A,swing,2,8.3,72.31
81.1,186.37,43.31,1.579,A,day,1,8.0,67.53
73.57,176.22,54.25,1.942,A,night,16,7.3,50.77
73.92,181.57,29.17,1.973,A,swing,15,7.2,62.12
86.17,198.36,41.59,2.262,A,swing,4,2.2,54.04
78.73,173.6,42.43,1.324,B,swing,13,8.3,60.78
75.7,195.92,46.21,1.017,A,day,17,3.5,56.3
94.85,186.3,72.64,1.847,C,day,12,7.6,48.61
85.02,185.16,46.84,1.11,A,day,15,0.5,58.58
84.36,186.04,42.8,1.065,A,swing,3,5.6,72.27
82.46,181.12,68.64,2.363,B,day,5,9.6,54.68
74.48,188.29,46.81,1.886,A,day,15,10.6,65.95
79.55,182.14,38.6,1.744,B,night,6,7.7,58.56
69.33,183.1,41.94,1.807,B,swing,13,4.7,58.26
84.25,188.01,55.96,1.289,A,swing,3,5.6,68.58
81.37,184.03,59.8,1.982,C,night,13,5.7,49.57
70.78,191.59,52.99,1.984,C,swing,8,9.0,60.31
90.93,193.38,52.48,0.933,A,swing,17,10.2,58.8
89.71,197.59,51.47,1.936,A,night,7,2.6,54.37
76.86,189.76,68.23,1.032,A,night,1,9.5,70.34
74.33,183.46,42.04,2.974,B,day,17,4.5,42.95
69.43,181.57,60.15,1.76,A,swing,1,6.0,64.84
76.96,177.51,37.33,2.076,A,day,14,5.6,55.32
74.32,173.57,59.73,2.021,B,day,6,7.9,51.84
72.58,177.75,63.42,1.533,C,day,14,4.0,50.01
95.9,201.91,46.51,1.966,A,swing,13,8.3,52.98
84.3,181.53,59.26,1.735,A,day,6,10.2,65.05
81.57,172.02,56.91,1.501,B,day,13,6.6,50.79
90.99,198.43,58.89,2.033,A,night,10,2.4,51.67
74.17,171.97,53.31,3.46,C,day,7,6.8,47.17
62.52,189.42,51.98,2.351,A,day,4,0.5,63.16
67.34,176.93,52.04,0.976,A,day,3,3.7,65.93
98.85,205.23,55.39,1.339,A,night,4,3.8,56.59
85.64,173.7,42.28,1.626,B,night,2,7.7,58.84
72.04,183.27,64.46,1.13,A,night,6,2.7,68.02
85.51,188.86,51.34,2.284,B,swing,15,10.7,51.33
62.81,194.97,50.45,3.452,B,night,17,5.2,42.1
70.46,189.59,59.06,1.132,B,day,4,8.4,64.37
73.17,190.65,53.97,2.213,A,day,6,8.8,63.45
72.87,185.99,57.02,1.838,B,swing,9,3.3,55.72
81.61,197.57,37.7,2.138,A,swing,1,2.7,65.78
82.62,192.81,43.26,1.547,B,night,1,6.6,61.5
74.69,180.96,28.09,1.102,C,swing,15,2.5,50.46
92.48,181.21,50.09,2.91,A,swing,3,0.5,55.82
78.04,198.16,49.97,2.691,B,night,9,9.8,49.97
87.29,190.14,38.96,1.335,B,day,15,4.6,48.67
73.3,177.36,75.76,2.894,A,night,7,8.1,55.43
85.65,173.02,41.23,1.513,A,day,4,6.0,59.11
76.03,192.46,34.74,1.211,A,day,6,7.7,72.78
73.27,165.15,52.47,1.741,A,day,12,6.8,54.91
85.5,173.4,40.25,1.001,B,day,2,5.7,60.47
81.42,196.54,45.83,2.726,C,night,9,7.5,41.13
64.2,176.03,49.12,2.053,C,swing,17,4.9,47.01
64.04,181.79,76.03,0.627,B,night,6,14.8,73.62
84.44,187.36,53.66,2.266,C,swing,3,9.7,53.15
62.33,181.58,64.45,2.384,B,day,2,3.9,54.92
81.9,191.31,65.2,2.116,C,day,4,10.5,53.03
69.68,191.22,39.78,1.689,A,swing,13,6.2,65.42
75.88,177.04,38.76,2.207,A,day,3,4.3,62.66
81.26,181.36,78.37,1.233,A,day,3,0.5,61.91
82.6,175.9,26.38,3.181,B,day,15,4.1,42.73
79.07,187.54,54.81,1.01,B,swing,8,5.2,60.21
76.15,186.15,38.37,1.872,A,swing,1,0.5,69.65
94.68,185.43,57.37,1.113,A,day,2,4.3,67.72
92.85,184.44,54.24,2.077,A,night,15,8.9,57.11
77.27,176.75,42.3,1.517,B,day,3,0.5,60.68
86.92,169.75,52.7,1.478,A,swing,13,5.1,51.0
89.54,186.13,30.94,1.838,A,day,17,13.8,57.56
73.16,179.51,60.53,1.506,B,swing,13,5.5,51.94
86.2,188.92,48.28,2.33,B,night,7,9.7,54.4
71.86,184.31,53.99,1.849,A,day,2,4.1,63.59
70.9,181.43,55.34,1.705,B,day,13,2.0,55.49
73.52,189.17,56.0,1.342,B,day,17,2.3,54.61
78.64,194.79,57.04,0.992,A,swing,10,9.4,59.71
76.63,192.88,50.31,2.264,B,swing,10,7.0,51.93
75.42,197.62,65.31,1.63,A,day,8,0.5,59.09
91.15,184.49,48.66,1.713,A,day,13,9.8,61.18
68.54,194.43,50.24,2.441,B,swing,8,6.1,48.95
76.39,184.26,31.59,0.698,B,night,11,5.3,64.08
91.89,198.98,36.83,1.824,A,night,4,5.4,60.84
74.04,205.75,28.63,2.035,A,swing,6,4.0,59.64
74.07,185.5,74.27,2.15,B,day,17,5.1,50.94
75.68,187.47,46.5,1.448,A,night,13,6.3,50.47
80.68,195.54,40.74,2.6,B,night,4,6.2,55.41
89.25,189.9,55.08,2.622,A,day,14,6.1,48.93
89.72,178.27,49.11,2.708,B,day,7,4.6,44.83
91.76,188.93,44.42,2.312,A,day,16,0.5,44.39
84.41,177.82,61.37,1.892,B,swing,3,7.2,59.08
87.51,182.06,58.29,2.567,C,night,17,4.2,33.27
71.45,175.59,39.44,2.045,B,swing,5,5.9,63.55
88.3,168.66,61.69,2.489,A,night,9,8.5,58.39
66.69,194.77,62.82,1.683,B,swing,5,10.7,61.7
65.47,187.53,65.76,2.422,A,swing,12,8.4,58.99
88.65,202.2,48.18,1.787,B,day,3,6.7,56.84
74.82,186.0,28.36,2.221,A,day,15,7.7,56.2
73.97,176.21,55.23,1.174,B,day,13,8.4,64.1
80.37,171.59,55.61,1.448,A,swing,12,2.6,64.24
85.25,196.44,59.45,1.814,C,swing,1,3.4,54.07
64.93,189.51,61.7,1.808,B,swing,16,3.2,51.33
76.8,190.0,18.0,1.629,A,swing,7,4.6,59.74
76.81,201.53,51.72,0.776,A,night,3,6.8,68.51
83.23,181.31,64.38,1.691,A,swing,11,3.2,52.03
68.87,191.29,53.96,1.81,A,day,10,9.1,59.69
92.64,193.55,58.64,2.89,B,swing,17,10.6,39.26
74.27,198.45,39.18,2.272,C,day,11,3.3,50.34
74.93,188.48,59.68,1.329,B,day,2,3.9,65.31
75.79,194.95,51.79,2.408,A,night,11,4.1,57.13
90.7,190.69,44.19,1.143,B,day,17,12.9,58.13
58.16,185.53,39.74,1.499,B,day,11,4.0,57.71
84.34,189.13,64.04,2.347,C,swing,12,2.0,45.15
82.21,198.4,51.94,1.479,A,swing,6,8.8,67.06
76.54,184.13,55.71,2.689,C,night,17,3.9,43.09
70.17,191.12,67.45,2.585,A,day,3,7.6,66.28
89.94,175.46,60.85,2.36,A,swing,6,0.5,52.71
102.91,186.98,61.16,2.414,C,day,13,8.6,47.63
70.52,191.08,47.66,1.503,A,day,15,3.9,62.84
73.59,196.1,45.0,2.309,B,swing,16,7.4,45.76
86.49,193.22,59.72,1.911,A,day,13,10.1,52.86
77.8,180.02,60.31,1.384,B,swing,11,2.7,56.29
76.61,190.47,67.9,2.539,B,night,1,3.2,48.47
65.88,179.18,50.72,1.959,A,day,17,6.5,61.64
76.59,205.34,72.15,1.368,A,day,11,5.1,55.98
82.23,180.14,51.84,2.207,B,day,13,4.1,48.43
91.46,186.21,32.68,1.732,C,day,12,6.9,54.05
79.96,179.68,61.26,0.962,B,day,10,10.7,60.65
92.9,188.83,67.23,1.858,A,night,13,2.9,44.24
75.0,188.92,38.83,1.767,B,day,13,5.5,56.38
80.35,174.79,57.48,1.643,B,day,8,11.8,62.97
83.7,175.04,50.2,2.031,B,day,13,3.6,47.9
86.9,182.22,50.94,1.536,A,swing,2,4.2,68.16
59.74,181.54,38.04,1.624,A,swing,13,6.5,66.46
71.83,202.81,51.78,1.08,A,night,1,10.6,69.58
92.96,200.6,61.3,2.501,B,night,13,3.8,39.03
72.28,171.93,67.88,2.476,B,swing,16,6.0,46.41
75.91,190.09,44.72,2.543,B,day,16,5.8,54.85
62.21,175.65,44.51,1.919,B,night,3,4.8,58.15
55.04,187.16,51.04,2.073,A,day,11,2.5,63.9
69.91,188.93,52.99,1.053,C,night,16,5.9,51.66
101.02,180.65,56.83,1.879,A,day,1,3.6,60.44
77.71,196.92,24.94,1.199,B,night,13,6.5,58.61
81.76,182.1,70.67,1.768,A,day,2,5.3,62.17
76.81,176.05,49.26,0.5,C,day,9,8.7,63.94
59.23,203.53,35.5,0.67,B,swing,6,6.6,71.86
63.79,190.03,64.72,1.01,A,day,14,6.7,65.04
82.25,195.07,61.01,2.491,A,swing,16,5.4,46.4
74.2,178.65,29.86,1.626,B,day,8,7.1,64.73
63.16,179.66,57.87,1.517,A,day,13,3.1,58.68
68.61,185.31,42.81,0.989,B,swing,3,4.8,68.25
57.91,181.89,37.08,2.41,A,day,9,5.6,61.92
85.32,189.32,63.62,1.866,B,swing,15,0.5,49.38
85.05,195.98,51.05,1.838,B,day,17,10.3,55.9
80.39,174.95,36.11,0.918,C,day,11,7.4,57.02
74.43,187.16,62.2,2.176,A,swing,16,5.4,47.65
68.78,190.9,48.65,1.324,C,day,10,7.3,60.83
87.36,185.58,57.96,1.713,A,day,15,11.0,62.39
93.91,189.96,37.88,1.581,A,day,8,0.5,57.65
69.14,182.25,48.42,2.512,C,swing,16,5.0,49.68
92.63,187.16,45.0,0.961,A,day,6,2.4,69.16
82.05,188.28,43.82,1.489,A,day,1,7.0,72.17
84.76,185.43,57.79,0.978,B,day,12,4.2,56.08
68.97,199.56,71.4,1.804,B,swing,17,10.5,50.21
91.05,186.54,58.52,2.358,B,swing,9,6.5,49.15
86.36,169.98,54.89,2.015,A,night,9,1.4,54.44
69.22,198.24,62.6,2.549,B,night,5,8.8,59.18
83.26,182.26,50.16,1.897,B,day,14,3.9,54.7
80.1,193.78,61.01,2.551,A,swing,4,6.8,57.61
81.35,190.68,79.99,1.71,B,night,1,8.7,58.67
81.8,195.05,61.59,0.796,C,day,5,3.9,59.36
75.72,178.89,65.7,1.7,A,swing,14,6.6,59.0
77.81,184.88,57.24,1.074,B,night,17,5.8,55.03
72.87,169.69,64.38,2.255,A,day,15,7.6,54.13
81.97,176.96,39.36,1.194,B,night,4,5.9,58.84
77.78,184.87,56.33,1.505,A,swing,1,4.2,70.05
52.6,182.19,56.92,1.69,C,night,12,6.8,52.26
68.75,193.09,45.86,2.034,A,night,10,5.2,57.91
72.21,183.74,41.77,2.369,B,swing,4,3.9,60.0
76.42,182.92,58.64,1.894,B,night,2,4.4,58.64
70.44,186.05,68.16,1.851,B,swing,9,4.5,61.04
80.54,178.31,64.73,1.572,A,swing,12,7.1,53.46
75.65,174.53,30.98,1.804,C,day,17,6.9,47.03
70.42,190.4,59.23,1.578,B,swing,4,3.3,61.82
63.09,190.78,45.6,2.855,C,night,4,7.0,53.94
62.23,197.34,49.44,2.638,A,swing,6,8.6,57.49
48.64,189.81,56.9,1.963,B,day,2,8.6,73.52
84.46,182.49,57.53,1.954,A,night,16,12.2,60.73
81.87,192.21,68.26,1.527,C,swing,16,7.8,49.78
73.32,187.01,57.25,0.5,A,swing,17,6.0,62.27
59.35,201.17,63.46,1.968,A,night,10,10.4,64.41
82.88,191.35,52.48,1.56,B,day,8,5.0,61.22
83.48,190.88,43.69,2.028,A,day,4,7.5,58.79
60.14,185.5,47.36,2.339,A,day,11,1.9,56.27
74.84,192.32,66.3,2.19,B,night,17,8.2,39.6
74.31,196.06,47.96,1.612,B,swing,14,7.6,54.28
79.59,190.71,41.27,2.753,B,day,1,0.5,54.25
88.55,172.42,62.61,1.364,A,night,4,3.6,62.6
92.16,180.98,49.66,2.198,A,swing,17,5.3,45.7
71.74,189.62,63.83,1.611,A,night,14,7.1,60.64
80.95,193.63,62.04,2.96,B,swing,13,6.4,46.56
54.86,181.29,80.3,1.922,A,day,17,0.7,48.39
88.3,162.82,40.48,1.764,A,day,16,12.5,58.61
71.87,179.02,58.15,1.562,C,swing,5,1.7,62.24
85.24,178.17,48.37,3.374,A,night,12,6.1,48.87
81.08,181.07,50.96,1.103,B,day,16,0.5,51.6
76.33,181.8,49.51,1.58,A,swing,7,11.9,69.9
72.56,175.46,75.19,1.767,A,swing,2,7.5,70.27
68.53,184.26,40.56,1.35,B,day,7,6.8,64.05
68.27,185.31,48.18,2.034,B,swing,1,6.8,65.41
70.51,183.28,46.79,2.543,A,night,9,7.0,62.04
81.05,192.67,49.59,1.435,C,night,8,4.5,52.05
78.71,174.64,47.39,2.188,A,day,9,7.7,63.15
76.88,172.38,57.5,2.09,B,swing,6,4.8,57.4
81.75,200.64,53.43,1.761,B,day,3,9.3,56.27
71.3,185.83,52.85,1.242,B,day,16,2.0,52.41
80.23,181.21,40.75,1.365,B,day,5,4.2,60.04
72.88,195.28,62.13,1.18,A,night,3,8.9,67.01
86.5,191.95,53.67,2.385,B,day,9,1.1,53.18
90.43,170.06,58.71,1.106,C,swing,4,3.7,56.71
65.79,194.12,44.72,1.825,A,swing,5,3.1,66.43
86.05,182.93,41.05,1.445,A,swing,3,3.8,63.71
67.72,188.74,47.36,2.775,A,swing,17,7.2,56.37
72.42,192.19,46.9,0.921,A,swing,11,1.8,63.4
95.71,198.94,43.13,2.101,C,night,7,8.8,48.62
78.76,175.62,32.95,2.736,B,night,12,8.3,50.91
72.07,199.63,49.62,1.554,C,swing,9,9.8,58.0
66.9,187.58,52.42,1.637,A,swing,4,4.2,70.67
93.09,199.3,52.33,2.281,A,day,7,3.9,55.77
75.69,188.61,35.64,2.072,B,night,9,3.9,51.58
73.84,173.03,54.35,1.796,A,day,12,15.5,68.32
77.05,179.28,56.32,1.88,C,swing,10,1.5,45.5
72.74,194.42,43.57,2.295,A,day,1,10.3,69.25
73.1,193.92,62.34,1.992,C,day,12,8.2,50.72
69.76,173.79,77.87,1.223,A,swing,17,0.5,53.38
100.43,195.98,58.2,2.045,B,night,12,4.2,41.01
78.72,190.58,58.84,1.274,A,night,14,2.6,49.78
80.18,186.99,51.95,1.585,B,day,3,7.9,65.75
64.2,188.06,54.76,3.088,A,day,12,3.9,54.56
85.38,188.08,63.28,1.841,A,swing,5,4.3,61.12
94.44,186.03,57.8,2.489,A,day,5,4.1,58.87
73.17,178.45,67.36,2.784,B,night,3,4.6,49.67
91.78,183.91,45.89,1.434,C,swing,5,13.5,64.24
61.18,174.54,37.06,2.034,B,night,15,1.8,50.76
67.71,185.23,70.39,1.381,B,swing,7,1.3,60.69
83.65,190.7,32.72,1.511,A,day,7,3.5,64.71
75.6,180.28,39.27,1.882,A,night,7,3.5,58.76
78.14,185.61,31.78,0.636,A,night,15,4.1,66.61
78.96,192.31,37.9,1.337,B,day,14,4.4,53.58
75.96,177.83,69.28,1.119,B,day,15,3.6,48.99
85.18,187.88,56.14,1.303,C,day,11,0.5,50.34
82.46,180.73,18.0,1.086,A,night,11,6.2,66.37
73.69,205.51,51.43,1.756,A,night,15,3.1,55.24
93.44,184.42,62.2,2.483,A,day,6,4.4,53.26
80.89,190.1,46.11,1.945,B,night,13,8.0,52.0
71.12,187.66,48.29,1.062,A,day,10,2.0,58.49
78.0,163.64,31.7,1.628,B,swing,11,5.8,46.01
75.96,172.19,59.23,2.322,B,day,12,3.5,48.8
65.6,178.23,53.27,2.549,B,swing,16,6.7,48.28
77.09,185.68,42.54,1.905,A,night,6,3.5,56.4
84.77,194.91,46.82,1.967,B,swing,16,9.0,44.35
60.83,187.31,51.26,1.424,B,day,3,2.1,61.38
66.15,185.89,65.67,1.795,B,day,15,6.5,59.74
71.97,180.7,33.94,3.212,B,swing,14,0.5,41.02
76.1,198.74,49.42,1.16,B,swing,7,5.8,58.37
78.2,198.57,49.48,2.703,A,swing,5,5.3,55.71
69.12,188.94,56.22,2.448,A,day,1,11.8,65.05
71.06,190.05,40.69,2.26,A,swing,6,1.7,61.74
65.06,187.53,61.87,1.472,B,day,10,9.7,63.97
79.04,188.68,78.33,1.078,B,day,11,9.1,64.83
84.54,183.04,40.05,2.056,A,night,9,7.6,62.91
85.67,193.97,52.13,2.809,A,day,14,2.9,50.78
90.44,183.64,62.96,1.943,A,day,3,5.1,52.78
86.39,199.16,52.06,2.876,B,day,7,5.5,45.94
82.92,184.57,33.51,1.814,B,night,9,5.9,51.14
60.9,192.88,56.73,1.521,A,day,16,5.1,60.78
76.12,166.44,53.0,1.708,B,swing,14,5.8,51.54
58.58,201.64,54.8,2.122,A,day,1,9.7,70.07
70.75,177.45,44.96,2.202,A,night,12,5.1,50.55
78.92,194.42,66.01,2.75,A,day,2,3.0,61.04
94.9,177.17,45.03,2.618,B,day,3,7.4,53.76
75.25,168.19,34.61,2.644,B,swing,5,3.6,52.7
75.12,190.42,70.02,1.496,A,day,10,8.8,59.91
99.03,185.58,39.59,0.7,A,night,7,4.0,59.88
78.86,200.25,44.42,1.731,B,night,8,4.5,58.4
71.8,185.89,52.62,2.018,B,day,2,5.8,65.22
82.06,197.53,58.15,1.752,A,day,12,12.4,64.61
76.54,163.57,57.67,1.877,B,night,16,6.1,47.81
83.96,193.52,43.7,2.425,C,swing,13,4.7,46.93
82.05,199.02,45.8,1.966,A,day,8,6.3,58.23
76.8,190.37,49.18,1.985,B,day,9,5.6,53.0
63.33,185.9,42.36,1.557,B,day,11,7.6,58.99
93.68,191.36,40.09,1.852,A,swing,8,11.7,66.23
73.8,178.5,57.32,2.813,A,swing,17,5.1,53.87
90.86,184.15,65.34,1.811,A,night,6,4.5,57.15
77.23,180.39,52.82,2.466,A,swing,17,4.8,53.69
69.0,188.95,52.35,2.082,A,swing,1,3.4,65.67
65.89,173.54,23.04,2.742,B,day,4,6.3,58.85
79.72,204.36,57.4,2.213,A,day,11,9.6,53.02
61.17,185.94,66.75,1.319,B,night,16,7.1,54.27
91.55,178.31,57.35,1.932,A,day,4,4.8,57.0
71.34,173.73,48.7,1.808,A,swing,15,11.7,56.09
74.56,186.13,43.19,1.552,A,day,1,7.7,71.36
86.02,179.94,37.25,2.49,C,day,16,1.8,40.27
64.49,178.39,51.89,2.101,A,swing,2,11.3,67.74
75.79,195.77,40.7,2.173,B,day,8,9.1,57.75
67.06,190.8,58.31,2.081,B,night,12,8.6,55.99
62.23,195.17,85.0,1.524,B,swing,1,5.2,64.68
65.95,193.37,64.3,1.598,A,night,8,8.2,61.36
94.06,185.16,65.43,1.83,A,swing,8,5.6,57.4
69.86,171.22,28.27,1.991,B,day,1,0.5,57.35
90.3,185.14,66.4,1.5,A,day,17,8.5,55.01
74.48,179.1,61.52,1.872,A,night,12,1.6,52.81
76.58,178.63,67.96,2.164,A,swing,16,6.5,56.52
59.12,180.77,41.85,2.164,B,night,5,1.7,59.11
80.13,174.52,70.36,1.083,B,swing,6,5.4,62.51
89.74,182.57,39.99,1.962,A,night,1,3.0,56.31
86.18,183.64,55.84,1.788,A,swing,12,10.7,61.74
66.73,168.01,46.45,1.975,A,night,1,12.6,72.93
64.74,183.49,53.99,1.239,A,day,4,8.3,74.47
83.75,172.81,61.28,1.767,B,day,3,9.5,66.53
88.71,178.28,61.96,1.677,B,day,12,4.9,54.51
61.71,210.99,81.98,2.811,B,swing,7,8.2,51.63
64.71,185.73,47.79,1.75,A,swing,14,6.0,60.88
66.59,189.99,47.92,2.011,B,day,5,0.5,57.15
88.17,169.79,53.41,2.029,B,day,14,3.1,45.24
75.25,189.7,30.63,2.85,B,swing,8,1.6,47.68
90.2,192.71,58.93,1.677,A,night,11,3.6,54.16
84.27,191.71,54.92,1.821,B,day,11,6.0,52.95
81.32,185.94,81.38,2.198,C,day,3,9.5,61.67
85.92,179.61,40.42,1.443,C,day,4,8.1,57.38
69.3,190.74,50.95,1.918,A,night,17,2.8,54.41
68.93,194.75,57.95,1.405,A,swing,12,8.2,63.69
64.63,186.82,59.49,1.701,A,day,12,8.5,62.58
60.49,177.66,51.78,2.147,A,swing,8,6.0,60.26
49.16,191.09,44.81,1.101,B,day,15,9.8,63.44
86.12,184.14,46.84,2.24,A,day,8,2.7,64.11
74.14,196.96,55.16,3.046,B,swing,14,3.5,49.76
68.83,201.49,33.9,1.79,A,swing,12,2.4,62.36
82.91,188.92,60.86,1.901,C,day,13,11.4,50.61
91.92,197.23,36.0,1.775,A,day,16,5.2,51.65
76.25,195.24,53.61,2.288,A,day,16,0.5,45.61
98.64,171.13,56.45,1.791,B,day,10,6.0,49.19
71.44,186.64,60.31,2.315,B,day,11,3.9,58.47
75.26,178.44,51.44,3.254,A,day,9,5.7,56.1
81.55,187.82,55.08,1.74,A,night,2,6.4,63.97
72.77,187.85,41.57,1.509,C,night,11,3.2,53.17
76.78,168.43,43.42,1.049,B,day,1,2.6,64.82
75.97,192.36,65.63,0.938,A,night,16,2.2,55.45
86.93,185.15,61.23,1.076,A,swing,7,2.1,60.56
86.74,182.55,47.93,3.233,A,day,13,7.0,45.44
67.13,200.31,57.43,2.013,A,night,12,5.4,55.62
76.69,192.54,65.04,1.224,A,day,7,4.4,63.75
75.0,181.12,62.85,1.461,A,swing,13,9.3,61.07
77.63,189.36,56.71,0.671,C,night,9,4.2,57.68
80.55,167.17,45.08,1.926,C,swing,3,5.9,52.71
76.3,169.27,37.13,2.185,B,day,3,3.8,56.61
84.91,190.48,35.8,1.132,B,day,6,4.8,58.62
86.35,193.47,52.95,2.433,B,night,2,3.2,51.38
79.07,173.27,54.35,1.299,A,night,13,7.1,56.03
66.91,180.05,45.89,1.147,B,day,12,3.8,59.32
72.09,195.28,28.35,1.876,A,swing,8,14.5,65.48
71.93,184.8,65.31,2.003,C,swing,16,7.0,50.95
83.97,177.22,48.18,1.745,B,night,8,11.2,58.38
83.2,195.26,83.8,1.887,B,night,3,7.0,52.56
88.2,189.6,55.98,2.115,B,day,7,5.2,53.59
87.5,201.98,34.25,2.195,C,swing,13,5.9,53.22
63.75,190.09,62.75,2.404,B,swing,2,9.8,59.87
90.41,184.52,60.97,2.165,B,day,7,9.2,55.17
92.28,178.51,55.52,1.636,B,day,8,5.1,57.49
66.63,191.99,66.2,1.616,C,day,3,7.3,59.74
80.2,169.76,59.86,2.524,B,swing,17,3.6,44.3
76.83,174.37,66.49,2.313,A,night,1,0.9,54.88
68.25,179.34,62.97,2.253,A,day,15,2.4,47.89
105.71,187.86,52.41,1.392,B,swing,9,9.8,56.22
87.45,199.67,45.38,2.169,A,night,11,1.0,44.72
61.62,184.92,51.72,0.5,B,day,16,5.4,64.75
84.98,195.76,62.29,2.059,B,day,12,8.4,58.2
90.58,176.83,83.66,1.199,A,day,2,7.8,64.86
94.02,187.98,48.93,1.301,A,day,16,3.0,55.71
87.36,194.72,67.1,1.653,C,day,5,10.0,59.4
75.65,193.34,38.57,1.039,B,night,14,6.0,50.64
80.68,182.79,41.52,1.077,B,day,11,6.7,60.98
71.44,185.54,39.42,1.751,B,night,14,6.3,55.49
76.78,185.91,37.4,1.315,B,day,16,10.3,63.0
59.26,196.38,62.25,1.786,B,day,14,9.6,60.32
89.29,179.12,63.59,1.725,A,day,2,8.3,63.22
71.91,193.02,30.42,1.725,B,swing,9,10.0,62.36
72.33,180.56,45.23,2.008,A,night,5,4.0,58.35
90.8,199.77,63.49,1.749,C,swing,8,5.8,52.4
64.55,189.54,54.59,2.139,B,night,16,9.4,47.78
95.36,196.95,50.52,1.146,B,night,5,5.0,56.05
97.18,169.37,85.0,1.437,B,day,10,6.3,52.48
84.83,194.46,66.81,1.763,B,swing,13,4.9,53.05
64.93,187.2,66.79,1.843,A,day,14,2.4,59.44
60.98,177.69,51.6,1.858,A,day,5,0.5,60.45
73.79,179.14,39.14,2.39,A,swing,15,4.7,54.58
72.11,181.23,54.63,1.701,B,day,8,4.7,56.24
76.39,182.72,31.53,1.563,B,swing,9,6.7,61.14
95.24,188.8,73.04,2.325,B,day,17,7.2,52.92
93.72,189.71,44.83,1.364,B,day,4,6.4,65.11
71.96,190.5,45.66,1.484,A,day,7,3.9,61.14
86.75,180.0,71.15,1.489,B,day,14,3.2,48.12
75.72,174.97,56.75,1.939,B,day,12,9.1,55.27
79.9,189.45,30.05,1.697,B,night,13,9.1,57.95
69.11,205.07,48.75,2.811,B,night,6,9.7,56.65
82.79,185.34,55.18,2.931,B,day,7,7.8,51.95
75.09,189.78,47.48,2.735,C,day,5,2.3,53.63
89.04,187.77,40.52,1.191,A,day,1,9.3,67.88
92.07,190.75,61.9,2.516,B,day,2,5.1,50.67
70.59,191.45,66.38,2.885,A,day,1,8.6,58.81
71.82,194.4,54.52,1.665,B,swing,16,10.5,55.08
73.1,181.51,59.3,1.59,B,swing,1,9.9,61.63
83.54,183.36,55.45,1.609,B,day,12,8.3,54.21
68.96,180.95,65.42,2.036,C,day,8,9.4,53.44
90.8,188.88,58.21,0.876,B,day,7,0.5,58.3
82.83,202.29,44.88,2.385,A,swing,13,4.0,55.53
69.09,187.08,42.7,2.45,B,swing,14,8.2,53.27
78.94,177.63,53.95,1.184,A,swing,5,7.8,66.19
75.19,180.31,57.87,1.387,A,swing,3,10.3,73.84
79.07,180.76,40.48,1.944,B,day,17,6.3,52.53
83.6,190.49,29.43,2.299,C,night,12,8.0,51.48
63.84,183.88,56.2,1.747,C,day,2,6.6,60.94
90.68,194.07,55.58,2.35,C,swing,4,5.3,55.88
74.09,189.43,55.01,1.879,A,night,8,2.4,56.54
82.61,167.04,59.36,2.057,B,swing,11,2.9,50.26
91.68,189.95,41.24,1.319,A,day,1,5.4,67.56
88.49,183.96,49.27,1.5,A,day,10,4.4,57.48
76.28,217.15,46.13,2.17,A,swing,11,8.8,51.99
76.82,189.51,43.3,1.668,B,day,6,4.1,61.9
70.56,198.35,46.95,2.529,B,swing,9,2.4,49.45
89.77,188.94,58.39,1.792,A,swing,11,10.6,55.88
65.98,194.25,46.84,1.129,A,swing,9,7.1,65.37
84.72,172.33,71.41,1.975,C,swing,5,4.5,47.45
61.47,182.85,40.23,2.286,C,day,1,2.8,57.41
65.28,194.89,47.26,0.986,A,night,5,7.1,68.35
94.13,180.72,53.42,1.307,A,day,2,4.5,63.11
84.86,191.06,21.96,1.175,A,night,10,9.4,64.39
72.84,188.98,63.07,1.683,A,swing,12,1.0,56.18
70.88,183.33,64.19,1.065,B,night,1,3.4,65.73
64.88,186.48,70.15,2.144,C,night,4,1.9,45.0
60.16,183.43,45.62,2.207,A,swing,10,5.9,65.78
59.22,188.31,44.55,1.916,B,day,1,7.3,68.92
53.34,177.08,47.42,2.048,B,swing,16,5.0,61.3
71.89,176.85,49.6,1.493,C,day,3,2.5,56.1
76.31,197.61,58.63,1.956,A,day,1,3.1,64.03
80.2,186.39,55.02,1.903,B,swing,2,3.4,55.51
78.98,200.07,67.35,1.787,A,day,12,3.0,48.95
59.01,184.19,49.58,1.759,A,day,10,0.5,63.62
59.67,193.89,58.39,1.363,B,night,4,4.7,60.01
79.67,179.95,54.53,1.996,A,night,7,0.5,47.15
93.13,188.91,49.26,1.607,B,day,12,4.8,51.79
67.57,184.81,67.22,2.129,A,swing,9,1.5,55.82
78.79,191.66,53.96,1.289,A,day,1,3.0,63.37
64.77,188.48,44.49,1.254,A,swing,1,8.6,69.72
78.56,184.05,60.07,2.749,A,night,12,9.3,59.25
90.05,191.4,48.02,1.146,B,swing,11,5.5,54.87
76.92,174.15,55.78,1.336,A,swing,8,9.2,59.55
57.49,175.72,42.64,1.392,B,swing,9,7.2,60.41
77.56,181.96,40.93,0.99,A,day,13,4.2,64.15
74.39,192.0,41.78,0.587,B,day,13,11.2,63.17
74.96,181.18,38.82,1.409,B,swing,9,3.4,59.94
77.41,177.01,57.04,2.485,B,day,5,3.6,53.51
94.01,190.88,46.57,2.347,A,day,15,1.8,38.89
76.67,192.26,69.23,1.169,B,day,6,2.0,52.22
63.01,190.41,54.7,1.544,B,night,12,8.2,54.01
75.31,169.47,35.95,1.451,B,day,9,0.9,54.81
95.48,183.13,57.03,1.523,A,night,5,0.5,51.2
81.35,187.04,53.33,1.828,A,swing,13,6.0,59.64
73.32,178.94,33.87,1.504,A,day,12,5.7,65.21
65.38,197.8,53.7,1.289,B,night,11,4.0,54.43
70.57,178.33,31.95,0.886,A,day,9,6.2,68.59
75.5,199.76,36.65,2.631,A,day,12,9.5,53.54
86.57,189.67,54.91,2.204,B,day,8,3.3,48.52
86.71,183.87,55.8,1.738,B,day,7,12.1,59.82
74.5,176.5,33.67,2.277,B,swing,8,7.7,55.42
67.76,177.26,63.98,1.688,A,night,11,0.5,51.13
69.51,184.96,55.26,1.992,A,swing,9,6.2,59.16
68.41,184.24,54.24,2.353,C,day,13,8.2,56.5
78.08,187.96,77.13,1.975,B,day,9,2.6,52.43
82.21,197.86,57.36,1.962,A,swing,6,3.3,54.9
79.85,184.98,66.2,2.548,B,day,16,8.3,50.62
70.08,197.84,62.01,2.383,A,day,12,11.6,58.63
77.82,187.61,45.53,1.722,A,swing,9,5.8,55.35
68.25,196.6,37.68,1.769,B,day,1,10.0,66.27
88.09,206.2,30.11,1.452,B,swing,16,4.1,49.04
68.33,185.04,43.27,1.691,A,day,11,2.0,57.6
74.69,176.23,59.05,0.947,B,day,16,4.4,50.05
90.1,201.31,62.12,2.293,A,swing,3,8.9,61.17
87.79,203.28,36.9,2.18,A,swing,6,8.3,56.35
76.25,181.85,50.1,2.28,A,night,11,11.6,53.47
81.4,178.45,52.25,2.517,C,day,17,6.9,44.02
76.45,193.9,53.08,2.372,B,swing,1,8.2,57.37
60.62,184.08,58.19,2.716,A,day,13,3.2,52.74
68.06,171.59,39.25,1.933,B,night,7,3.4,58.08
78.12,184.26,61.41,1.668,B,day,11,9.5,58.43
59.21,192.42,70.79,1.771,B,day,11,8.1,64.46
80.25,194.52,51.1,1.427,A,day,8,2.0,56.03
85.59,182.74,46.44,2.567,A,day,4,3.7,58.17
82.16,188.36,54.6,1.314,C,swing,3,3.6,64.37
69.76,193.95,62.99,1.02,A,swing,10,6.3,66.98
88.85,187.03,66.0,2.904,A,swing,7,7.6,55.08
80.97,192.72,67.99,2.17,A,day,3,10.5,56.81
84.31,177.28,49.44,2.913,A,day,10,4.5,47.08
69.35,180.12,50.31,1.925,A,night,11,6.0,57.08
72.77,186.97,34.67,2.497,B,night,16,4.0,51.81
62.74,187.1,43.21,2.369,A,day,8,10.2,66.14
84.67,178.67,65.8,1.728,C,swing,11,5.5,49.59
75.52,202.45,49.91,1.786,C,swing,5,5.3,53.89
82.28,180.45,60.05,2.12,C,day,3,12.2,63.57
74.17,182.51,29.48,1.188,C,swing,16,8.3,60.12
92.1,191.52,51.83,1.744,B,night,14,3.5,43.7
65.58,193.01,54.11,1.363,B,day,13,12.7,67.07
65.76,179.43,64.89,1.162,B,day,12,6.2,52.91
82.24,184.92,69.57,1.124,A,swing,6,5.8,69.78
82.78,179.55,50.13,1.744,B,day,12,6.9,54.06
69.54,208.68,47.75,1.913,A,swing,5,7.8,65.16
74.89,179.98,65.2,1.859,B,swing,5,3.0,55.14
95.87,179.68,53.48,1.65,A,day,17,11.4,53.93
71.22,175.38,56.48,1.959,A,day,12,3.2,57.13
70.13,184.87,49.29,1.908,C,night,5,9.0,60.66
90.28,188.36,35.35,1.594,A,night,12,1.3,50.46
76.79,182.37,45.17,2.043,A,day,3,5.2,60.94
80.22,190.82,47.64,1.757,A,night,16,9.8,52.5
75.15,185.05,63.25,1.427,B,swing,12,6.2,64.45
74.8,179.34,24.16,1.906,A,day,8,14.8,67.79
48.99,182.15,46.67,3.1,A,swing,1,6.1,62.49
60.88,195.33,77.19,1.404,B,night,17,5.0,53.96
74.74,188.76,65.53,1.817,C,night,1,8.3,57.63
77.96,190.35,47.41,1.398,B,swing,16,2.2,54.11
72.07,186.02,39.02,1.157,B,swing,14,4.7,59.34
76.41,188.19,62.42,2.33,C,day,1,0.5,48.08
88.83,182.6,67.28,1.83,A,night,12,7.2,55.04
104.14,186.9,52.29,1.772,B,night,8,2.5,44.72
85.79,187.76,56.51,1.527,A,night,14,2.5,53.12
90.61,183.34,34.33,0.567,A,day,12,5.7,65.85
76.17,201.28,57.81,2.456,B,swing,1,3.9,53.44
74.89,174.55,62.9,2.223,A,day,5,3.1,56.99
85.25,196.11,62.76,2.341,A,swing,5,6.3,53.87
87.92,176.47,81.88,0.5,A,swing,1,3.7,64.94
71.46,196.16,56.82,0.946,B,day,2,7.9,69.22
77.03,192.49,33.86,2.047,A,swing,5,8.1,65.51
78.06,178.03,44.3,1.814,A,swing,14,5.4,53.2
75.68,179.03,40.53,1.457,C,swing,3,5.3,61.96
69.49,177.91,83.39,2.078,B,night,8,4.6,48.06
84.45,195.47,46.62,1.617,A,night,3,3.7,56.49
75.14,184.99,48.12,2.257,C,day,15,6.8,47.71
77.97,182.07,38.2,2.259,B,day,13,3.6,46.7
70.61,191.6,41.76,3.125,B,day,7,6.1,59.07
75.27,183.62,58.21,1.476,C,swing,5,0.5,59.68
81.39,179.3,36.09,1.318,A,day,10,7.2,60.64
81.66,184.37,52.21,0.693,A,night,10,5.6,59.6
77.25,180.98,42.82,1.59,A,swing,11,0.5,57.77
73.57,183.03,70.06,1.16,B,day,13,2.8,53.91
87.56,187.14,66.39,0.878,A,swing,13,2.9,55.44
78.35,179.84,54.2,0.513,A,night,7,3.5,64.08
72.79,187.82,65.67,0.73,A,swing,9,7.4,63.66
78.53,190.65,63.37,2.016,B,night,9,3.3,49.78
105.29,194.83,64.79,1.678,A,swing,12,0.5,47.53
103.28,190.22,51.11,1.551,B,day,2,5.6,53.88
93.28,184.32,38.51,1.983,B,swing,2,6.3,57.69
78.22,164.23,41.26,1.207,B,swing,6,3.3,55.98
56.17,185.67,43.8,4.055,C,swing,16,4.6,42.33
63.51,194.04,46.9,1.863,B,swing,12,6.0,60.43
81.05,180.14,50.1,2.048,A,swing,2,5.0,63.39
83.11,200.37,59.61,0.923,B,night,1,8.3,63.67
92.7,191.35,38.82,1.667,B,night,11,7.4,52.69
80.49,186.72,41.55,0.5,B,day,10,6.0,64.22
111.1,162.96,54.24,2.575,B,day,6,7.8,46.92
73.47,176.72,43.03,2.291,B,swing,14,9.6,54.97
77.1,173.5,57.94,1.635,C,swing,14,10.8,51.47
76.29,186.88,57.07,1.655,A,night,8,2.6,55.05
55.27,173.97,37.52,0.767,C,night,3,4.3,66.12
81.35,177.43,67.67,1.98,B,swing,16,6.5,49.41
68.89,196.46,36.48,1.628,B,night,9,2.5,53.76
83.95,184.22,32.19,0.765,A,swing,4,3.0,70.5
80.41,190.86,61.41,1.971,A,day,17,8.5,54.42
75.23,196.13,49.65,1.067,A,night,13,9.2,62.31
75.97,200.46,44.4,1.581,B,swing,5,3.9,61.31
82.9,189.04,47.56,1.714,C,day,1,6.0,54.77
87.32,165.79,69.88,1.604,B,day,9,5.1,54.56
75.42,183.66,52.72,1.671,C,night,14,6.7,54.05
72.63,199.33,72.1,1.417,A,night,10,11.4,58.41
80.15,181.39,78.22,1.842,B,swing,1,6.5,57.89
84.75,180.23,58.84,1.323,C,night,12,5.5,48.61
78.22,188.78,61.79,0.868,B,swing,9,5.5,64.93
68.67,181.85,40.62,1.092,A,day,4,2.1,72.98
97.93,184.86,47.91,2.12,A,day,3,4.5,64.4
80.28,189.17,64.7,2.491,B,day,15,1.0,44.85
87.79,185.55,52.11,1.943,B,night,2,7.8,56.06
90.59,174.03,39.83,1.635,C,day,11,5.3,57.36
80.59,190.27,64.04,2.121,B,swing,11,3.4,56.4
76.57,190.67,51.57,1.144,A,swing,13,5.5,59.29
86.71,185.05,66.41,1.682,B,night,16,7.6,47.11
81.21,187.49,57.33,1.345,A,day,5,6.6,60.29
88.34,182.47,49.8,1.425,C,night,2,9.6,61.61
84.0,195.35,53.71,1.837,A,day,14,8.1,51.1
95.93,199.48,47.72,1.94,B,night,4,2.6,51.43
75.03,187.88,57.08,1.033,B,day,2,3.8,61.33
77.79,167.05,35.18,3.041,B,swing,13,5.6,45.25
73.34,168.3,44.39,1.874,A,day,1,7.9,66.03
94.28,191.31,46.4,2.04,A,night,16,4.4,50.78
76.4,195.0,36.93,2.034,C,day,7,6.6,59.31
73.19,193.53,44.55,2.825,C,day,8,1.5,52.93
86.04,190.78,68.19,2.235,B,night,15,3.6,42.67
82.72,183.31,38.43,1.382,A,swing,7,6.6,65.5
73.71,174.46,57.32,1.397,A,day,1,6.3,67.33
59.2,188.37,62.15,1.63,B,day,5,2.0,62.87
73.2,191.23,40.16,2.608,C,night,8,3.1,49.1
77.14,198.46,28.32,0.5,B,day,13,9.3,63.22
76.94,195.59,50.74,1.192,A,day,9,1.8,64.41
78.24,169.29,75.59,1.376,B,day,3,1.3,53.16
82.87,174.62,53.33,2.267,A,day,11,7.1,56.67
90.15,181.43,46.76,1.837,B,night,3,5.0,52.54
78.52,189.72,52.52,1.585,C,day,12,6.8,55.21
70.4,203.23,38.42,1.638,B,night,9,4.5,53.18
75.07,199.88,40.45,2.436,B,day,12,1.0,48.9
80.66,193.07,48.73,2.641,A,swing,4,5.5,55.18
88.09,183.48,49.24,2.623,A,swing,10,6.3,59.51
54.12,190.01,38.2,1.631,C,day,13,7.7,60.45
92.0,195.93,47.73,1.02,B,night,10,6.0,59.45
80.58,185.4,34.82,3.295,C,day,11,0.5,47.78
68.35,179.48,69.98,2.938,A,swing,15,6.7,45.01
92.46,165.62,60.91,2.148,C,night,10,4.5,43.09
84.45,194.53,45.58,0.97,B,swing,5,6.9,63.35
66.13,182.82,41.2,2.254,B,day,13,10.9,56.58
87.42,189.6,45.73,2.412,A,swing,13,6.8,54.24
99.41,184.33,25.56,1.691,B,swing,9,10.0,50.51
65.36,183.25,50.38,1.336,B,day,11,4.8,62.52
83.12,191.94,52.26,1.432,B,swing,12,3.1,55.24
85.87,184.24,58.26,1.079,A,swing,3,1.9,64.9
75.43,200.13,47.04,2.398,C,day,8,0.5,46.94
68.47,184.34,52.58,2.645,B,night,13,8.9,49.27
66.98,193.09,47.27,1.689,C,swing,14,11.3,54.05
84.11,201.03,44.7,0.5,A,night,3,9.7,68.74
72.08,172.8,58.51,1.643,A,swing,10,5.1,57.89
76.86,193.3,56.2,2.48,A,night,3,3.2,54.34
54.19,190.98,38.18,1.127,A,day,2,7.6,73.05
84.24,188.44,60.69,1.919,A,swing,3,4.4,56.34
63.04,179.45,78.21,2.215,A,swing,10,8.4,63.44
65.64,166.73,51.87,1.571,B,day,10,5.0,58.06
69.93,188.58,24.43,2.056,B,day,6,0.5,62.47
87.8,186.41,49.68,1.831,A,swing,8,13.4,68.29
69.7,163.57,46.23,2.423,B,swing,13,4.3,48.37
63.6,195.66,29.48,2.502,B,night,1,8.4,54.78
68.8,188.64,62.34,1.322,A,swing,2,10.0,74.06
65.56,183.73,51.12,1.269,A,day,16,6.2,65.54
72.94,169.38,58.37,1.865,A,swing,10,11.0,57.09
74.27,199.41,41.36,2.34,A,night,1,3.1,57.41
85.78,184.36,43.88,1.486,B,day,2,1.0,59.89
68.64,190.83,40.19,2.351,C,night,12,7.1,51.99
76.65,191.6,32.86,2.145,A,night,9,5.8,59.31
72.97,173.51,43.11,1.8,A,night,12,3.6,59.81
61.49,198.49,50.81,1.622,B,swing,11,7.2,59.95
78.45,185.31,54.54,0.995,A,day,9,7.6,71.67
68.42,177.05,39.04,1.511,A,day,13,2.9,66.2
71.66,181.58,18.0,1.855,A,day,14,3.1,59.84
78.3,171.64,58.38,2.173,B,swing,6,2.1,48.16
66.96,192.95,39.75,2.953,A,day,9,4.9,57.47
77.54,195.63,59.37,0.5,A,swing,17,7.9,62.54
82.48,177.66,55.88,1.779,C,swing,6,7.0,61.78
68.13,176.95,56.89,1.769,C,day,6,1.4,52.31
76.17,190.55,49.03,1.803,C,swing,15,5.3,45.57
77.91,183.79,50.71,1.426,A,day,16,10.7,57.68
83.46,193.7,52.58,3.141,B,day,5,4.6,49.75
85.03,176.96,71.98,1.224,C,day,17,2.2,49.18
69.14,175.01,60.18,1.642,B,night,16,4.0,46.61
89.82,170.71,51.6,2.157,A,swing,2,6.7,55.19
77.89,184.8,50.15,2.134,B,swing,1,12.6,68.03
73.94,188.82,71.45,2.958,A,night,11,6.0,49.57
69.08,189.44,45.09,2.065,A,night,13,1.0,54.55
92.13,184.47,59.81,0.836,A,swing,15,8.6,59.68
72.34,195.32,55.02,1.302,B,day,4,6.6,69.77
56.9,196.82,66.93,3.568,A,day,15,0.5,48.04
83.65,189.19,57.74,0.859,B,day,9,6.0,59.77
77.23,185.23,63.1,2.211,A,day,13,7.5,52.42
82.71,184.2,58.82,2.411,B,night,5,8.4,58.5
80.28,196.77,55.56,1.733,A,night,13,7.3,59.34
82.77,167.89,39.89,1.492,C,day,4,3.8,58.4
81.68,179.43,39.98,2.748,B,night,10,1.1,47.93
87.3,177.06,54.56,1.069,B,day,1,8.0,67.89
73.06,184.63,58.37,1.632,B,swing,6,8.0,64.99
70.1,185.6,64.4,1.99,A,day,6,3.4,58.08
91.94,181.71,41.34,1.43,A,night,2,5.2,68.04
79.63,172.48,34.64,1.851,B,swing,14,3.7,47.91
68.38,186.43,36.72,1.882,B,day,1,11.3,70.84
78.71,201.67,44.99,1.697,B,day,7,7.9,58.16
81.04,184.97,60.23,1.339,A,day,11,9.7,68.17
82.67,185.2,36.95,1.748,A,night,11,10.1,61.79
82.04,194.8,52.21,1.678,B,day,7,0.5,49.88
85.6,180.52,60.37,1.915,A,swing,4,4.7,59.88
70.65,190.48,46.03,1.829,A,day,15,5.8,59.47
98.89,180.04,55.17,2.014,B,day,5,1.9,47.49
83.37,180.7,39.17,0.611,B,swing,5,9.8,70.08
69.46,183.72,44.31,2.58,B,day,16,5.8,46.96
70.24,204.11,68.9,2.402,A,day,13,1.2,47.76
67.93,173.06,55.12,1.11,A,day,3,9.9,73.03
70.41,213.67,49.52,1.662,B,day,12,12.7,51.78
93.51,185.14,56.15,1.476,A,day,17,2.7,49.46
77.76,193.58,43.63,2.174,A,day,9,5.1,61.78
68.91,193.13,60.77,1.97,A,day,12,6.1,55.62
84.9,190.58,59.98,1.482,A,night,9,3.1,53.34
78.05,193.58,56.59,1.913,B,night,5,4.8,53.8
80.26,193.72,25.91,1.759,C,day,10,2.5,46.79
91.67,177.19,43.66,1.873,B,day,1,5.4,62.97
82.57,196.74,59.95,1.859,B,night,5,3.6,52.53
74.31,188.21,70.13,2.539,B,night,17,4.5,50.21
81.13,195.43,51.26,2.225,A,swing,2,7.9,58.8
81.81,179.63,49.04,2.16,A,day,13,2.9,50.88
91.11,186.94,50.61,3.009,A,day,15,4.4,50.31
56.13,174.57,47.98,2.688,B,night,10,2.8,50.51
73.51,190.75,62.57,1.281,A,night,13,4.9,57.54
67.36,189.17,64.8,2.267,B,night,3,4.9,58.52
74.8,179.48,64.33,1.705,A,swing,7,8.4,64.84
76.9,189.94,52.54,2.174,A,night,15,6.5,53.88
75.98,202.99,58.51,0.559,B,swing,6,8.5,62.77
71.31,197.74,69.17,2.194,B,day,9,5.1,45.68
82.01,194.45,45.46,1.835,B,day,8,5.0,53.55
85.38,182.32,26.35,2.019,B,day,16,10.4,52.39
86.26,211.01,37.92,1.351,B,day,7,4.4,52.21
82.75,186.43,56.17,2.471,C,swing,9,0.5,49.71
76.52,183.44,60.59,1.688,B,night,4,8.0,58.12
65.23,194.29,53.92,1.753,B,swing,15,4.2,56.01
80.14,191.56,50.62,0.712,A,day,16,8.6,61.06
98.69,188.84,66.82,0.5,C,day,17,11.7,56.06
67.8,196.22,58.76,1.525,A,swing,8,0.8,63.76
77.19,192.93,52.07,2.512,C,day,4,4.3,53.86
76.78,186.9,60.26,1.276,C,day,5,0.8,56.33
71.7,185.35,72.08,1.004,C,night,17,9.1,50.45
82.99,179.81,59.18,1.864,A,day,10,4.2,62.37
81.18,175.83,44.11,2.471,A,night,10,1.3,47.99
72.78,175.92,62.45,1.911,A,swing,17,12.3,61.59
67.91,180.55,44.41,2.272,A,night,15,5.1,51.43
80.59,184.86,39.86,1.758,A,night,5,6.4,65.48
72.72,190.47,37.18,1.351,A,day,13,10.9,71.38
78.55,192.09,65.49,2.006,A,day,11,1.6,50.91
81.6,188.87,57.81,1.297,B,swing,3,2.4,58.71
97.75,153.68,60.87,1.91,C,swing,1,4.1,46.77
61.69,186.91,54.27,2.161,B,day,12,8.6,58.68
76.88,174.91,82.06,0.921,A,day,14,6.3,56.08
94.04,175.01,69.22,1.186,A,night,1,3.0,60.8
80.57,196.66,48.69,1.807,A,day,10,6.1,54.03
75.12,188.44,55.87,1.504,C,day,10,0.5,48.97
75.32,194.36,41.12,2.375,B,day,10,3.0,50.51
74.64,187.82,66.22,1.726,B,night,4,4.1,57.19
64.58,188.76,61.14,1.165,B,night,7,3.6,62.82
95.44,191.33,58.68,2.663,A,night,3,5.3,47.65
61.5,185.0,52.26,1.961,B,day,11,4.1,51.18
70.21,198.64,54.46,2.397,A,night,9,6.6,55.19
91.71,192.25,44.61,1.669,A,day,7,5.9,57.73
63.1,176.72,55.39,1.752,A,swing,14,7.9,61.8
70.38,196.55,68.49,2.477,B,day,6,12.7,62.08
94.99,190.59,35.55,2.116,A,day,2,8.6,61.01
