month,ad_spend_k,web_traffic,discount_rate,holiday_flag,competitor_price_index,region,product_tier,sales_units
12,32.6,13760.0,0.086,0,1.077,east,standard,951.7
7,7.54,11060.0,0.04,0,1.042,east,standard,708.3
5,50.96,17978.0,0.158,1,0.891,north,premium,1627.1
11,44.06,8343.0,0.075,0,0.945,east,basic,863.0
2,33.24,9225.0,0.23,0,0.76,west,standard,949.5
1,34.87,11966.0,0.081,1,1.088,east,basic,1040.9
5,47.3,12402.0,0.105,0,1.077,north,standard,948.3
12,53.99,12065.0,0.019,1,0.836,south,premium,1279.2
7,37.33,15675.0,0.136,1,1.139,east,standard,1287.9
3,15.95,16769.0,0.111,0,0.867,north,standard,1156.2
11,32.16,16129.0,0.105,0,0.982,east,standard,1083.5
12,26.57,13328.0,0.144,0,0.909,east,basic,1063.6
10,28.48,8724.0,0.136,0,0.879,west,standard,844.2
10,31.43,12557.0,0.07,0,1.187,east,basic,986.6
4,42.18,16694.0,0.096,0,1.007,south,basic,1199.3
2,36.09,13099.0,0.06,0,1.064,west,standard,988.3
3,36.88,15537.0,0.086,1,0.77,east,standard,1386.3
8,46.97,15872.0,0.094,0,0.983,west,premium,1268.4
9,3.0,11439.0,0.088,0,0.947,north,standard,778.5
10,39.82,14835.0,0.156,0,0.914,south,basic,1149.4
10,65.29,12607.0,0.077,0,1.001,north,standard,1129.3
10,59.63,14209.0,0.145,0,0.97,east,basic,1172.9
7,17.08,18585.0,0.105,1,0.922,east,standard,1291.3
8,8.55,10327.0,0.048,0,1.006,west,basic,593.3
10,47.83,17167.0,0.213,0,0.868,north,basic,1413.9
5,43.99,6366.0,0.071,0,0.955,east,standard,776.6
8,66.94,9472.0,0.146,0,0.992,north,premium,1029.4
8,34.94,13328.0,0.166,1,0.996,north,basic,1114.0
8,29.34,14442.0,0.09,0,1.144,north,premium,1012.1
2,59.0,6216.0,0.155,0,0.801,east,basic,991.0
6,15.76,15893.0,0.123,0,0.924,north,basic,973.5
9,21.52,12555.0,0.082,1,0.808,north,basic,1077.8
1,36.22,9516.0,0.165,0,1.256,south,standard,848.5
8,30.21,11954.0,0.117,1,0.998,east,premium,1226.3
12,22.25,10287.0,0.031,1,1.096,north,premium,988.1
2,30.15,17257.0,0.065,0,0.961,west,standard,1053.9
3,36.75,10653.0,0.073,0,1.094,east,standard,829.4
4,23.2,13811.0,0.094,1,1.153,east,basic,1113.3
4,28.55,6012.0,0.129,1,1.049,east,premium,859.0
5,37.27,12403.0,0.14,1,0.788,south,standard,1205.7
12,21.12,16699.0,0.092,0,0.859,west,basic,1057.1
10,27.24,7103.0,0.14,0,1.123,east,basic,730.6
4,47.21,4972.0,0.135,0,1.022,south,premium,852.3
7,53.42,13220.0,0.154,0,0.803,north,basic,1188.2
5,64.0,17523.0,0.154,0,0.889,west,standard,1419.9
11,73.56,18415.0,0.17,0,0.967,west,premium,1643.3
1,31.82,14846.0,0.075,0,0.931,west,standard,1087.5
3,51.59,13253.0,0.054,0,0.928,north,standard,1180.0
4,8.56,7142.0,0.1,0,1.095,west,standard,492.3
9,8.67,7213.0,0.09,0,0.999,north,standard,538.1
12,23.61,10753.0,0.005,0,0.99,west,basic,771.7
3,19.21,16578.0,0.145,0,1.109,north,basic,1102.5
7,35.56,3843.0,0.111,0,0.926,east,standard,540.2
1,22.82,7891.0,0.029,1,0.94,east,premium,923.2
12,45.19,12808.0,0.12,1,1.034,south,basic,1152.6
7,33.81,16707.0,0.056,0,1.011,west,basic,1151.5
4,36.44,16717.0,0.158,0,1.033,east,basic,1315.4
5,63.62,4618.0,0.157,0,1.022,west,premium,873.3
3,32.32,13102.0,0.126,1,1.012,north,standard,1178.1
9,40.42,11074.0,0.149,0,1.319,west,standard,875.7
5,33.63,12826.0,0.191,0,1.246,west,basic,959.1
12,27.17,4376.0,0.133,0,0.978,south,premium,621.2
8,14.93,9674.0,0.075,0,0.72,west,standard,651.6
3,38.11,11519.0,0.098,0,0.935,north,standard,925.6
12,45.51,16474.0,0.072,0,1.199,east,premium,1294.9
9,40.44,14300.0,0.0,1,1.008,east,standard,1215.2
5,33.86,19285.0,0.068,0,1.088,south,basic,1195.8
6,26.67,11958.0,0.109,1,1.156,west,standard,1031.6
9,42.19,10245.0,0.104,1,0.994,north,basic,843.7
5,31.47,11635.0,0.101,0,1.093,west,standard,964.9
8,38.44,15467.0,0.163,0,1.193,west,basic,1088.5
1,43.2,12086.0,0.081,0,1.03,east,basic,1086.8
8,28.71,12449.0,0.173,1,0.774,east,premium,1165.2
1,27.41,20367.0,0.121,0,0.824,east,standard,1327.7
1,40.97,10917.0,0.128,0,0.918,east,premium,1058.6
6,63.07,6223.0,0.146,0,1.063,west,standard,870.1
9,21.07,9096.0,0.119,1,0.873,north,standard,920.0
2,52.84,16877.0,0.1,0,1.233,west,premium,1330.6
5,25.74,19320.0,0.067,0,0.851,north,basic,1270.3
6,31.59,18304.0,0.116,0,0.9,south,basic,1272.4
10,47.04,8424.0,0.045,1,0.901,north,basic,952.6
6,22.41,12796.0,0.198,0,0.72,south,premium,1139.7
11,35.5,14553.0,0.028,1,0.97,east,standard,1219.9
6,52.09,5430.0,0.178,1,1.162,west,basic,860.8
1,13.46,7286.0,0.082,1,0.94,south,standard,707.1
3,18.78,13029.0,0.15,0,0.862,north,basic,889.6
6,40.0,8604.0,0.126,1,1.009,north,basic,880.0
10,40.23,1200.0,0.143,0,0.889,north,basic,594.2
1,69.61,10536.0,0.114,0,1.003,west,premium,1105.9
6,19.48,3834.0,0.085,1,0.844,south,basic,628.2
10,37.29,8427.0,0.2,0,1.17,west,premium,936.2
10,57.76,15656.0,0.131,0,0.969,north,standard,1206.6
3,23.48,11844.0,0.124,0,1.126,south,basic,907.0
5,47.73,12235.0,0.077,0,1.117,west,basic,905.7
10,23.29,7529.0,0.156,0,1.201,west,standard,617.1
6,24.65,9289.0,0.15,0,1.232,west,premium,768.1
2,32.08,15097.0,0.124,0,1.123,west,basic,1125.0
12,13.23,10839.0,0.14,0,1.02,south,standard,716.4
9,24.67,6272.0,0.167,0,1.0,west,premium,750.0
11,30.86,7495.0,0.169,1,0.954,east,premium,953.7
9,39.11,6037.0,0.075,0,0.864,north,basic,717.4
12,24.92,8448.0,0.065,1,0.915,west,standard,984.8
10,26.74,17230.0,0.102,0,1.054,north,standard,1144.0
9,51.99,13080.0,0.076,1,1.213,south,standard,1168.9
10,35.65,15858.0,0.162,1,0.833,east,standard,1365.5
8,48.7,9755.0,0.21,1,0.884,north,standard,1111.8
4,40.18,13601.0,0.103,0,0.865,south,standard,1118.6
6,24.57,12961.0,0.103,0,1.179,north,standard,882.9
2,25.04,16376.0,0.119,1,1.175,west,premium,1261.7
8,51.05,11731.0,0.102,0,1.083,west,premium,1078.3
12,45.45,11471.0,0.155,0,1.115,north,premium,1109.6
8,31.95,13457.0,0.108,1,0.962,east,basic,1101.9
8,36.47,13870.0,0.102,1,0.925,north,basic,1248.5
7,57.82,14154.0,0.076,0,1.159,south,basic,1142.7
12,39.87,17132.0,0.001,1,0.844,east,standard,1438.2
7,32.25,12080.0,0.004,0,1.016,west,premium,989.0
4,38.76,21153.0,0.092,0,0.944,east,standard,1489.3
8,32.11,13590.0,0.149,0,1.118,south,basic,943.0
11,39.79,8814.0,0.106,0,0.997,south,premium,864.6
1,30.64,14540.0,0.166,1,1.01,north,basic,1213.3
10,6.41,12329.0,0.173,1,1.074,south,standard,893.7
10,25.54,15347.0,0.031,0,1.041,west,standard,1000.8
6,23.48,16111.0,0.179,0,0.976,north,premium,1240.9
6,25.49,12939.0,0.054,1,0.72,north,premium,1161.4
2,68.63,17375.0,0.072,1,1.109,east,standard,1524.3
9,31.34,14282.0,0.115,0,0.935,east,standard,1103.0
1,17.49,11010.0,0.16,0,0.975,east,standard,778.5
1,31.14,11821.0,0.153,1,1.051,north,basic,1043.9
4,28.36,12248.0,0.068,0,1.059,west,premium,1116.0
2,55.85,10547.0,0.024,1,1.064,east,standard,1095.7
1,7.64,11964.0,0.044,0,0.97,south,premium,858.1
8,40.6,5116.0,0.124,1,1.068,east,standard,812.8
12,39.2,7340.0,0.132,0,0.899,north,standard,809.0
2,29.35,17649.0,0.122,0,0.916,east,standard,1163.2
10,15.74,13045.0,0.177,1,1.14,east,standard,1055.2
6,42.1,5426.0,0.045,0,0.843,east,standard,758.0
9,29.45,12936.0,0.017,0,1.056,east,standard,889.6
10,48.38,7785.0,0.079,0,1.032,west,standard,801.4
4,26.07,9797.0,0.179,0,1.146,east,standard,864.4
6,56.25,14636.0,0.02,0,0.966,west,premium,1254.2
10,41.38,14636.0,0.177,1,0.941,north,basic,1278.2
8,25.92,12091.0,0.17,1,1.136,west,basic,1034.6
4,26.09,15999.0,0.081,0,1.246,south,basic,1081.2
4,29.7,14994.0,0.12,0,0.901,west,standard,1130.3
11,25.8,11504.0,0.173,0,0.874,west,basic,897.3
3,35.3,9319.0,0.095,0,1.049,south,standard,823.5
11,40.16,9422.0,0.144,0,0.842,north,standard,932.8
7,48.17,2933.0,0.04,0,0.859,west,basic,571.1
11,19.82,14899.0,0.173,0,0.762,south,premium,1191.6
11,52.0,7236.0,0.041,0,1.166,south,standard,672.3
10,37.95,7888.0,0.125,0,1.163,west,standard,668.2
1,35.34,11105.0,0.0,0,0.884,west,standard,897.5
1,36.22,9148.0,0.0,0,1.05,north,standard,740.9
6,11.43,11147.0,0.124,0,0.963,west,basic,688.9
2,48.34,11570.0,0.057,0,0.992,north,premium,1021.0
11,52.82,13899.0,0.201,1,1.045,north,premium,1389.9
7,42.77,12895.0,0.038,0,1.074,west,standard,994.9
4,33.61,12070.0,0.091,1,0.916,east,standard,1146.0
4,48.56,10798.0,0.058,0,1.117,east,premium,1057.3
6,51.56,12905.0,0.105,0,1.043,east,basic,1156.4
12,35.85,13073.0,0.082,0,1.006,east,standard,1020.0
1,38.45,8236.0,0.047,1,1.159,west,premium,935.2
9,41.53,15587.0,0.157,0,0.941,west,standard,1261.8
8,30.47,17303.0,0.156,0,1.202,east,premium,1347.8
11,5.82,9528.0,0.143,0,0.92,south,standard,663.8
10,43.7,9268.0,0.083,1,1.016,south,standard,915.3
11,27.09,10429.0,0.089,0,0.961,east,standard,805.2
9,33.12,10016.0,0.084,0,1.207,south,premium,867.8
3,3.0,12391.0,0.11,0,1.21,north,basic,788.2
2,20.34,11325.0,0.054,1,0.924,west,standard,944.1
1,43.79,12101.0,0.16,0,1.204,west,standard,970.4
3,8.28,7322.0,0.087,0,1.153,north,standard,509.9
3,43.23,12822.0,0.062,0,0.9,west,premium,1140.3
3,24.76,11332.0,0.127,0,0.998,west,standard,888.7
10,36.49,12331.0,0.026,0,1.16,south,premium,894.7
5,39.98,13963.0,0.093,0,0.972,north,basic,1041.4
8,41.95,16152.0,0.136,1,0.957,south,basic,1390.8
2,26.72,10347.0,0.129,1,0.987,east,basic,1044.0
4,34.01,9823.0,0.075,0,0.762,east,premium,1033.4
4,40.84,19080.0,0.125,1,0.962,east,basic,1507.2
10,28.38,9335.0,0.177,0,1.056,north,standard,735.2
4,18.78,7081.0,0.13,0,0.909,north,premium,708.5
2,49.97,10391.0,0.202,0,1.058,west,standard,1037.4
11,26.76,11428.0,0.124,0,1.004,west,standard,890.4
2,19.03,8913.0,0.178,0,0.975,east,premium,920.2
9,30.25,7450.0,0.209,0,1.018,north,basic,645.6
9,11.83,9489.0,0.082,0,1.139,south,basic,585.0
6,17.73,20480.0,0.111,0,0.934,west,standard,1280.4
1,34.66,10038.0,0.12,0,1.116,west,premium,862.1
11,31.74,18499.0,0.069,0,1.164,north,basic,1147.4
6,28.36,18070.0,0.138,1,0.72,north,premium,1392.7
12,56.74,9642.0,0.116,0,0.903,south,basic,969.2
8,35.68,16398.0,0.063,1,0.921,north,standard,1231.8
8,48.66,16609.0,0.102,1,0.799,west,basic,1469.4
10,35.53,8740.0,0.142,0,1.018,west,standard,812.3
2,52.87,7382.0,0.116,0,0.967,north,basic,907.6
8,22.14,12918.0,0.102,0,0.992,north,standard,881.9
11,32.5,15512.0,0.158,1,1.039,south,standard,1167.4
3,3.0,13886.0,0.097,0,1.023,south,standard,847.2
7,65.37,12369.0,0.0,1,1.061,west,standard,1224.8
2,23.39,9924.0,0.15,0,1.027,west,basic,783.4
7,35.8,16903.0,0.044,0,0.9,south,premium,1279.6
1,37.34,17044.0,0.191,0,0.941,south,premium,1339.7
5,23.34,11960.0,0.141,0,1.201,south,basic,865.9
1,22.26,18446.0,0.021,0,1.17,south,standard,1093.6
2,50.08,16462.0,0.026,1,1.214,east,basic,1351.1
7,52.69,6170.0,0.024,0,0.91,east,standard,797.6
7,32.67,9884.0,0.124,0,1.039,west,premium,923.1
5,31.82,10483.0,0.129,1,0.944,east,basic,1055.8
6,31.1,11657.0,0.068,0,1.128,north,standard,927.2
4,51.98,3953.0,0.03,1,0.926,north,premium,905.9
11,23.04,9900.0,0.093,0,0.813,east,standard,863.1
3,28.27,12921.0,0.149,0,0.98,north,basic,991.2
5,32.19,14087.0,0.119,1,0.834,north,premium,1340.4
2,34.93,14853.0,0.067,1,0.93,south,standard,1160.7
2,27.98,6051.0,0.094,0,0.802,south,premium,695.2
10,53.05,5454.0,0.103,0,0.901,east,premium,991.9
3,34.74,6540.0,0.125,1,1.115,east,standard,855.2
9,12.9,13859.0,0.131,0,0.934,north,basic,901.6
7,35.94,17516.0,0.134,0,1.104,west,basic,1197.9
5,37.25,9823.0,0.06,0,1.09,west,premium,917.2
7,36.46,3967.0,0.053,1,0.934,north,premium,687.7
9,41.93,10331.0,0.143,1,1.01,north,standard,1018.7
9,3.0,16368.0,0.108,0,0.973,north,basic,906.5
8,18.98,19642.0,0.11,0,1.099,south,basic,1166.7
8,53.97,9240.0,0.099,0,1.088,south,basic,954.8
9,35.45,11684.0,0.133,1,0.908,east,basic,1059.1
10,35.35,11101.0,0.199,0,0.844,east,premium,1129.3
3,39.27,8918.0,0.049,0,1.026,east,basic,856.8
10,35.86,6893.0,0.004,0,1.203,east,standard,603.0
1,38.27,7583.0,0.094,1,0.942,south,basic,984.5
8,47.79,13220.0,0.101,0,0.928,north,premium,1108.6
7,44.62,14117.0,0.189,1,0.999,south,basic,1233.4
4,35.3,17014.0,0.17,0,1.131,south,premium,1332.8
1,41.88,8549.0,0.06,0,0.946,west,basic,721.5
3,44.48,8341.0,0.118,1,0.955,west,premium,1074.2
1,62.25,16492.0,0.101,1,0.963,east,premium,1583.5
7,15.24,9007.0,0.102,0,1.051,north,premium,691.4
3,33.35,8094.0,0.038,0,1.037,north,standard,708.8
8,32.9,13750.0,0.117,0,1.066,north,premium,1081.9
11,27.43,7365.0,0.092,0,0.878,north,premium,710.6
10,55.82,20318.0,0.047,0,0.938,west,premium,1537.5
10,44.5,16472.0,0.09,1,0.72,south,premium,1458.8
6,29.03,17529.0,0.144,0,1.085,south,basic,1216.3
2,32.78,14694.0,0.07,0,1.055,north,standard,1037.2
9,43.59,8369.0,0.135,0,0.914,west,standard,816.1
3,48.51,13502.0,0.044,0,1.072,south,basic,1115.9
2,34.68,9303.0,0.121,1,0.976,north,basic,1030.6
1,29.78,14843.0,0.101,0,1.105,south,basic,1070.4
7,41.28,10954.0,0.145,1,1.084,east,standard,1116.3
10,33.61,14723.0,0.089,0,1.078,west,premium,1168.8
3,29.79,17670.0,0.196,0,0.94,north,standard,1214.7
1,25.64,25791.0,0.025,1,1.025,west,basic,1710.3
8,29.9,12913.0,0.144,1,1.028,east,basic,1058.6
4,42.67,16267.0,0.14,0,1.095,east,standard,1270.4
8,24.79,13975.0,0.127,0,1.014,east,premium,1087.3
9,18.71,13091.0,0.058,0,0.951,west,premium,969.6
7,33.72,7923.0,0.04,0,1.03,south,standard,685.4
9,41.93,8787.0,0.099,0,1.034,west,standard,771.6
2,36.24,14727.0,0.021,0,0.878,east,standard,983.4
1,46.93,15776.0,0.172,1,0.904,west,premium,1523.3
7,28.19,13645.0,0.206,1,0.999,west,standard,1258.4
10,17.59,14293.0,0.156,0,1.042,east,basic,934.1
2,30.47,6923.0,0.196,0,0.975,east,standard,831.4
3,31.89,13144.0,0.077,0,0.952,east,standard,1004.0
2,23.35,13908.0,0.031,0,1.156,east,standard,907.0
1,23.52,4322.0,0.142,0,1.022,north,standard,526.3
1,29.88,13877.0,0.177,0,1.05,west,basic,1072.6
4,36.95,8963.0,0.169,0,1.216,east,basic,802.5
1,53.18,8784.0,0.141,0,1.077,east,standard,957.4
8,28.89,7003.0,0.077,0,0.91,south,standard,598.2
8,39.12,13723.0,0.087,0,0.978,east,standard,1100.1
10,8.76,13924.0,0.071,1,1.056,north,standard,919.3
10,48.32,15181.0,0.14,0,0.99,west,basic,1253.7
1,25.31,9722.0,0.054,0,0.942,south,premium,864.8
11,29.89,13911.0,0.143,0,1.01,south,standard,912.8
3,21.63,6342.0,0.07,0,0.948,north,standard,562.6
11,6.33,8165.0,0.158,0,0.956,north,standard,613.4
5,44.31,12270.0,0.124,0,1.092,east,standard,985.4
8,37.17,13003.0,0.017,0,1.287,north,standard,925.2
6,31.67,7169.0,0.134,1,0.917,east,premium,936.9
5,46.67,11855.0,0.102,0,1.032,north,premium,1079.1
9,35.19,15615.0,0.07,1,0.873,west,standard,1277.0
10,23.41,11142.0,0.069,0,0.992,north,standard,689.5
11,16.03,12267.0,0.0,0,0.814,north,basic,871.4
1,42.14,12812.0,0.084,0,1.083,west,premium,1147.5
9,31.28,13297.0,0.078,0,1.122,west,premium,918.6
2,22.07,15374.0,0.203,0,0.852,east,premium,1235.8
5,36.98,10822.0,0.165,0,0.966,west,basic,978.8
1,40.06,9969.0,0.119,0,1.121,west,premium,956.9
9,52.26,15424.0,0.045,0,1.102,west,standard,1128.1
8,56.97,11167.0,0.065,0,0.806,east,standard,938.6
7,10.17,10162.0,0.102,0,0.978,west,basic,721.9
3,25.93,9692.0,0.129,0,1.181,west,standard,831.8
11,32.61,21970.0,0.006,0,0.736,north,standard,1359.0
1,33.02,14644.0,0.015,1,0.897,south,standard,1145.8
10,24.77,19419.0,0.156,0,0.881,north,standard,1189.8
8,36.38,14963.0,0.091,1,1.232,north,standard,1097.5
8,32.83,21281.0,0.141,0,1.081,north,premium,1508.5
7,67.88,8298.0,0.165,0,1.118,north,premium,1021.7
3,56.51,9711.0,0.076,1,0.956,west,basic,1172.0
7,25.84,14084.0,0.014,0,0.977,south,standard,900.2
6,44.75,8456.0,0.159,1,1.0,north,standard,988.5
3,56.14,14089.0,0.109,0,0.885,east,standard,1355.6
7,22.62,13988.0,0.119,0,0.83,west,premium,1091.2
1,31.31,13286.0,0.123,0,1.008,west,premium,1106.5
1,36.1,5518.0,0.105,0,1.058,west,premium,690.3
1,15.03,8487.0,0.079,0,0.994,south,premium,699.9
5,57.96,11025.0,0.019,0,1.074,east,basic,977.2
3,32.48,18352.0,0.167,0,1.131,south,premium,1222.9
12,23.62,12744.0,0.1,0,1.037,south,standard,909.7
2,22.67,2796.0,0.134,0,1.089,north,standard,408.3
5,39.76,6400.0,0.146,0,0.945,west,basic,809.5
8,54.83,17932.0,0.125,0,0.812,west,standard,1329.3
6,19.33,8323.0,0.047,0,0.982,west,basic,637.5
11,16.89,14172.0,0.086,1,1.027,east,standard,1101.0
4,38.74,11459.0,0.105,1,1.034,west,standard,1137.1
10,57.3,9682.0,0.106,0,1.068,west,standard,888.9
5,64.63,17380.0,0.064,0,1.152,west,standard,1347.8
6,51.9,11909.0,0.083,0,0.947,south,basic,960.1
10,36.85,14767.0,0.083,0,1.182,north,standard,1057.9
8,41.28,16178.0,0.135,0,0.728,west,standard,1182.1
2,48.24,12063.0,0.178,0,1.103,north,standard,1165.9
7,42.1,16977.0,0.133,0,1.191,west,standard,1219.7
6,39.47,9295.0,0.231,0,0.791,east,basic,979.0
7,24.83,15077.0,0.121,0,1.018,north,basic,1012.4
6,22.05,16044.0,0.189,0,0.921,north,standard,1218.4
9,40.58,12620.0,0.181,1,0.816,east,premium,1281.3
10,43.94,13290.0,0.192,1,1.056,west,basic,1062.2
2,51.38,11776.0,0.126,0,0.72,west,standard,1092.6
2,37.89,7995.0,0.131,0,0.937,west,basic,838.6
2,25.21,18367.0,0.101,0,0.992,west,standard,1253.9
2,24.6,9835.0,0.118,0,0.837,north,premium,904.3
4,34.51,7410.0,0.012,1,0.924,north,standard,814.8
1,34.76,9302.0,0.083,0,0.881,east,basic,800.8
3,26.51,10995.0,0.16,0,0.948,south,standard,855.3
3,47.5,13057.0,0.101,0,1.219,north,basic,911.3
11,36.51,12069.0,0.125,0,0.829,south,basic,976.4
7,30.12,9724.0,0.085,0,0.862,east,basic,826.2
11,50.59,3575.0,0.041,0,0.804,east,standard,625.9
4,32.66,8886.0,0.118,1,1.102,south,standard,949.9
4,34.2,13246.0,0.108,1,0.958,west,standard,1238.7
8,46.15,9781.0,0.102,0,1.16,south,basic,923.8
8,44.14,12993.0,0.0,0,1.07,west,standard,931.6
11,19.53,16806.0,0.238,0,1.158,west,basic,1087.2
1,49.86,15629.0,0.121,0,0.956,north,standard,1301.2
6,46.49,10655.0,0.094,0,0.94,north,standard,875.4
1,42.62,14538.0,0.141,1,0.99,west,basic,1258.2
8,23.14,14474.0,0.052,0,0.982,south,basic,924.1
3,21.51,14778.0,0.124,0,0.938,south,standard,1044.5
10,27.62,9616.0,0.028,1,1.153,north,premium,959.5
5,43.7,3477.0,0.116,0,0.97,east,basic,571.8
2,37.15,19320.0,0.147,0,1.028,west,premium,1420.0
4,45.88,19091.0,0.101,0,0.967,west,premium,1502.0
12,46.24,12308.0,0.119,1,0.958,south,premium,1212.9
4,36.64,4738.0,0.122,1,1.037,west,basic,748.6
3,32.22,14649.0,0.085,0,1.017,south,standard,1049.6
3,30.52,13062.0,0.102,0,0.86,east,standard,993.1
11,16.82,9497.0,0.095,0,0.834,north,premium,783.5
9,36.97,14471.0,0.077,0,0.83,north,standard,1043.5
2,31.48,8182.0,0.153,1,1.185,east,premium,986.6
10,33.04,13584.0,0.146,0,1.138,west,basic,1044.6
2,24.39,10162.0,0.121,0,1.136,north,premium,871.9
10,20.83,12106.0,0.085,0,0.822,west,standard,942.5
5,21.1,15677.0,0.15,0,1.147,west,basic,1038.8
11,9.46,14145.0,0.148,0,0.972,south,basic,865.0
7,40.73,17209.0,0.12,0,0.896,south,standard,1221.3
7,36.29,8995.0,0.211,0,1.072,north,standard,837.5
5,39.19,13569.0,0.12,0,1.083,east,standard,1120.2
9,22.86,16938.0,0.092,0,1.095,east,premium,1158.5
9,42.51,13126.0,0.191,0,0.866,north,basic,1109.3
8,51.46,14719.0,0.08,0,1.016,south,premium,1269.1
2,46.71,11488.0,0.126,0,0.906,west,premium,1128.2
11,31.15,10259.0,0.098,1,1.014,west,basic,997.7
7,42.26,13577.0,0.016,0,0.975,east,standard,1035.4
7,36.75,10601.0,0.115,0,0.945,north,standard,981.6
11,9.37,10534.0,0.04,0,1.04,west,premium,744.7
1,35.8,14926.0,0.139,0,0.985,south,standard,1192.6
4,24.91,11748.0,0.038,0,0.842,north,standard,867.7
11,22.0,14790.0,0.082,0,1.143,west,standard,960.1
8,39.87,16879.0,0.058,1,0.956,north,standard,1294.9
11,64.41,5662.0,0.156,0,1.104,north,premium,883.8
1,55.46,15492.0,0.221,0,0.869,south,standard,1376.5
2,18.05,13522.0,0.149,0,0.965,south,premium,1057.6
11,45.08,12301.0,0.124,0,0.893,west,standard,1088.5
11,37.42,16295.0,0.125,0,0.934,south,basic,1162.4
11,49.04,15298.0,0.127,0,0.941,west,standard,1195.3
1,49.04,4749.0,0.2,1,0.985,south,basic,938.1
12,15.55,16092.0,0.12,0,0.984,west,standard,994.0
9,40.87,16302.0,0.116,1,1.048,east,basic,1321.1
9,40.71,11055.0,0.245,0,0.952,south,basic,981.6
6,65.13,6449.0,0.156,0,0.988,west,basic,921.8
11,42.58,12492.0,0.153,0,0.975,north,standard,1035.1
12,25.87,4041.0,0.072,0,1.119,east,basic,386.9
5,18.11,4929.0,0.127,1,0.8,east,basic,707.8
5,39.59,4889.0,0.139,0,1.004,west,standard,683.1
8,41.49,14418.0,0.039,0,1.149,north,premium,1061.9
12,43.31,6979.0,0.181,0,1.04,west,basic,819.6
9,21.38,11621.0,0.127,1,1.11,south,premium,1083.7
1,41.15,12623.0,0.101,1,0.882,west,premium,1331.9
4,45.55,15500.0,0.079,1,1.172,west,standard,1290.7
2,29.43,9926.0,0.096,1,1.109,south,premium,1054.3
3,36.86,6209.0,0.079,1,1.166,east,basic,777.7
9,30.2,16765.0,0.142,0,0.976,west,basic,1153.9
10,46.19,5488.0,0.09,0,0.747,east,standard,826.2
8,52.01,7190.0,0.052,0,1.055,east,standard,897.2
5,50.85,10829.0,0.12,1,0.905,north,standard,1163.0
12,35.45,12664.0,0.03,0,0.96,east,premium,1092.2
1,53.38,11797.0,0.059,0,0.898,west,standard,1029.2
5,34.37,9059.0,0.047,1,0.961,north,standard,936.6
8,50.6,13201.0,0.122,0,1.087,east,basic,1147.2
5,46.7,15811.0,0.106,0,1.147,east,standard,1274.9
11,18.6,12463.0,0.251,0,1.08,north,premium,962.3
12,50.57,14681.0,0.162,0,0.91,east,basic,1224.0
5,52.49,13040.0,0.1,0,0.874,south,basic,1159.4
3,27.49,17542.0,0.135,0,0.892,south,premium,1266.8
10,46.85,10966.0,0.117,0,0.972,south,standard,1012.1
7,52.46,10887.0,0.096,0,0.734,north,basic,1019.7
7,43.61,14183.0,0.132,1,1.093,north,basic,1290.3
5,38.98,13602.0,0.11,0,1.165,east,premium,1093.6
8,32.77,9476.0,0.084,1,1.083,west,standard,964.3
12,31.75,16487.0,0.161,1,1.051,south,standard,1369.2
8,48.32,6896.0,0.108,0,1.145,west,basic,843.7
9,70.48,14457.0,0.112,0,1.036,south,standard,1349.7
12,32.2,6981.0,0.091,0,1.224,west,standard,667.9
4,57.99,9795.0,0.104,1,1.074,south,premium,1152.1
7,35.37,10505.0,0.159,0,1.04,west,standard,865.9
5,36.2,14404.0,0.173,0,0.873,west,standard,1126.6
3,51.31,16222.0,0.189,0,0.975,west,basic,1328.9
4,47.34,14026.0,0.105,0,1.192,east,standard,1031.3
9,40.64,9656.0,0.126,0,1.175,west,standard,779.4
2,53.95,13823.0,0.151,0,1.061,east,premium,1280.5
1,31.18,11944.0,0.041,1,1.056,south,standard,1021.9
11,37.43,7843.0,0.162,0,1.088,west,standard,737.2
1,20.68,12562.0,0.098,0,1.007,south,basic,879.4
4,47.33,5924.0,0.106,0,1.111,south,basic,715.9
8,27.71,14016.0,0.12,0,1.077,north,standard,978.5
10,42.2,14828.0,0.062,1,1.057,south,basic,1217.8
11,54.36,14273.0,0.076,1,0.881,east,basic,1338.9
3,55.64,4153.0,0.189,1,1.074,east,standard,897.6
12,38.0,14912.0,0.08,0,1.13,east,premium,1147.2
3,21.97,11244.0,0.089,0,0.958,south,premium,939.5
5,42.49,11274.0,0.052,1,0.837,north,standard,1050.6
8,26.57,14043.0,0.127,0,1.35,south,premium,1024.5
7,53.19,7589.0,0.087,0,1.027,south,standard,869.4
10,56.29,6592.0,0.063,0,0.976,south,standard,803.0
6,38.38,6943.0,0.038,1,0.827,north,premium,995.4
9,32.43,7374.0,0.131,0,1.04,south,standard,723.8
2,28.27,9998.0,0.058,0,0.743,west,standard,748.3
9,42.14,9160.0,0.127,1,0.913,north,standard,1009.8
5,27.12,10739.0,0.118,1,1.02,east,basic,1048.0
2,16.17,4945.0,0.16,0,1.177,north,basic,429.7
1,40.44,16808.0,0.138,0,0.94,south,premium,1354.9
7,19.01,14102.0,0.07,0,1.034,east,standard,876.9
9,54.74,18967.0,0.016,1,1.255,south,standard,1437.5
2,47.55,17787.0,0.019,1,1.032,south,premium,1449.7
4,57.6,6995.0,0.198,0,0.778,west,standard,868.6
4,39.47,12995.0,0.179,1,1.078,west,standard,1192.7
8,35.27,5732.0,0.076,0,0.914,north,premium,817.6
4,43.73,12981.0,0.116,0,0.819,south,standard,1121.9
11,40.5,12272.0,0.149,1,0.746,west,premium,1238.3
8,25.67,14280.0,0.162,1,0.851,south,premium,1293.0
12,29.52,10734.0,0.17,0,0.96,west,basic,877.7
9,3.0,14322.0,0.184,0,1.138,west,premium,934.3
4,27.4,10968.0,0.176,0,0.836,south,standard,950.4
7,41.03,5955.0,0.129,1,1.034,north,basic,800.1
8,31.67,13080.0,0.226,0,1.0,south,premium,1216.3
8,54.76,14943.0,0.043,0,1.08,south,basic,1087.0
10,38.92,14632.0,0.145,1,1.024,west,premium,1326.1
10,22.01,15019.0,0.184,0,0.871,south,standard,1042.8
10,3.26,10201.0,0.124,0,1.026,south,basic,723.1
10,51.68,15274.0,0.122,0,0.891,north,standard,1293.3
8,42.55,9952.0,0.085,0,0.754,south,basic,929.0
3,48.9,13941.0,0.084,0,1.183,north,basic,1099.1
9,37.0,6950.0,0.181,0,0.956,north,basic,762.4
10,60.6,8295.0,0.232,1,1.162,south,premium,1172.4
9,24.5,9508.0,0.148,0,0.831,east,basic,837.6
2,32.48,13491.0,0.166,0,1.098,east,premium,1042.5
3,19.53,4602.0,0.025,0,1.028,west,standard,399.4
10,44.28,9383.0,0.125,0,0.903,east,standard,938.8
7,19.79,17934.0,0.118,0,1.233,north,premium,1182.4
9,33.68,15866.0,0.05,0,0.867,north,standard,1016.2
8,15.7,21712.0,0.148,0,1.215,east,basic,1264.0
12,27.69,14261.0,0.099,0,1.147,south,premium,1050.4
8,50.16,13451.0,0.16,1,0.792,north,standard,1381.2
6,35.03,6624.0,0.117,0,0.819,north,standard,836.3
10,31.63,7639.0,0.137,0,1.085,east,basic,703.0
10,47.29,13414.0,0.17,0,0.822,south,premium,1279.8
6,37.2,13735.0,0.054,0,1.028,west,basic,1037.8
12,59.83,7812.0,0.092,0,0.862,east,premium,1050.9
2,33.95,8754.0,0.151,0,1.14,east,basic,763.2
5,59.42,5644.0,0.065,0,1.17,north,standard,726.2
9,48.57,15365.0,0.035,0,1.0,west,premium,1213.8
5,18.68,16122.0,0.075,0,1.069,west,standard,961.9
4,33.28,7357.0,0.126,1,1.01,south,premium,884.1
1,44.08,8927.0,0.138,0,0.822,north,basic,903.9
6,47.37,14848.0,0.111,0,0.936,south,standard,1188.1
10,15.11,17662.0,0.088,1,1.001,west,premium,1357.3
5,29.14,10924.0,0.096,0,1.014,west,standard,813.5
11,32.82,13713.0,0.035,0,1.267,south,standard,929.8
4,36.28,14895.0,0.105,0,0.87,south,standard,1117.8
3,24.95,7299.0,0.111,0,1.082,south,premium,839.3
11,21.56,20193.0,0.043,0,0.944,north,standard,1258.5
4,27.65,7579.0,0.166,0,1.026,north,premium,849.1
8,15.57,13697.0,0.107,0,0.929,west,standard,915.4
6,55.18,10033.0,0.156,0,1.049,south,basic,962.3
3,12.09,10611.0,0.121,0,1.049,west,standard,698.7
11,47.38,14489.0,0.084,0,0.72,east,standard,1192.2
12,19.23,16414.0,0.087,1,1.026,west,premium,1262.7
9,27.24,17008.0,0.062,0,1.102,east,standard,1143.3
7,16.23,17178.0,0.087,0,1.009,west,standard,1087.1
6,21.83,13715.0,0.125,0,1.087,east,basic,965.9
1,32.85,11321.0,0.119,0,1.046,south,standard,870.2
6,41.84,12965.0,0.106,0,0.965,east,standard,1067.3
8,19.27,10222.0,0.089,0,1.136,east,standard,836.6
3,40.89,17099.0,0.129,0,1.132,north,standard,1223.6
4,23.4,12661.0,0.1,0,0.784,north,premium,1039.5
7,39.48,8593.0,0.118,0,0.887,south,standard,851.9
7,35.95,10040.0,0.095,1,0.937,south,premium,1076.9
3,5.77,5082.0,0.198,0,0.907,south,basic,457.1
3,64.38,16658.0,0.063,1,0.998,east,premium,1572.7
4,25.67,15701.0,0.173,1,0.944,north,standard,1293.1
10,45.82,14553.0,0.119,1,0.968,south,basic,1343.0
11,43.7,10094.0,0.133,1,1.127,east,standard,1106.5
12,14.86,14787.0,0.077,1,1.205,north,standard,942.6
6,50.74,9758.0,0.072,0,0.877,south,premium,985.8
8,23.25,7873.0,0.143,0,0.791,east,basic,832.7
8,27.53,8627.0,0.091,1,1.052,north,premium,908.6
12,38.21,9846.0,0.124,0,1.222,south,premium,946.2
5,46.98,9305.0,0.126,0,0.899,north,standard,978.9
10,12.62,19225.0,0.122,1,1.001,north,standard,1341.3
12,44.88,3136.0,0.18,0,0.916,east,premium,780.1
11,24.26,12912.0,0.11,1,0.981,east,standard,1112.2
9,28.83,15973.0,0.101,1,0.817,north,standard,1240.6
4,53.12,16359.0,0.102,1,0.91,north,basic,1403.5
10,35.02,5860.0,0.11,0,0.979,east,basic,655.8
5,43.16,20011.0,0.177,0,0.955,west,standard,1388.1
10,36.81,12705.0,0.162,1,0.919,east,standard,1172.9
4,51.25,18037.0,0.119,1,0.941,east,standard,1620.6
3,21.48,8036.0,0.169,0,0.972,north,premium,848.7
8,28.58,13940.0,0.171,0,0.809,west,premium,1186.6
11,32.35,6661.0,0.104,0,0.818,north,premium,731.5
10,13.59,10568.0,0.124,1,0.97,south,basic,903.9
7,40.85,7125.0,0.121,1,1.013,north,basic,860.2
5,46.65,15824.0,0.111,1,1.153,south,standard,1358.8
11,20.31,8031.0,0.121,0,0.927,north,basic,638.6
12,36.29,15936.0,0.217,1,1.003,north,basic,1315.3
10,19.17,11392.0,0.152,1,1.225,east,standard,907.5
2,20.04,12746.0,0.053,1,1.272,south,basic,968.3
2,42.53,9274.0,0.077,0,1.005,south,basic,876.8
6,48.37,10219.0,0.15,0,1.061,west,basic,970.5
8,20.15,6096.0,0.171,0,0.841,north,basic,585.2
8,25.32,17017.0,0.129,0,0.966,west,standard,1082.9
7,35.91,12696.0,0.15,0,0.818,north,standard,1025.3
9,33.16,9814.0,0.063,0,0.72,south,standard,876.8
2,61.96,18359.0,0.144,1,1.056,north,basic,1595.2
6,42.8,13172.0,0.106,0,0.762,west,premium,1123.5
7,19.53,14593.0,0.086,0,1.246,east,premium,1066.8
9,31.25,15215.0,0.229,0,0.727,north,premium,1250.7
1,38.69,6388.0,0.142,0,1.064,east,basic,680.2
3,29.21,5058.0,0.135,1,0.865,south,standard,789.1
7,31.39,5182.0,0.136,0,1.04,east,premium,795.8
9,42.48,16408.0,0.085,0,0.841,west,standard,1120.4
4,18.77,8296.0,0.053,0,1.072,east,premium,796.6
10,19.6,13496.0,0.15,0,0.989,west,premium,1056.9
11,39.47,2370.0,0.121,0,1.073,north,basic,539.6
4,52.52,17147.0,0.017,0,1.037,south,premium,1339.0
8,60.7,9036.0,0.056,0,0.96,south,premium,999.9
11,23.01,17708.0,0.096,0,1.026,west,standard,1111.7
10,47.48,7448.0,0.203,0,1.056,north,standard,826.4
4,75.62,12797.0,0.029,0,1.175,north,basic,1261.0
8,36.79,11589.0,0.054,0,1.021,east,premium,1083.2
6,9.75,1546.0,0.134,1,0.986,west,standard,490.8
4,35.65,19252.0,0.135,0,0.967,north,standard,1351.1
11,47.61,5487.0,0.045,1,1.149,north,standard,812.0
12,53.17,11940.0,0.064,1,0.975,south,standard,1157.8
11,22.84,10623.0,0.142,0,0.989,north,standard,841.9
7,38.95,10909.0,0.241,1,1.051,west,standard,1111.7
4,51.91,9066.0,0.016,0,0.782,west,basic,876.4
2,41.02,19217.0,0.179,0,1.009,east,standard,1385.0
4,58.32,14449.0,0.115,0,1.183,east,standard,1215.6
4,35.44,19088.0,0.11,0,1.025,east,basic,1347.2
7,60.75,11809.0,0.202,1,0.815,south,premium,1416.0
3,26.74,12824.0,0.136,0,0.997,south,standard,873.0
2,36.67,15809.0,0.173,1,1.128,south,standard,1351.8
2,25.02,11640.0,0.154,0,0.977,west,standard,972.9
11,43.21,12719.0,0.109,0,1.141,east,standard,1123.3
1,30.35,13892.0,0.073,0,0.953,north,standard,1009.2
5,29.12,5768.0,0.078,0,1.005,west,standard,567.7
12,30.68,14827.0,0.096,0,1.091,west,standard,1029.7
3,47.5,11219.0,0.167,1,1.079,north,standard,1209.8
10,22.07,11222.0,0.072,0,1.114,west,standard,681.5
1,42.37,15624.0,0.087,0,0.83,west,standard,1149.1
1,42.89,14056.0,0.172,0,0.72,west,standard,1270.8
3,44.37,10180.0,0.082,0,1.157,east,premium,1101.2
6,35.96,6868.0,0.053,0,0.9,east,standard,676.9
10,33.74,14250.0,0.097,0,1.086,east,standard,1045.5
12,26.71,12153.0,0.079,0,1.24,west,premium,899.6
12,33.78,11068.0,0.051,0,1.053,west,standard,856.0
9,39.03,12930.0,0.133,0,0.905,north,standard,1065.3
8,50.41,15971.0,0.131,0,0.947,east,standard,1299.9
8,51.88,11488.0,0.178,1,0.957,west,basic,1248.5
3,28.58,7518.0,0.119,0,1.122,north,basic,693.2
4,40.6,12123.0,0.102,0,0.955,east,basic,1091.7
9,56.5,14018.0,0.104,0,1.156,west,standard,1228.4
10,20.74,8501.0,0.135,0,1.1,south,standard,660.8
9,68.14,10732.0,0.103,0,1.056,north,basic,1065.2
11,25.82,17009.0,0.181,1,1.159,east,standard,1247.5
10,18.63,12507.0,0.14,1,1.003,west,standard,979.5
7,39.0,6852.0,0.198,1,1.119,east,basic,885.7
1,33.27,16290.0,0.112,0,1.115,east,premium,1281.5
4,39.18,16295.0,0.117,1,1.007,west,standard,1350.8
7,14.7,18256.0,0.129,0,0.807,south,basic,1109.9
11,17.8,16234.0,0.125,0,0.959,south,premium,1099.4
9,37.26,6052.0,0.124,0,1.017,south,standard,560.0
10,45.34,17171.0,0.21,0,1.189,north,basic,1305.3
5,26.77,13922.0,0.148,0,1.091,north,basic,1015.0
7,33.6,11976.0,0.101,1,0.957,north,premium,1108.8
1,14.57,9508.0,0.07,1,0.922,south,basic,858.1
11,61.18,9954.0,0.068,1,0.938,east,basic,1173.5
6,40.3,16865.0,0.084,0,1.103,north,basic,1193.1
8,25.62,16387.0,0.096,0,1.009,north,standard,1092.4
3,23.48,13080.0,0.129,0,1.057,north,standard,1024.2
5,44.26,10307.0,0.169,0,1.025,east,standard,937.0
3,30.26,11962.0,0.143,1,0.821,north,standard,1131.9
6,35.86,12379.0,0.184,0,1.176,north,basic,1002.1
2,37.75,15062.0,0.03,0,0.933,west,standard,1116.0
3,18.15,11150.0,0.12,0,0.932,north,premium,892.0
3,37.5,15198.0,0.038,0,1.026,north,premium,1121.6
6,35.07,15715.0,0.114,0,0.978,west,standard,1114.6
6,52.0,11565.0,0.0,1,1.106,east,premium,1174.4
12,45.31,9142.0,0.119,0,0.951,south,premium,884.8
12,34.2,4400.0,0.09,1,1.084,east,basic,773.9
8,35.03,13505.0,0.129,0,0.957,south,premium,1120.3
7,42.82,6863.0,0.0,0,0.843,north,standard,707.4
2,47.64,11602.0,0.084,0,0.775,north,basic,1110.6
8,41.6,11022.0,0.067,0,1.101,south,basic,867.0
12,17.11,10956.0,0.138,0,1.02,east,standard,833.4
1,42.04,17025.0,0.224,1,0.864,east,standard,1547.6
5,30.86,12072.0,0.121,0,1.046,west,standard,918.3
8,34.72,12814.0,0.105,0,0.972,east,premium,1087.8
6,29.88,10301.0,0.102,1,1.106,north,standard,932.4
1,8.52,9924.0,0.089,0,1.021,north,standard,622.2
11,10.37,15189.0,0.205,0,0.866,south,basic,1078.3
4,29.31,13253.0,0.1,0,1.102,west,premium,1010.2
7,35.76,14195.0,0.123,0,1.24,north,basic,1040.2
5,38.81,17966.0,0.155,0,1.076,west,standard,1274.3
4,22.61,12863.0,0.111,0,1.063,north,basic,923.0
11,58.12,7723.0,0.054,1,1.217,west,premium,1051.4
12,24.74,9988.0,0.036,0,0.968,south,standard,831.0
7,35.34,14271.0,0.094,1,1.201,west,premium,1267.1
4,10.74,11804.0,0.109,0,1.015,south,standard,767.6
6,12.52,18640.0,0.132,0,0.934,north,standard,1177.0
6,60.43,7609.0,0.171,1,0.993,south,basic,1091.8
4,40.21,14241.0,0.093,0,1.047,south,standard,1011.8
10,42.2,10951.0,0.041,1,1.086,north,standard,1044.7
4,40.69,15347.0,0.075,0,0.949,north,premium,1242.9
10,27.87,10772.0,0.075,1,0.827,north,premium,1094.3
4,44.63,12155.0,0.167,0,0.943,west,premium,1209.8
10,22.64,8881.0,0.211,0,1.121,west,standard,721.2
2,43.86,12663.0,0.173,1,1.069,east,standard,1214.2
11,37.17,19466.0,0.205,0,1.173,north,basic,1321.4
10,51.61,10839.0,0.147,1,1.007,north,standard,1127.1
6,14.25,13237.0,0.221,0,1.094,east,standard,918.4
6,23.05,20713.0,0.098,0,0.878,south,premium,1372.4
12,32.28,4961.0,0.106,0,0.936,west,basic,559.4
4,32.81,18001.0,0.058,0,0.937,south,basic,1179.0
2,43.54,9245.0,0.103,0,1.181,north,basic,843.8
6,43.72,11604.0,0.137,0,1.012,north,premium,1072.9
7,46.1,18399.0,0.044,0,0.995,south,premium,1251.4
10,56.48,6852.0,0.164,0,0.979,north,standard,761.6
3,28.32,16905.0,0.096,0,1.053,south,standard,1109.7
9,36.98,13182.0,0.097,1,1.037,south,standard,1159.2
11,33.58,13800.0,0.069,0,1.089,south,premium,1129.2
7,13.9,11834.0,0.17,0,1.114,north,standard,782.8
7,43.92,8500.0,0.043,1,1.08,south,standard,887.8
4,20.66,17772.0,0.117,0,0.848,north,premium,1240.2
7,25.79,10330.0,0.066,0,0.891,north,basic,757.0
7,49.94,14791.0,0.116,1,0.847,north,basic,1303.1
3,48.59,5363.0,0.122,1,1.021,south,standard,886.7
5,19.43,16150.0,0.122,0,0.767,east,standard,1231.7
4,22.27,12152.0,0.264,0,0.904,south,basic,989.0
3,17.64,14217.0,0.101,0,1.107,east,standard,944.8
7,34.68,11334.0,0.042,0,0.904,south,standard,876.9
9,27.36,15742.0,0.138,1,0.923,south,standard,1240.4
11,36.08,19391.0,0.084,1,1.235,north,standard,1380.2
12,57.89,11840.0,0.029,0,0.993,north,standard,1057.6
3,43.46,8900.0,0.215,0,0.938,east,premium,1059.7
3,51.03,11656.0,0.09,0,0.866,east,basic,1031.1
10,29.55,12786.0,0.037,0,0.879,north,standard,868.2
1,3.0,19333.0,0.183,1,0.781,south,standard,1270.3
8,26.72,11488.0,0.024,0,1.164,south,standard,796.8
6,40.32,9306.0,0.0,0,0.963,south,standard,742.4
1,59.95,14829.0,0.043,1,1.134,east,standard,1407.1
5,42.43,5591.0,0.176,0,0.965,north,basic,782.9
11,44.32,11696.0,0.128,0,0.813,south,basic,998.6
6,30.42,14038.0,0.134,0,0.996,east,standard,1057.9
3,54.58,9160.0,0.16,0,1.057,west,standard,957.9
6,50.07,14808.0,0.038,0,0.938,north,standard,1130.3
8,43.09,14506.0,0.067,0,1.127,south,standard,1040.2
12,31.75,10169.0,0.068,1,1.089,north,premium,970.8
4,20.34,10245.0,0.082,1,1.152,west,basic,876.2
7,27.59,12146.0,0.073,0,1.176,east,standard,850.3
7,32.39,7926.0,0.104,0,0.925,south,premium,828.8
10,38.29,12039.0,0.098,0,0.72,south,standard,963.4
5,36.87,11104.0,0.079,0,1.097,west,premium,965.1
1,35.3,15021.0,0.114,1,0.774,south,basic,1297.9
2,47.61,9867.0,0.178,0,1.067,south,standard,915.9
4,47.58,9417.0,0.179,0,1.005,north,standard,933.9
4,23.7,6364.0,0.122,1,1.123,west,standard,779.0
4,32.02,17351.0,0.138,0,1.088,west,premium,1261.9
5,11.93,10236.0,0.036,1,1.275,east,basic,806.5
7,29.37,11563.0,0.037,0,0.946,east,premium,937.7
2,30.71,14261.0,0.115,1,0.953,south,standard,1164.9
11,27.87,9063.0,0.113,0,1.084,east,standard,849.5
10,59.42,15070.0,0.131,0,1.128,east,standard,1213.7
8,25.48,15146.0,0.191,0,0.95,east,standard,1122.2
3,33.6,13797.0,0.13,1,1.028,west,standard,1130.5
12,47.35,18234.0,0.189,0,1.004,north,basic,1357.0
3,41.47,11059.0,0.165,0,1.046,south,premium,1013.3
2,42.42,11464.0,0.114,1,1.191,south,standard,1032.4
6,50.44,9566.0,0.076,0,1.022,east,premium,934.2
8,41.7,12082.0,0.024,1,1.068,west,premium,1164.9
8,44.05,14650.0,0.051,0,0.923,west,basic,1184.6
10,43.27,17901.0,0.074,1,0.876,east,standard,1464.3
4,46.6,7445.0,0.134,0,0.978,west,standard,818.5
1,9.05,11557.0,0.099,0,0.887,north,basic,846.0
11,43.38,8259.0,0.116,0,1.146,east,standard,796.1
11,36.13,13852.0,0.135,0,1.209,east,basic,1099.3
4,29.11,11089.0,0.059,0,1.044,east,standard,855.1
2,5.44,13658.0,0.067,1,1.121,north,standard,918.3
8,65.14,12801.0,0.129,1,0.918,south,premium,1422.0
7,22.3,10494.0,0.019,1,1.068,west,standard,852.7
8,15.75,12798.0,0.144,0,1.188,north,standard,817.4
10,19.39,7856.0,0.045,0,1.025,south,premium,679.0
5,37.99,6936.0,0.207,0,0.845,west,standard,852.7
5,33.83,7453.0,0.093,0,0.838,east,premium,926.4
8,40.41,14928.0,0.111,1,1.108,east,standard,1266.8
9,16.11,13664.0,0.119,0,0.962,east,premium,1044.1
12,29.75,9242.0,0.109,1,1.162,north,premium,1029.4
8,53.8,15154.0,0.127,1,1.113,east,standard,1356.2
12,22.39,13695.0,0.01,0,1.219,west,standard,907.7
7,27.56,19047.0,0.137,0,1.19,south,premium,1317.5
4,50.39,13937.0,0.175,1,1.203,south,standard,1312.7
4,22.98,12888.0,0.072,0,0.931,south,basic,950.4
10,76.67,12635.0,0.111,1,0.949,south,premium,1412.7
4,45.86,4151.0,0.197,1,1.039,east,standard,849.1
11,15.16,16191.0,0.114,0,0.896,south,standard,1088.3
8,28.76,9870.0,0.08,0,1.015,west,standard,737.5
1,54.0,7104.0,0.054,1,0.818,east,standard,995.0
12,21.56,8202.0,0.069,0,0.888,west,standard,685.5
10,30.95,16127.0,0.114,1,1.093,east,standard,1264.1
6,33.35,23253.0,0.113,0,0.896,west,standard,1503.7
10,25.24,6602.0,0.161,0,1.018,north,premium,691.7
2,35.1,13913.0,0.028,0,1.177,west,standard,963.6
8,25.7,10413.0,0.123,0,0.923,south,basic,812.4
8,47.26,9264.0,0.109,1,1.092,east,standard,1138.5
12,32.54,10741.0,0.137,0,1.173,south,standard,890.9
10,39.65,6979.0,0.038,0,0.947,south,basic,691.4
5,16.93,16991.0,0.064,1,1.008,south,premium,1268.3
11,41.53,11520.0,0.107,1,1.023,north,premium,1213.4
3,25.94,9865.0,0.115,0,0.938,north,premium,854.6
1,27.26,9347.0,0.126,0,1.147,west,premium,842.1
6,46.49,6335.0,0.184,0,0.954,north,basic,793.4
12,38.54,6883.0,0.172,1,0.959,west,standard,895.8
10,43.28,13937.0,0.136,0,0.972,east,basic,1110.3
3,30.33,13362.0,0.124,0,1.001,north,premium,1174.9
9,30.63,9276.0,0.122,0,1.035,north,standard,744.2
5,48.68,16002.0,0.053,0,0.991,west,basic,1192.1
5,31.54,9565.0,0.096,0,0.824,south,basic,776.2
8,30.66,11447.0,0.213,0,1.068,west,basic,940.7
12,36.18,8216.0,0.17,0,0.793,north,standard,940.7
2,29.39,10145.0,0.077,1,0.89,south,basic,1006.9
12,30.33,10910.0,0.148,0,1.068,east,basic,855.6
1,39.99,16166.0,0.115,0,1.029,south,standard,1174.6
8,34.87,10983.0,0.134,0,0.979,east,basic,887.9
7,29.21,10572.0,0.112,0,0.956,south,standard,875.2
5,32.83,18198.0,0.08,1,1.057,north,premium,1475.9
3,7.85,13800.0,0.106,0,0.929,north,premium,1025.2
1,23.51,15656.0,0.144,0,0.907,east,standard,1143.6
4,60.41,12503.0,0.154,0,0.953,west,basic,1247.3
12,31.53,4852.0,0.086,1,0.89,south,premium,870.0
12,42.52,8996.0,0.019,0,1.043,south,basic,764.2
1,44.48,11369.0,0.109,1,1.147,north,basic,1066.6
12,36.63,13321.0,0.098,0,0.804,west,standard,1033.8
12,55.58,14587.0,0.136,0,1.114,east,premium,1317.5
8,44.87,20567.0,0.158,1,1.176,west,premium,1578.4
12,32.41,7204.0,0.054,0,1.007,west,standard,587.0
4,19.91,9027.0,0.139,1,0.908,north,basic,904.1
2,30.01,14327.0,0.01,0,1.138,north,standard,1002.9
5,43.46,12632.0,0.089,0,0.826,east,basic,996.8
5,21.59,12565.0,0.162,0,1.056,south,premium,972.9
8,49.18,14540.0,0.215,0,1.077,east,standard,1158.3
6,39.09,5912.0,0.104,1,0.96,north,standard,764.0
6,40.91,15422.0,0.044,0,1.178,west,standard,1222.8
1,22.57,7046.0,0.053,0,1.035,north,premium,717.8
10,34.23,12379.0,0.152,1,0.965,east,premium,1193.2
6,59.38,19010.0,0.127,0,1.157,east,premium,1600.1
6,36.52,8977.0,0.148,1,0.946,west,standard,982.9
11,47.16,8233.0,0.188,0,0.927,east,standard,981.5
11,54.39,9106.0,0.127,0,1.196,north,standard,954.9
10,22.53,16908.0,0.074,0,0.863,south,basic,1032.8
8,40.07,15630.0,0.243,0,0.998,south,standard,1230.3
7,39.82,9293.0,0.127,1,0.885,east,standard,1109.1
2,27.68,15505.0,0.17,0,1.137,south,standard,1093.9
6,31.9,11689.0,0.08,0,1.107,north,standard,868.5
5,32.73,9807.0,0.149,0,1.209,west,premium,894.2
7,32.72,16383.0,0.223,0,0.974,south,standard,1191.8
1,30.68,14102.0,0.106,0,1.189,east,basic,1092.1
2,10.34,9188.0,0.106,0,0.964,east,basic,744.5
1,33.01,11188.0,0.175,0,0.833,west,premium,999.7
1,39.4,12613.0,0.073,0,1.046,south,standard,1028.0
7,45.79,11644.0,0.137,1,1.0,north,basic,1149.8
6,32.05,5103.0,0.075,0,1.161,south,basic,536.3
5,41.68,17092.0,0.017,0,0.796,south,basic,1252.7
11,30.04,9463.0,0.094,0,0.92,south,standard,785.7
12,54.28,12075.0,0.116,1,1.089,south,standard,1211.6
12,41.5,15177.0,0.032,0,1.015,south,standard,1150.6
12,51.75,11092.0,0.094,0,0.79,south,premium,1071.3
3,13.77,15953.0,0.127,1,0.91,west,standard,1186.4
6,37.81,3691.0,0.151,0,0.954,west,premium,694.9
1,23.82,12281.0,0.097,0,1.131,east,standard,947.2
1,8.54,12267.0,0.06,0,0.9,south,basic,883.9
4,20.82,14813.0,0.046,0,1.173,west,standard,894.4
8,52.32,15534.0,0.174,0,0.96,north,standard,1197.9
8,37.94,5228.0,0.194,0,0.987,south,standard,699.5
5,23.01,13867.0,0.168,0,1.066,west,standard,1030.1
3,21.12,14421.0,0.144,1,1.087,east,standard,1193.1
6,40.06,8260.0,0.108,0,1.236,north,premium,821.2
1,51.96,15700.0,0.126,1,0.89,east,standard,1428.6
9,16.87,5535.0,0.199,0,1.158,west,standard,460.5
4,20.48,5771.0,0.068,0,0.91,south,standard,549.3
12,26.21,14747.0,0.0,0,1.237,north,premium,952.5
10,43.87,11965.0,0.157,0,1.144,east,standard,984.5
7,38.38,14164.0,0.099,1,0.982,north,basic,1283.1
5,36.05,11755.0,0.111,0,1.098,north,basic,858.4
9,43.96,8411.0,0.077,0,1.268,north,standard,727.4
5,28.56,17474.0,0.106,1,0.97,east,premium,1446.6
11,24.85,14717.0,0.122,1,0.822,east,basic,1265.7
7,32.77,12404.0,0.08,1,0.72,west,standard,1117.3
6,51.68,8986.0,0.103,0,0.831,south,basic,826.6
3,52.69,14262.0,0.036,1,1.045,south,premium,1348.6
3,7.27,11869.0,0.086,0,1.008,east,standard,901.6
9,42.1,17471.0,0.123,0,1.132,south,standard,1252.5
11,62.2,14755.0,0.119,0,1.083,west,premium,1293.4
2,28.35,12686.0,0.094,0,1.073,south,premium,1082.0
3,22.34,15418.0,0.114,1,0.914,east,standard,1298.5
5,19.12,11561.0,0.095,1,1.024,east,basic,951.1
1,34.83,7079.0,0.018,0,0.847,south,basic,671.7
10,37.1,18481.0,0.205,1,0.923,north,basic,1466.7
10,42.03,18434.0,0.05,1,1.051,east,basic,1395.2
7,32.69,2494.0,0.125,1,1.121,east,basic,544.0
3,36.86,15627.0,0.226,0,1.11,south,premium,1241.0
7,19.48,13119.0,0.154,1,1.084,west,standard,1008.5
2,25.55,9640.0,0.073,0,0.804,south,standard,800.1
11,46.72,11849.0,0.086,0,0.977,north,standard,999.9
6,23.65,9019.0,0.177,0,0.844,north,basic,836.9
9,53.23,11572.0,0.129,1,0.835,east,standard,1177.4
5,46.08,4303.0,0.177,0,1.102,north,basic,712.8
7,27.1,11983.0,0.164,0,1.161,south,standard,960.8
9,45.71,14472.0,0.192,0,1.127,west,standard,1094.7
3,47.23,7100.0,0.116,0,1.027,west,standard,741.5
10,3.0,8946.0,0.033,0,1.028,north,premium,586.1
5,3.27,15529.0,0.113,1,0.955,south,standard,1066.1
10,30.09,11525.0,0.089,0,1.05,west,standard,816.5
8,60.12,13187.0,0.101,1,1.167,west,standard,1231.1
10,35.33,15606.0,0.115,0,1.068,north,standard,1069.1
12,42.47,9775.0,0.074,0,0.998,east,standard,954.3
1,20.23,14702.0,0.186,1,1.141,south,basic,1152.7
6,32.6,11747.0,0.164,0,0.98,west,premium,987.7
9,40.45,10720.0,0.081,0,1.05,west,basic,916.8
6,15.92,9635.0,0.087,0,1.021,north,standard,735.6
11,29.64,12667.0,0.181,0,0.933,east,standard,1010.6
4,35.07,16614.0,0.041,0,0.989,west,standard,1192.7
6,53.82,15744.0,0.11,0,1.055,east,standard,1256.2
5,35.84,18370.0,0.116,0,0.956,south,standard,1308.5
4,31.47,12304.0,0.09,0,1.131,west,standard,1022.4
11,14.06,16864.0,0.029,0,0.72,west,basic,1064.6
3,43.35,14295.0,0.074,0,0.998,west,standard,1114.6
8,36.85,11195.0,0.16,0,0.976,west,standard,901.4
4,34.66,12432.0,0.028,0,1.151,west,standard,925.7
2,21.05,10589.0,0.055,0,0.916,south,standard,699.4
2,20.77,10793.0,0.055,0,0.813,north,basic,845.1
8,24.49,14699.0,0.181,1,0.868,west,basic,1241.4
2,30.78,12864.0,0.116,0,1.148,north,standard,984.4
9,8.19,4506.0,0.091,0,0.917,east,basic,450.3
5,28.07,12222.0,0.133,0,1.031,south,standard,845.3
4,35.06,18082.0,0.046,1,0.937,east,premium,1486.7
4,18.43,4144.0,0.176,1,0.795,west,basic,780.9
8,57.99,11893.0,0.0,0,0.998,south,standard,959.8
3,52.81,16312.0,0.102,1,0.744,west,premium,1535.6
2,24.92,11366.0,0.109,0,1.062,east,premium,966.0
9,30.36,9306.0,0.061,0,0.932,west,standard,786.6
11,22.23,14574.0,0.134,1,1.055,east,premium,1218.8
5,24.1,8580.0,0.088,0,0.988,north,standard,755.1
12,17.52,9803.0,0.103,0,0.79,north,standard,704.8
10,29.7,12367.0,0.092,1,0.958,east,standard,1052.1
8,13.32,12914.0,0.086,1,0.834,east,standard,981.7
9,43.95,13012.0,0.071,0,1.164,south,premium,1080.5
1,22.3,12560.0,0.103,0,0.932,east,standard,958.6
10,53.66,12073.0,0.132,0,1.016,west,basic,1044.4
9,63.8,16212.0,0.17,0,1.029,south,standard,1302.0
6,55.33,13850.0,0.11,0,1.018,east,basic,1166.2
10,55.47,11791.0,0.086,0,0.988,east,basic,1060.2
12,33.15,6741.0,0.199,0,0.795,west,standard,720.5
5,35.9,7425.0,0.152,1,0.873,north,standard,977.1
11,16.55,11373.0,0.109,1,0.72,south,premium,1052.7
2,24.86,7321.0,0.063,0,1.03,north,standard,598.0
2,39.54,15856.0,0.135,1,0.984,west,basic,1367.5
2,54.72,13031.0,0.154,1,0.893,north,standard,1301.0
9,46.39,18855.0,0.031,0,0.987,east,standard,1282.2
9,56.81,10375.0,0.19,0,1.18,north,basic,991.1
8,52.53,10956.0,0.103,0,0.975,west,basic,991.7
2,41.27,14876.0,0.115,0,1.001,south,standard,1174.6
3,48.53,16574.0,0.123,0,0.986,west,standard,1280.7
2,62.92,13142.0,0.088,0,0.981,north,premium,1210.7
10,34.48,8828.0,0.127,1,0.896,north,standard,948.5
9,59.66,15676.0,0.006,0,1.031,east,standard,1236.2
12,30.42,15107.0,0.108,0,1.003,north,basic,981.0
7,43.75,16198.0,0.041,0,0.933,west,standard,1195.6
8,19.58,14692.0,0.097,1,1.08,east,basic,1113.8
7,41.09,8084.0,0.179,0,1.102,west,basic,777.6
4,42.35,17003.0,0.047,0,0.776,north,premium,1321.4
11,24.75,12063.0,0.106,0,0.868,south,basic,1074.3
7,37.44,12456.0,0.082,0,1.178,north,standard,913.9
7,50.68,8378.0,0.122,0,1.226,south,basic,823.6
11,35.32,8970.0,0.133,0,0.896,south,standard,851.1
11,11.67,15947.0,0.069,1,1.03,south,basic,1130.4
2,24.4,14074.0,0.098,0,0.756,west,premium,1118.2
3,9.94,12745.0,0.049,0,1.04,north,premium,910.4
9,30.46,14816.0,0.056,0,1.147,west,standard,973.1
1,17.28,9850.0,0.102,0,1.032,east,premium,791.1
5,29.07,13456.0,0.163,0,0.963,east,premium,1148.4
12,22.47,15579.0,0.126,0,1.097,north,premium,1039.9
11,33.45,7561.0,0.123,0,1.133,south,standard,770.7
2,37.79,13844.0,0.107,0,0.919,east,basic,1121.7
1,46.6,14081.0,0.178,0,0.971,south,premium,1246.5
10,27.88,9660.0,0.091,0,1.04,east,premium,917.0
4,42.16,8815.0,0.099,0,0.882,west,standard,921.0
11,32.48,16285.0,0.127,0,0.728,east,premium,1264.3
11,57.82,8311.0,0.216,0,0.972,east,standard,1034.3
7,49.13,13582.0,0.07,0,1.08,south,standard,1034.8
7,20.4,12581.0,0.153,0,1.076,west,basic,898.5
3,40.81,10634.0,0.081,0,0.875,south,standard,941.7
10,43.38,12694.0,0.045,1,1.039,north,premium,1149.9
9,18.53,13021.0,0.212,0,0.909,north,premium,1070.4
1,55.74,7799.0,0.186,0,0.757,west,premium,1050.5
4,26.41,9959.0,0.03,0,0.949,north,standard,771.6
2,47.15,11298.0,0.167,0,0.809,west,premium,1146.8
4,28.92,11551.0,0.11,0,0.749,east,premium,997.7
2,44.95,12751.0,0.114,0,1.077,north,basic,968.2
1,43.53,10237.0,0.008,1,0.92,east,standard,966.3
5,26.22,13590.0,0.097,1,0.964,east,standard,1083.1
8,23.33,6751.0,0.125,0,1.136,east,standard,619.3
8,37.02,14857.0,0.058,0,0.989,west,premium,1165.0
8,28.46,13080.0,0.058,0,1.19,west,standard,854.9
6,31.47,13616.0,0.147,0,1.057,west,premium,1111.3
4,29.24,10331.0,0.17,0,1.126,west,basic,902.9
8,31.73,11329.0,0.087,0,1.078,south,standard,873.5
6,22.23,12002.0,0.113,0,1.1,south,standard,841.1
12,28.52,15250.0,0.081,1,0.924,west,standard,1213.7
11,41.6,11004.0,0.127,0,0.809,west,standard,950.0
1,22.3,14662.0,0.187,1,0.8,west,standard,1238.9
5,44.32,15599.0,0.08,1,1.097,west,standard,1273.1
12,37.87,17186.0,0.036,0,1.16,south,basic,988.3
3,26.98,9071.0,0.205,1,0.81,west,standard,1047.2
11,55.87,10077.0,0.154,1,0.794,west,standard,1135.2
5,26.3,16183.0,0.099,0,1.348,east,standard,1023.7
8,21.48,14900.0,0.106,0,0.801,south,standard,1119.4
9,36.62,9571.0,0.08,1,1.194,north,premium,997.5
7,25.1,16089.0,0.008,0,0.994,west,standard,988.5
10,48.29,7344.0,0.124,0,1.2,west,basic,709.5
7,46.58,6942.0,0.116,1,0.906,north,basic,920.8
9,16.1,14379.0,0.141,0,1.055,east,basic,940.0
12,43.47,15746.0,0.1,0,1.223,north,standard,996.1
12,40.33,11804.0,0.161,0,0.872,north,standard,972.0
11,21.69,14570.0,0.141,0,1.06,north,basic,980.0
4,23.93,18121.0,0.203,1,1.057,south,standard,1414.9
3,52.6,13362.0,0.094,0,0.951,south,basic,1159.1
5,16.52,12614.0,0.091,0,0.958,north,standard,844.6
4,40.67,14565.0,0.075,1,0.88,north,standard,1291.2
6,10.24,17164.0,0.0,1,1.07,south,standard,1191.0
3,20.91,14265.0,0.052,1,0.873,west,basic,1065.9
1,44.65,12085.0,0.052,0,0.96,south,standard,960.7
2,45.58,13252.0,0.101,0,0.766,north,standard,1079.0
3,51.79,8043.0,0.111,0,1.037,north,basic,822.3
12,16.85,20531.0,0.082,1,1.033,north,standard,1358.0
2,65.56,16225.0,0.161,0,0.869,east,standard,1422.8
10,42.0,14177.0,0.103,0,0.994,north,standard,1116.2
8,39.22,13804.0,0.117,0,1.04,south,premium,1158.6
5,20.54,10824.0,0.058,0,0.971,north,standard,793.1
8,37.47,15286.0,0.138,1,1.025,west,standard,1341.5
12,35.51,14703.0,0.09,1,0.933,south,basic,1150.4
3,45.19,10653.0,0.025,0,1.061,north,standard,937.9
7,40.38,12050.0,0.0,0,1.031,north,standard,869.8
1,38.69,10472.0,0.17,0,0.956,south,standard,962.8
12,35.51,12716.0,0.03,0,0.823,west,premium,1066.4
10,32.21,12819.0,0.196,1,1.118,north,premium,1106.6
9,39.6,12867.0,0.025,0,1.209,east,standard,978.1
5,20.46,6856.0,0.033,1,1.063,north,premium,676.8
1,25.38,19112.0,0.055,1,1.067,west,standard,1249.6
7,47.39,9042.0,0.106,0,1.107,north,basic,825.5
2,34.36,6703.0,0.092,1,0.864,south,premium,887.5
1,46.87,12412.0,0.099,0,1.022,north,standard,1029.9
8,23.48,7597.0,0.126,0,1.007,north,basic,691.7
6,27.13,10699.0,0.149,0,0.918,west,standard,891.3
8,62.2,11163.0,0.096,0,0.961,west,standard,1070.0
12,27.85,4245.0,0.142,0,1.147,north,basic,502.3
11,20.1,10242.0,0.0,0,0.851,south,standard,627.6
11,26.49,5113.0,0.0,0,1.11,south,standard,506.8
4,17.46,9754.0,0.091,1,1.083,north,standard,848.5
8,60.41,9471.0,0.076,0,1.003,east,standard,959.2
11,16.61,6762.0,0.102,1,0.99,west,basic,704.9
6,29.23,8000.0,0.084,0,0.773,east,standard,865.0
4,47.23,8274.0,0.196,0,0.975,south,premium,1042.3
6,55.42,2979.0,0.068,1,1.039,west,basic,701.0
4,39.71,12629.0,0.105,0,1.002,south,premium,1071.9
1,34.46,11580.0,0.109,1,1.06,west,basic,1033.7
2,65.59,9861.0,0.012,0,0.92,north,standard,1025.2
12,35.85,11598.0,0.116,1,1.099,south,standard,1072.3
12,44.97,12304.0,0.119,0,0.767,east,basic,1168.2
1,33.69,12715.0,0.0,0,0.897,east,standard,1002.8
8,27.39,22034.0,0.004,1,1.134,east,premium,1564.3
9,78.11,11847.0,0.015,1,1.035,east,basic,1224.7
1,32.0,11584.0,0.099,0,0.913,north,premium,1053.7
7,47.5,4902.0,0.088,0,0.884,west,basic,722.5
3,32.57,13790.0,0.081,0,0.968,south,basic,1056.4
4,24.57,12819.0,0.121,0,0.794,north,basic,1025.2
2,34.05,14751.0,0.157,1,1.02,south,basic,1248.1
3,29.68,9762.0,0.155,0,0.824,east,basic,923.7
1,35.77,9855.0,0.125,1,1.087,east,standard,991.0
7,37.32,10863.0,0.081,1,1.054,north,basic,1053.9
1,52.54,7707.0,0.084,0,1.056,north,basic,810.0
5,28.15,14413.0,0.061,1,0.974,west,basic,1176.9
2,73.66,15564.0,0.139,0,1.138,west,standard,1371.3
8,17.52,9209.0,0.094,0,0.873,south,standard,687.3
1,39.82,8748.0,0.133,0,1.063,west,basic,803.8
5,37.12,10367.0,0.104,0,1.114,west,basic,840.9
8,52.76,17718.0,0.107,0,0.92,east,premium,1541.1
9,52.35,14350.0,0.102,0,1.167,west,standard,1154.4
7,26.93,14164.0,0.139,1,0.843,south,basic,1200.7
5,25.73,8610.0,0.076,1,1.068,north,standard,894.3
4,47.76,14341.0,0.086,0,1.132,south,premium,1183.2
1,40.91,16102.0,0.141,1,1.015,north,basic,1348.2
2,24.64,14686.0,0.06,1,1.16,west,standard,1134.7
10,36.0,13134.0,0.04,1,1.089,east,standard,1189.7
4,47.52,17756.0,0.098,0,0.72,east,standard,1375.0
11,25.26,6250.0,0.077,0,0.971,south,basic,618.0
4,35.93,4288.0,0.131,0,1.06,east,basic,581.9
10,17.76,9792.0,0.035,1,0.922,east,premium,948.2
10,51.41,13838.0,0.151,0,0.963,east,premium,1282.0
10,33.57,5383.0,0.106,0,0.921,north,basic,640.9
4,13.2,10746.0,0.178,0,0.977,south,premium,853.9
7,43.72,4452.0,0.08,0,0.888,south,basic,638.6
9,30.14,8684.0,0.12,1,1.006,south,standard,899.8
5,19.72,11332.0,0.116,0,1.043,north,standard,908.9
6,49.14,9278.0,0.048,0,1.005,east,standard,838.9
10,26.87,13667.0,0.105,0,1.119,east,basic,1000.9
9,57.85,10680.0,0.063,0,0.976,east,standard,973.8
1,23.31,18300.0,0.139,1,1.13,north,standard,1255.3
2,38.62,16062.0,0.121,0,0.982,north,standard,1112.2
9,37.6,13867.0,0.05,1,1.059,north,standard,1124.1
11,34.77,12505.0,0.085,0,0.966,north,basic,1044.6
7,15.14,14353.0,0.125,0,0.808,south,premium,914.6
7,46.84,6711.0,0.028,0,1.021,east,premium,756.4
8,23.11,16216.0,0.057,0,1.063,east,standard,1069.3
10,25.96,7518.0,0.216,0,0.891,west,premium,786.8
12,40.14,17670.0,0.167,0,0.989,west,standard,1349.6
5,24.29,14510.0,0.098,0,1.092,west,standard,992.5
1,38.0,11872.0,0.175,0,0.945,west,standard,1020.5
11,42.25,12231.0,0.154,0,1.065,west,basic,1032.2
8,42.74,11455.0,0.056,1,0.789,east,basic,1119.6
10,11.95,16187.0,0.132,1,1.041,west,standard,1135.6
8,32.12,15526.0,0.092,0,0.926,south,standard,1114.8
6,21.12,10188.0,0.15,0,0.833,south,basic,810.8
2,25.14,12305.0,0.173,0,0.995,north,basic,928.0
4,59.19,9368.0,0.084,0,1.05,north,premium,1037.8
8,35.2,17898.0,0.014,0,1.055,south,standard,1162.5
12,33.18,12920.0,0.082,1,1.069,north,standard,1144.9
10,42.46,10436.0,0.167,0,1.169,south,basic,930.0
8,31.91,7793.0,0.039,1,1.193,east,premium,860.3
12,59.78,17338.0,0.042,0,0.912,west,basic,1359.1
7,12.25,11303.0,0.123,0,1.069,north,basic,788.6
10,28.47,12437.0,0.13,0,0.726,south,standard,961.2
12,40.65,15993.0,0.113,0,0.861,east,standard,1148.0
1,28.75,9177.0,0.234,0,0.937,east,standard,838.4
6,47.14,15888.0,0.114,1,1.226,west,basic,1351.4
11,41.77,11403.0,0.14,0,0.965,east,basic,1005.8
12,34.65,8283.0,0.112,0,1.156,west,premium,817.7
5,11.18,8078.0,0.057,1,1.092,west,standard,704.2
6,43.69,15770.0,0.043,1,0.886,east,standard,1335.9
1,49.04,15934.0,0.023,0,1.057,north,standard,1044.5
1,17.83,10833.0,0.113,0,1.053,east,basic,833.9
2,9.35,13758.0,0.192,0,1.028,east,basic,967.0
6,32.16,9142.0,0.111,0,0.833,west,basic,779.5
10,25.24,5514.0,0.084,0,0.981,east,premium,694.9
11,14.77,16782.0,0.106,0,1.092,east,standard,988.5
10,58.92,11021.0,0.13,0,1.029,south,premium,1105.6
8,12.62,12187.0,0.109,0,1.025,north,basic,764.6
10,44.65,8499.0,0.163,0,1.054,west,standard,806.2
8,24.45,11492.0,0.105,1,0.813,south,standard,1022.0
3,35.87,4123.0,0.02,1,1.241,west,premium,677.4
3,46.27,15070.0,0.104,0,0.891,east,premium,1380.3
11,40.0,21052.0,0.16,0,0.885,east,basic,1601.0
2,31.9,10600.0,0.04,0,1.124,north,premium,936.5
11,37.23,16870.0,0.114,0,0.98,north,standard,1172.6
4,35.64,14734.0,0.074,0,1.149,east,standard,1062.9
4,30.58,11997.0,0.134,0,0.994,north,standard,929.0
3,45.79,14317.0,0.134,0,0.929,north,premium,1214.1
3,43.39,4516.0,0.215,0,0.898,west,standard,736.0
2,22.58,16505.0,0.212,0,0.887,south,standard,1154.1
12,37.51,12791.0,0.164,0,1.001,south,standard,1017.8
5,35.61,14455.0,0.106,1,1.014,south,premium,1321.7
8,11.74,13256.0,0.101,0,0.995,south,standard,878.4
10,45.65,12197.0,0.092,0,1.094,south,basic,1050.6
7,32.44,9641.0,0.04,0,1.192,east,standard,807.0
10,32.73,13640.0,0.116,0,0.842,east,premium,1198.1
5,30.76,13009.0,0.069,1,1.07,west,premium,1164.7
11,17.94,5100.0,0.244,1,1.157,south,premium,716.3
12,34.84,11815.0,0.062,0,0.999,north,standard,937.5
10,33.28,7025.0,0.188,0,1.098,north,standard,701.8
1,31.98,17701.0,0.165,0,0.904,south,premium,1324.0
5,16.24,5908.0,0.103,0,0.977,south,standard,520.1
2,13.67,12061.0,0.047,0,0.93,south,standard,779.2
5,6.73,10040.0,0.16,0,1.157,east,basic,690.7
9,55.95,11000.0,0.17,0,0.97,south,standard,973.0
3,42.49,12102.0,0.161,1,0.926,east,basic,1206.7
11,46.81,16404.0,0.141,0,0.919,west,premium,1381.7
10,25.33,12860.0,0.141,0,1.006,east,basic,1011.7
3,37.03,18989.0,0.217,0,1.109,west,premium,1495.9
2,56.97,14579.0,0.021,0,1.173,east,standard,1167.2
1,49.34,8680.0,0.134,0,0.933,north,standard,892.0
6,11.23,11524.0,0.192,0,1.054,north,standard,798.3
5,30.72,15350.0,0.171,1,0.889,west,premium,1417.7
5,37.29,14918.0,0.157,0,0.975,south,standard,1248.1
9,18.6,9371.0,0.154,0,1.116,south,standard,707.2
5,17.68,14208.0,0.097,0,0.854,east,standard,1032.1
3,31.93,13140.0,0.097,0,0.909,west,standard,986.1
3,33.36,12855.0,0.218,1,0.952,north,standard,1144.3
11,42.57,13211.0,0.093,0,0.953,north,premium,1108.6
10,38.19,16815.0,0.095,1,1.045,north,basic,1332.8
11,23.3,15936.0,0.117,0,0.961,east,premium,1159.4
8,38.33,12949.0,0.175,0,1.28,west,standard,956.3
12,51.25,18666.0,0.164,1,0.808,west,standard,1600.0
6,32.1,2638.0,0.074,0,0.738,east,standard,615.1
6,41.73,12362.0,0.14,0,0.927,west,standard,1005.5
7,35.44,11234.0,0.179,1,0.926,south,standard,1126.8
7,31.57,6245.0,0.053,1,0.939,south,premium,850.5
4,31.21,19295.0,0.145,0,0.762,north,standard,1359.9
12,36.68,12289.0,0.149,0,0.984,north,basic,998.4
2,51.1,8922.0,0.131,0,0.959,east,standard,928.6
2,35.54,14657.0,0.079,1,0.985,east,standard,1232.6
2,46.98,10997.0,0.106,0,1.003,north,standard,960.7
8,42.75,13144.0,0.203,0,1.12,north,standard,1110.3
9,42.54,12697.0,0.13,0,1.093,east,premium,1132.4
7,56.04,14637.0,0.059,0,0.92,north,basic,1180.1
2,32.91,15329.0,0.117,0,1.243,south,premium,1128.2
4,21.96,11560.0,0.044,0,1.012,west,premium,919.9
1,35.39,10147.0,0.187,0,1.042,south,basic,916.6
4,27.62,3814.0,0.085,0,0.859,east,standard,578.9
8,44.71,15185.0,0.099,0,0.823,south,basic,1108.1
1,22.69,7880.0,0.151,0,1.206,north,standard,660.4
2,26.32,15980.0,0.086,0,0.964,south,premium,1221.2
10,27.89,14220.0,0.026,0,1.097,south,standard,874.3
11,29.2,8020.0,0.089,0,1.129,west,standard,690.6
1,58.42,15291.0,0.132,0,0.839,east,basic,1188.9
7,46.02,11287.0,0.083,0,1.076,south,basic,945.6
5,21.97,12238.0,0.141,0,0.928,east,standard,875.5
3,45.02,16073.0,0.191,0,0.976,west,standard,1139.0
9,36.94,11157.0,0.159,1,1.043,east,basic,1096.0
11,60.52,15869.0,0.095,0,1.117,south,standard,1207.2
1,47.46,9426.0,0.141,0,1.163,east,standard,949.8
12,31.06,14750.0,0.1,0,1.079,west,standard,1008.8
1,10.36,15818.0,0.131,1,0.917,east,standard,1229.4
6,48.91,12430.0,0.104,0,0.818,east,standard,1159.3
6,27.73,5052.0,0.052,0,0.911,east,premium,706.5
9,56.43,22912.0,0.075,0,1.125,south,basic,1546.0
12,51.7,10240.0,0.089,0,1.115,west,premium,1001.6
10,28.79,11307.0,0.094,0,1.043,east,standard,927.0
10,35.76,10187.0,0.1,0,0.983,east,premium,992.5
6,39.92,9513.0,0.077,0,1.095,south,premium,881.3
6,41.06,17785.0,0.059,0,0.882,north,premium,1299.6
4,64.65,15958.0,0.047,1,0.802,west,premium,1486.1
10,38.88,11717.0,0.105,0,0.942,east,basic,983.7
6,23.83,10832.0,0.106,0,1.006,north,premium,843.0
5,23.24,14302.0,0.071,0,0.836,north,premium,1076.8
11,40.91,11172.0,0.122,0,0.92,east,standard,978.5
8,34.57,9834.0,0.077,0,0.946,west,basic,816.2
6,28.61,10210.0,0.043,0,1.092,north,standard,813.8
8,63.0,18430.0,0.099,1,1.18,east,premium,1727.8
3,27.65,13298.0,0.115,0,1.138,south,premium,971.7
12,34.25,15159.0,0.128,0,1.027,north,standard,1065.7
11,40.59,10353.0,0.138,0,0.971,south,basic,880.5
9,57.46,10574.0,0.112,1,0.961,west,standard,1109.3
3,27.06,11898.0,0.047,0,1.196,north,basic,842.4
4,5.09,13429.0,0.16,0,1.113,north,basic,775.8
5,58.63,6890.0,0.196,0,0.866,south,basic,975.1
3,30.26,10836.0,0.175,0,1.085,east,basic,960.7
12,36.13,14189.0,0.094,0,0.971,west,basic,1044.8
8,18.4,13402.0,0.008,0,0.852,west,premium,950.2
10,35.76,5727.0,0.032,0,0.859,south,standard,570.9
10,35.3,8199.0,0.015,0,1.067,south,premium,812.2
7,34.28,6544.0,0.158,0,0.882,east,standard,744.1
11,41.6,9970.0,0.16,0,0.989,west,premium,999.5
7,23.43,16614.0,0.192,0,1.009,east,premium,1166.3
3,56.09,10661.0,0.144,1,0.982,west,standard,1180.2
6,26.01,15144.0,0.091,0,0.966,north,standard,1081.0
12,33.8,9411.0,0.088,1,1.069,north,premium,1027.8
1,31.32,9417.0,0.079,0,1.132,north,basic,706.4
5,27.03,7317.0,0.153,0,0.829,east,standard,730.4
10,44.51,8040.0,0.0,1,1.103,west,premium,962.6
1,53.03,16684.0,0.063,0,0.804,south,premium,1383.7
8,32.91,12189.0,0.055,1,0.757,north,basic,1158.1
9,33.77,11311.0,0.167,0,0.935,north,standard,913.6
10,32.93,10147.0,0.148,0,0.897,east,standard,867.7
8,25.97,11953.0,0.179,0,1.178,north,premium,1009.4
7,48.12,10271.0,0.103,1,0.804,south,basic,1111.1
4,46.41,10344.0,0.115,1,1.085,north,standard,1075.8
2,53.04,10910.0,0.093,0,1.007,east,standard,1021.0
3,47.19,12351.0,0.117,0,1.217,west,basic,1047.9
10,47.22,11832.0,0.079,1,0.917,east,standard,1169.2
10,22.5,11931.0,0.186,0,1.191,east,standard,925.8
4,50.07,17898.0,0.103,0,1.153,west,basic,1279.0
8,26.74,16245.0,0.141,0,0.839,north,standard,1104.2
9,51.12,14022.0,0.091,0,1.147,north,standard,973.2
9,11.39,18617.0,0.139,0,1.072,south,basic,1070.2
2,30.52,10715.0,0.073,0,1.101,west,standard,894.1
7,23.49,13715.0,0.059,0,0.736,north,basic,1022.5
1,33.55,12029.0,0.15,0,0.768,north,premium,1015.4
10,13.54,9887.0,0.109,0,0.88,east,premium,838.9
8,52.67,6957.0,0.161,1,0.95,east,basic,1021.7
11,69.67,9954.0,0.22,0,1.043,north,premium,1210.6
4,31.82,10390.0,0.17,0,1.005,south,premium,932.3
3,57.05,14808.0,0.115,0,0.894,east,standard,1255.3
11,33.17,14218.0,0.19,0,1.099,west,standard,1064.8
3,23.86,15989.0,0.099,1,0.851,east,standard,1313.9
5,44.39,5164.0,0.145,1,1.158,south,premium,884.5
10,35.16,16300.0,0.09,0,1.055,south,standard,1138.3
7,33.61,17128.0,0.126,1,0.951,east,standard,1385.0
2,63.77,13528.0,0.183,1,0.986,south,basic,1386.1
5,45.9,9699.0,0.087,0,0.72,west,standard,890.3
6,26.87,12486.0,0.062,0,0.942,east,standard,923.9
12,46.67,13823.0,0.106,0,1.141,north,premium,1182.4
2,46.05,12693.0,0.114,0,0.864,south,standard,1116.0
6,34.83,6060.0,0.202,0,0.983,west,basic,700.8
7,25.27,6110.0,0.152,0,0.983,north,standard,522.2
2,19.44,15558.0,0.097,1,0.753,west,standard,1248.4
6,21.05,13268.0,0.152,1,0.968,south,premium,1185.4
6,17.12,7495.0,0.109,1,0.88,south,premium,873.8
1,23.0,10329.0,0.074,0,1.22,west,premium,869.6
12,62.95,12170.0,0.177,0,1.11,east,standard,1116.3
2,16.29,8811.0,0.191,0,0.72,east,premium,910.0
3,29.85,11829.0,0.043,0,0.881,east,premium,1017.4
4,23.8,8654.0,0.16,0,1.051,east,basic,817.4
1,36.19,15518.0,0.078,0,1.178,south,premium,1264.8
5,21.71,7000.0,0.04,0,0.956,east,standard,568.5
3,38.51,14633.0,0.161,0,0.874,north,standard,1205.7
6,24.83,17915.0,0.14,0,1.266,east,premium,1258.3
12,50.37,13097.0,0.195,1,1.021,north,basic,1252.5
1,39.63,17507.0,0.049,0,0.979,north,standard,1215.1
3,20.85,9267.0,0.175,0,0.914,east,premium,907.5
4,47.03,16102.0,0.021,0,0.858,east,standard,1267.8
10,53.09,17970.0,0.151,0,0.826,west,standard,1411.9
9,37.13,9530.0,0.199,0,1.224,east,premium,918.1
11,37.97,14246.0,0.022,0,0.918,north,standard,1076.2
11,44.75,16754.0,0.094,0,1.085,south,standard,1174.8
3,41.13,2321.0,0.163,0,1.181,north,standard,578.7
10,62.56,14778.0,0.014,0,1.111,west,standard,1142.5
11,41.94,5245.0,0.222,0,0.939,south,standard,732.9
3,63.65,14989.0,0.161,0,1.074,east,premium,1437.0
5,58.82,13542.0,0.098,0,0.865,south,standard,1192.5
5,25.18,5031.0,0.133,1,0.826,north,standard,674.7
1,38.47,9623.0,0.153,0,0.779,south,basic,954.9
8,34.83,11845.0,0.142,0,1.084,south,basic,921.6
12,22.75,8190.0,0.079,0,1.128,south,standard,699.0
4,30.78,14300.0,0.149,0,1.117,south,standard,1079.6
12,26.45,11867.0,0.105,0,1.05,north,basic,849.0
12,15.76,8477.0,0.105,0,0.784,south,premium,755.0
1,52.62,16829.0,0.063,0,0.971,west,premium,1374.3
6,54.1,12387.0,0.097,0,1.269,west,basic,1086.1
6,25.92,15232.0,0.033,0,1.057,north,basic,1036.1
11,62.02,9265.0,0.066,0,1.231,west,standard,888.1
12,40.72,17613.0,0.101,0,1.091,north,standard,1250.5
10,43.48,14776.0,0.186,0,0.963,east,standard,1232.2
10,26.58,9234.0,0.071,0,1.088,north,standard,738.6
11,37.3,9552.0,0.147,0,1.145,south,standard,824.2
1,54.5,12602.0,0.066,0,0.991,north,basic,1071.8
2,35.63,9842.0,0.047,0,0.979,west,basic,823.0
5,51.95,6908.0,0.079,0,0.785,west,standard,835.3
5,45.57,9473.0,0.114,0,1.067,east,standard,862.7
4,57.97,12457.0,0.13,0,1.015,south,standard,1066.8
8,50.45,8021.0,0.094,1,1.157,north,premium,1038.1
9,27.7,14378.0,0.065,0,0.857,south,standard,978.7
9,24.87,16837.0,0.171,0,0.992,north,basic,1073.6
9,32.53,7891.0,0.119,0,1.055,south,standard,717.9
2,81.72,8077.0,0.126,1,0.931,west,standard,1200.0
1,32.45,10213.0,0.083,0,1.029,south,basic,840.9
12,27.89,9628.0,0.133,0,0.948,north,standard,767.4
1,45.01,13970.0,0.052,0,0.905,west,basic,1150.1
7,47.13,9959.0,0.138,0,0.896,south,premium,1079.1
12,34.87,11266.0,0.114,1,1.031,north,standard,978.2
9,42.66,13461.0,0.087,0,1.042,south,basic,991.5
8,56.99,14765.0,0.083,0,1.007,south,premium,1293.6
7,34.82,7626.0,0.073,1,0.989,west,premium,912.5
2,11.87,3952.0,0.04,0,0.98,west,basic,384.5
4,21.88,11398.0,0.016,0,0.942,south,standard,770.0
7,38.83,13083.0,0.106,1,0.912,north,premium,1227.8
4,43.57,9017.0,0.136,0,1.061,east,standard,932.1
11,53.66,5469.0,0.107,0,0.759,west,standard,806.8
11,33.85,9046.0,0.067,0,0.831,north,basic,837.9
8,40.51,6124.0,0.028,0,0.865,west,basic,701.6
2,36.86,5665.0,0.128,0,1.061,north,standard,681.2
12,56.51,9196.0,0.098,0,0.955,east,basic,976.2
11,59.83,10849.0,0.141,0,1.087,west,standard,1071.2
12,19.13,13604.0,0.06,1,0.933,west,standard,1044.1
8,31.15,18421.0,0.073,0,1.014,north,standard,1278.6
5,33.63,10975.0,0.132,1,1.089,north,standard,1032.8
5,34.48,11865.0,0.0,0,0.945,south,standard,862.3
12,45.61,12476.0,0.035,0,1.066,north,basic,1033.8
4,41.95,14611.0,0.204,0,0.931,south,premium,1309.6
5,23.69,14465.0,0.179,0,0.856,west,standard,1017.5
2,26.56,18925.0,0.108,0,0.999,south,basic,1250.2
10,47.94,17519.0,0.045,1,0.92,north,standard,1304.8
1,36.48,6275.0,0.137,0,1.138,north,standard,719.3
5,40.51,10558.0,0.131,0,0.938,west,standard,964.9
1,15.74,13568.0,0.074,0,0.84,south,basic,867.5
7,38.23,9719.0,0.103,0,0.93,east,standard,940.3
7,44.22,17820.0,0.103,0,0.93,north,basic,1273.0
4,28.03,14280.0,0.135,1,0.987,south,standard,1063.0
4,3.0,9306.0,0.089,0,1.048,west,basic,607.4
3,27.24,11147.0,0.069,0,0.864,north,premium,965.1
9,29.53,10719.0,0.147,1,1.09,east,basic,1042.7
10,43.75,10379.0,0.161,0,1.021,north,basic,912.9
9,21.84,3596.0,0.075,0,1.197,south,standard,435.4
12,29.88,6522.0,0.125,0,0.905,south,basic,745.7
1,31.93,15266.0,0.135,0,1.348,north,standard,1051.3
9,32.25,12640.0,0.103,0,1.028,south,basic,960.6
3,50.0,7613.0,0.094,0,0.781,north,basic,832.9
2,11.44,13624.0,0.111,0,1.203,north,standard,885.5
4,33.8,11491.0,0.129,0,0.963,east,basic,927.1
3,41.91,13234.0,0.088,0,0.895,south,basic,1069.5
7,58.81,16120.0,0.193,0,0.891,north,premium,1418.1
3,34.73,12606.0,0.129,1,0.881,west,standard,1134.7
5,10.41,14583.0,0.1,0,0.783,east,standard,1044.0
2,37.32,13162.0,0.103,0,0.935,south,standard,1035.8
6,27.96,13289.0,0.121,0,1.022,west,standard,1027.9
12,29.45,14090.0,0.188,1,0.857,west,standard,1239.2
2,49.05,16757.0,0.129,0,1.059,south,standard,1366.2
3,41.35,11610.0,0.077,0,1.167,north,standard,938.4
12,22.71,7789.0,0.074,0,1.084,west,basic,652.6
8,55.03,1200.0,0.091,0,1.07,south,standard,534.8
1,52.3,7480.0,0.165,0,1.14,west,basic,884.6
12,30.59,17210.0,0.104,1,1.034,west,standard,1340.7
4,33.68,11873.0,0.056,0,1.053,west,standard,840.1
9,41.96,13212.0,0.101,1,1.206,north,premium,1142.7
2,26.42,12372.0,0.086,0,0.877,east,standard,1011.4
4,42.22,12549.0,0.007,0,0.956,north,standard,1009.1
1,36.12,15175.0,0.025,0,1.103,north,basic,995.1
7,14.72,14180.0,0.014,0,0.95,north,basic,876.7
5,27.45,13212.0,0.121,0,0.995,east,premium,1100.1
9,73.62,8936.0,0.086,0,1.193,west,basic,1051.4
12,31.19,10767.0,0.058,1,0.898,west,standard,931.5
2,28.08,10065.0,0.104,0,1.027,east,basic,791.0
3,36.35,8269.0,0.13,0,1.091,west,premium,874.3
12,38.89,9069.0,0.09,1,0.962,east,basic,1022.7
3,10.35,11489.0,0.155,0,1.118,north,basic,774.9
5,47.14,10141.0,0.149,0,1.012,east,premium,1068.2
11,26.45,18427.0,0.165,0,1.035,south,basic,1247.4
8,25.9,15585.0,0.088,1,1.038,west,basic,1146.6
3,34.86,12418.0,0.111,1,1.255,north,basic,1095.4
5,45.13,10708.0,0.106,0,0.818,east,premium,1202.7
4,32.94,12367.0,0.17,0,1.119,north,standard,939.0
8,21.21,5213.0,0.051,0,1.081,north,basic,443.7
7,18.1,14682.0,0.075,0,1.078,north,premium,1022.2
11,32.27,6140.0,0.076,1,0.887,east,basic,836.0
11,26.51,8060.0,0.036,0,1.069,north,standard,630.4
1,16.88,15195.0,0.157,0,1.068,south,standard,901.0
1,5.23,6123.0,0.141,0,0.944,east,standard,538.1
11,44.27,12694.0,0.162,1,1.051,south,basic,1141.9
5,37.74,14908.0,0.15,0,1.013,west,standard,1161.7
2,45.53,7147.0,0.31,1,0.986,south,premium,1057.1
6,39.13,12472.0,0.088,0,1.047,north,standard,1002.4
11,34.83,22479.0,0.087,0,1.148,north,standard,1360.7
4,16.68,8985.0,0.162,0,0.95,west,basic,738.6
9,51.85,9442.0,0.059,0,1.034,south,standard,866.8
4,46.64,12820.0,0.114,0,1.125,west,standard,1043.9
1,58.17,7678.0,0.163,0,1.063,south,premium,980.2
4,32.35,12148.0,0.102,0,0.938,south,standard,956.5
12,47.38,10283.0,0.103,1,1.013,east,standard,1051.3
8,26.96,16132.0,0.142,1,1.038,south,basic,1296.4
6,33.02,14348.0,0.165,0,1.292,south,standard,1019.7
7,34.31,14067.0,0.151,0,1.071,east,basic,1081.7
2,23.21,21304.0,0.138,0,1.011,north,premium,1421.1
2,35.72,15567.0,0.145,1,1.207,north,premium,1350.2
12,39.85,9661.0,0.076,0,0.97,north,basic,911.9
12,30.51,13041.0,0.096,0,1.116,north,basic,939.3
5,38.01,13819.0,0.17,0,0.938,south,basic,1118.5
8,40.23,10019.0,0.13,0,0.917,west,standard,953.2
1,33.49,12121.0,0.082,0,1.086,west,basic,970.1
2,36.91,10637.0,0.178,0,1.013,west,basic,979.8
4,32.92,11520.0,0.111,0,1.185,south,basic,900.2
1,19.38,8899.0,0.115,0,1.009,east,basic,712.5
1,47.72,10043.0,0.077,0,0.974,south,basic,888.8
5,39.31,5826.0,0.086,0,0.824,north,premium,761.4
8,17.23,3635.0,0.228,0,1.057,west,premium,623.0
1,39.97,12628.0,0.089,0,0.969,east,standard,1071.6
12,23.33,5879.0,0.069,0,1.062,south,premium,546.6
10,35.6,13857.0,0.187,0,1.011,east,standard,1149.5
2,51.22,10606.0,0.103,0,1.058,west,basic,1007.8
10,15.92,15314.0,0.11,1,0.961,east,standard,1184.5
8,19.31,5080.0,0.166,0,1.014,south,standard,490.6
9,18.85,7949.0,0.093,0,1.084,west,standard,644.6
12,27.0,15171.0,0.046,0,0.937,south,standard,918.5
1,37.99,17496.0,0.151,0,1.073,north,standard,1258.6
7,47.62,13959.0,0.0,0,1.052,south,basic,958.4
12,15.51,16475.0,0.101,0,1.082,east,standard,1059.6
9,3.87,13924.0,0.183,0,0.962,west,standard,878.4
2,16.92,12847.0,0.15,0,1.228,east,standard,839.0
1,37.63,9942.0,0.142,0,0.984,south,standard,907.7
7,18.06,10198.0,0.148,0,0.72,north,standard,820.9
11,44.16,14821.0,0.008,0,1.091,west,premium,1116.5
2,37.72,13056.0,0.121,1,0.92,north,basic,1204.9
4,42.7,10438.0,0.146,0,1.139,south,basic,942.4
6,41.79,12242.0,0.046,1,1.171,north,standard,1038.8
1,60.75,13174.0,0.123,0,0.832,west,basic,1220.4
7,38.49,15156.0,0.071,1,0.977,south,premium,1258.1
2,23.11,12812.0,0.193,1,0.998,south,basic,1076.0
11,56.88,15938.0,0.16,1,1.033,south,premium,1484.2
3,42.61,16250.0,0.149,0,1.325,west,standard,1198.5
8,39.78,8080.0,0.064,1,0.939,west,standard,866.4
6,24.5,13662.0,0.162,0,1.242,east,basic,1020.1
11,9.71,12372.0,0.185,0,0.875,north,basic,885.5
12,35.71,12767.0,0.16,0,0.884,west,standard,1069.2
11,34.42,12602.0,0.045,1,0.997,south,standard,1039.0
4,51.99,19926.0,0.157,0,0.946,east,standard,1526.0
10,27.69,12321.0,0.001,0,0.929,west,premium,896.6
9,26.84,11377.0,0.105,0,1.098,south,premium,971.3
9,40.32,12595.0,0.114,1,1.046,south,standard,1122.7
8,27.74,14019.0,0.166,1,1.168,east,basic,1153.0
10,49.08,4005.0,0.111,1,1.081,south,standard,815.7
1,28.25,16372.0,0.179,0,1.007,south,basic,1167.1
11,34.29,11519.0,0.17,0,1.288,south,standard,880.2
7,33.17,14523.0,0.085,0,1.049,west,basic,1005.5
3,41.0,13041.0,0.124,1,0.795,east,standard,1282.6
11,21.08,17444.0,0.078,0,1.35,north,standard,1026.1
7,9.45,16800.0,0.096,0,1.038,south,basic,955.7
1,41.19,11737.0,0.11,0,0.98,south,standard,980.4
1,20.08,10583.0,0.132,0,0.903,east,basic,931.7
5,51.72,10356.0,0.141,0,0.838,south,standard,994.6
8,29.66,11328.0,0.17,0,0.979,east,standard,949.3
4,25.91,16989.0,0.177,0,1.017,east,standard,1162.9
12,51.51,12045.0,0.033,1,1.047,east,basic,1107.9
2,34.52,10736.0,0.02,0,0.948,north,basic,906.6
7,53.35,18124.0,0.166,0,1.187,west,basic,1441.1
5,17.81,4450.0,0.075,1,0.882,east,basic,623.8
7,41.68,12823.0,0.0,1,0.971,south,basic,1124.2
8,30.66,13714.0,0.117,0,1.066,south,basic,949.9
11,27.95,9569.0,0.126,1,1.225,north,basic,957.0
12,28.67,7428.0,0.11,1,1.169,south,standard,811.2
1,24.06,16400.0,0.096,0,0.951,south,standard,1028.7
6,37.18,14820.0,0.112,0,1.226,east,basic,1146.2
12,31.11,15044.0,0.064,0,0.981,west,standard,976.5
9,42.39,13502.0,0.093,0,1.095,north,premium,1088.6
12,24.42,9932.0,0.085,0,1.021,south,basic,754.7
4,14.11,1853.0,0.0,0,0.929,south,basic,280.2
8,20.37,17567.0,0.162,0,0.99,north,standard,1103.6
5,53.95,8819.0,0.087,0,0.873,south,basic,990.3
12,30.56,19694.0,0.101,0,1.169,west,standard,1281.0
11,41.08,18007.0,0.124,0,1.063,north,standard,1242.0
9,31.08,11401.0,0.145,1,1.167,west,basic,985.0
5,48.58,11285.0,0.116,1,0.854,west,basic,1114.0
1,62.32,12886.0,0.144,0,0.91,north,premium,1254.0
4,60.85,4288.0,0.18,0,1.153,north,standard,745.3
3,43.1,7582.0,0.185,1,1.129,east,basic,1074.4
3,28.97,12718.0,0.083,0,1.043,west,premium,1057.0
1,29.04,11558.0,0.126,0,1.004,west,premium,974.0
11,57.56,19166.0,0.214,0,1.163,east,premium,1592.7
4,42.67,11667.0,0.11,1,1.07,north,standard,1146.8
3,38.79,12612.0,0.092,0,0.884,east,standard,1091.2
6,28.43,10901.0,0.044,0,1.031,north,standard,827.2
3,17.42,9571.0,0.046,0,1.224,south,standard,776.2
11,42.96,15382.0,0.115,0,0.754,south,standard,1200.8
11,38.4,14265.0,0.069,0,1.235,west,premium,1107.2
1,31.6,14420.0,0.14,0,1.046,south,basic,1009.0
1,49.62,14024.0,0.107,0,1.052,east,premium,1224.7
11,28.3,11122.0,0.202,0,0.94,south,basic,891.7
6,14.99,16300.0,0.143,1,0.72,south,premium,1335.7
6,11.5,16041.0,0.0,0,1.014,east,basic,992.6
4,46.39,14531.0,0.061,0,1.011,north,standard,1089.3
12,42.39,14890.0,0.132,0,1.109,east,basic,1263.8
12,49.92,19948.0,0.136,0,0.72,south,standard,1474.1
10,35.64,10114.0,0.079,1,0.998,north,premium,1060.6
7,44.35,19154.0,0.076,0,0.925,north,standard,1373.8
7,56.16,11119.0,0.173,0,1.108,south,basic,1065.8
10,23.5,11690.0,0.152,1,0.72,east,premium,1195.8
11,52.93,9746.0,0.141,1,0.925,south,standard,1034.1
5,16.38,12740.0,0.184,0,0.967,east,premium,920.1
7,68.97,18641.0,0.036,0,0.91,north,basic,1392.0
1,49.45,2552.0,0.111,0,1.128,north,standard,601.2
1,21.22,9942.0,0.105,0,0.985,east,premium,876.4
1,25.25,16767.0,0.149,0,0.816,north,basic,1214.8
4,45.51,17154.0,0.009,0,0.785,north,standard,1278.5
2,23.81,13393.0,0.148,0,1.068,north,standard,969.1
8,38.62,15530.0,0.081,0,0.995,north,premium,1230.0
2,27.78,13096.0,0.096,0,1.068,north,premium,1017.9
12,52.75,10337.0,0.021,0,0.989,east,basic,937.6
1,40.4,12020.0,0.15,0,1.061,north,basic,981.9
11,27.27,16858.0,0.146,0,0.937,east,basic,1234.4
7,30.38,10776.0,0.064,0,0.923,south,basic,834.8
6,30.26,5410.0,0.093,0,1.019,north,standard,648.4
10,44.35,10745.0,0.172,1,1.103,west,basic,1075.7
1,18.62,14409.0,0.098,0,0.98,south,premium,1088.8
3,33.52,13995.0,0.149,0,0.744,south,basic,1093.3
9,18.34,16877.0,0.053,0,0.886,east,standard,1073.9
6,31.84,17400.0,0.156,1,0.924,west,standard,1407.3
3,32.6,8905.0,0.093,0,0.865,south,premium,860.8
4,29.11,13295.0,0.021,1,1.162,east,basic,1130.8
12,22.86,10671.0,0.14,0,0.901,east,premium,919.8
2,23.68,5510.0,0.16,0,1.026,north,basic,645.4
4,38.9,10294.0,0.088,1,0.941,south,premium,1128.6
2,51.51,15568.0,0.062,0,0.873,east,standard,1214.5
10,51.33,9921.0,0.109,1,1.008,east,basic,1087.6
2,64.88,10477.0,0.119,1,1.05,north,standard,1129.3
7,44.64,13526.0,0.072,0,1.245,west,basic,1033.9
9,64.3,13202.0,0.071,0,0.895,west,standard,1229.6
12,35.92,7240.0,0.11,1,0.85,east,standard,933.4
7,36.01,6474.0,0.086,0,1.141,south,standard,579.9
12,46.0,11166.0,0.019,1,0.91,south,premium,1264.2
5,7.75,13434.0,0.171,0,1.147,north,standard,884.3
2,26.08,14506.0,0.111,0,1.096,north,standard,991.8
8,41.01,16196.0,0.108,0,1.196,west,premium,1251.2
5,22.8,5934.0,0.205,0,1.039,east,basic,680.6
2,47.41,12123.0,0.08,1,1.012,west,standard,1207.8
8,24.58,9313.0,0.129,0,1.062,west,standard,682.5
1,54.9,20734.0,0.092,1,1.189,east,premium,1679.6
6,53.49,11597.0,0.213,0,0.976,south,standard,1082.1
5,40.87,12491.0,0.09,1,0.95,south,basic,1156.2
7,57.28,11701.0,0.106,0,1.103,south,standard,1066.2
8,41.67,7427.0,0.0,1,0.993,south,basic,816.1
2,55.46,13495.0,0.1,0,1.001,north,basic,1184.3
5,44.51,18510.0,0.222,1,0.974,west,standard,1623.9
9,18.9,7499.0,0.138,1,1.169,east,basic,755.8
6,49.41,14674.0,0.164,0,0.933,west,premium,1377.5
7,39.75,13568.0,0.196,0,0.941,north,basic,1040.2
3,29.28,15934.0,0.064,1,1.248,west,basic,1267.7
4,47.0,9838.0,0.135,1,0.996,south,premium,1150.2
11,39.7,7404.0,0.087,1,1.017,west,standard,847.8
2,25.01,12310.0,0.013,0,1.119,east,premium,924.5
8,41.53,16108.0,0.046,0,1.047,south,standard,1119.4
2,45.4,13074.0,0.109,0,1.114,north,standard,1091.4
11,36.94,12996.0,0.174,0,1.123,east,premium,1170.8
9,44.08,15463.0,0.164,0,1.098,north,basic,1096.6
11,20.01,8188.0,0.138,0,0.993,north,premium,745.2
10,33.14,14177.0,0.071,1,0.95,east,premium,1357.7
2,46.64,17984.0,0.107,0,1.034,west,premium,1445.2
11,40.24,8580.0,0.046,0,1.0,east,standard,822.2
4,26.69,5936.0,0.158,0,1.085,west,standard,616.9
4,38.29,11564.0,0.094,0,0.72,east,premium,1109.1
6,23.58,15825.0,0.149,1,0.744,east,basic,1281.5
10,45.5,14140.0,0.054,0,0.855,west,basic,1148.9
5,16.89,8973.0,0.12,1,1.034,west,standard,854.5
7,44.74,16875.0,0.148,0,1.199,south,standard,1194.5
8,25.62,11237.0,0.079,0,0.927,south,basic,856.9
5,24.41,13577.0,0.075,0,0.902,south,standard,913.5
8,14.64,9936.0,0.118,0,1.134,south,basic,703.5
9,30.35,10574.0,0.087,1,0.932,east,basic,1016.5
9,40.59,12906.0,0.103,0,1.095,north,standard,1038.3
7,7.29,11449.0,0.185,0,1.027,north,basic,777.1
10,48.68,9882.0,0.124,0,1.107,west,basic,918.8
1,35.55,9108.0,0.092,1,1.081,east,standard,993.2
7,22.79,16431.0,0.073,0,1.048,north,premium,1104.0
5,41.79,14312.0,0.0,0,0.904,east,standard,1115.9
9,12.92,9148.0,0.106,0,0.865,west,standard,665.9
4,18.6,14168.0,0.087,0,0.981,south,standard,904.1
9,30.45,10878.0,0.109,0,1.057,west,standard,840.9
2,35.99,11881.0,0.145,0,1.099,north,standard,979.2
3,24.77,10725.0,0.019,0,1.117,south,basic,791.5
9,33.44,16209.0,0.112,1,1.079,south,basic,1247.0
6,24.96,20294.0,0.088,0,1.078,south,standard,1276.0
8,44.76,13075.0,0.128,1,0.895,west,basic,1131.0
1,42.59,6740.0,0.089,0,1.127,north,standard,703.4
2,24.02,13407.0,0.108,0,1.14,west,basic,935.3
9,32.45,11761.0,0.09,1,0.977,south,premium,1147.6
5,35.85,19985.0,0.041,0,1.046,south,standard,1286.3
9,11.13,11157.0,0.106,0,0.9,south,standard,762.6
12,37.95,3621.0,0.159,0,0.979,south,standard,569.1
6,51.47,9294.0,0.113,0,1.06,west,premium,979.5
2,40.45,13328.0,0.081,0,1.031,south,basic,1050.6
2,26.04,14435.0,0.078,1,1.098,west,premium,1196.7
5,51.26,7917.0,0.0,1,1.021,south,basic,887.5
11,41.86,16520.0,0.103,0,1.181,east,standard,1194.0
10,43.02,13445.0,0.201,0,1.051,west,standard,1087.5
10,35.77,12253.0,0.068,0,1.094,south,basic,932.6
4,37.36,5319.0,0.23,1,0.872,west,basic,861.1
2,33.84,11628.0,0.214,0,0.72,east,premium,1102.9
4,26.31,5513.0,0.219,0,0.996,south,basic,711.7
5,40.96,13534.0,0.089,0,1.109,north,standard,980.4
2,46.68,12161.0,0.075,0,1.109,west,standard,1097.0
7,36.44,12201.0,0.108,1,1.186,north,basic,974.4
3,15.88,11223.0,0.093,0,1.164,west,standard,794.8
8,15.16,6791.0,0.046,0,0.98,south,basic,509.3
5,27.42,8686.0,0.198,0,0.821,north,standard,827.6
3,49.14,12282.0,0.098,0,0.973,east,premium,1241.5
1,60.12,9309.0,0.168,1,0.984,west,standard,1190.9
12,56.53,13215.0,0.092,0,1.022,south,basic,1109.1
4,27.44,9877.0,0.219,1,0.938,west,standard,1003.7
8,22.86,7865.0,0.113,0,1.033,east,premium,764.7
7,31.64,6549.0,0.133,0,1.261,west,standard,673.6
10,33.78,15962.0,0.091,0,0.907,north,standard,1244.1
10,37.15,15145.0,0.108,0,0.772,east,standard,1149.5
9,47.66,10801.0,0.171,1,1.151,north,standard,1191.7
8,38.46,13431.0,0.079,0,1.123,north,standard,903.3
3,37.42,15510.0,0.143,1,1.101,north,basic,1311.9
9,53.2,18500.0,0.096,0,1.017,east,premium,1497.6
6,48.03,6400.0,0.183,1,0.953,south,standard,941.2
10,34.44,10380.0,0.051,0,1.051,east,standard,768.1
7,27.73,12961.0,0.144,0,0.861,south,premium,1063.6
9,24.95,15456.0,0.105,0,1.042,south,basic,1035.8
3,41.78,7912.0,0.126,1,0.978,north,standard,937.0
12,34.55,14281.0,0.153,0,0.94,north,premium,1147.0
5,3.0,7937.0,0.143,0,1.171,south,basic,567.2
12,34.26,8610.0,0.145,1,1.05,south,premium,1033.8
11,21.73,7058.0,0.137,1,0.744,north,standard,784.3
6,29.81,7652.0,0.037,1,1.009,south,standard,828.0
3,14.62,10894.0,0.126,0,1.155,north,premium,819.7
8,42.4,14092.0,0.082,0,1.04,north,basic,1068.2
6,27.19,14258.0,0.13,0,1.112,west,standard,987.7
9,45.53,13826.0,0.034,0,1.039,south,premium,1109.2
6,67.11,10594.0,0.039,0,0.899,west,premium,1125.0
3,38.39,8699.0,0.105,0,0.917,west,premium,924.7
1,46.32,17971.0,0.115,0,0.789,east,basic,1394.9
9,26.2,12395.0,0.152,1,1.105,north,basic,1040.3
8,34.19,13202.0,0.124,0,0.82,south,standard,972.2
6,15.94,12153.0,0.149,0,1.022,south,premium,918.8
6,38.98,7257.0,0.094,0,1.052,east,basic,807.3
2,33.71,8765.0,0.099,0,0.915,east,standard,915.6
7,22.2,10529.0,0.048,0,1.052,north,basic,798.7
7,17.49,12543.0,0.022,0,1.23,west,premium,769.2
6,32.9,13210.0,0.149,1,1.089,east,premium,1297.8
5,35.43,11091.0,0.045,0,0.948,west,premium,1002.7
9,47.9,18211.0,0.098,0,0.753,north,basic,1403.2
1,28.56,12286.0,0.076,0,1.008,west,premium,1056.8
3,33.43,7702.0,0.097,0,0.984,east,standard,816.1
8,42.37,15175.0,0.106,0,1.052,south,basic,1164.8
2,30.93,14716.0,0.157,0,1.059,east,standard,1070.2
9,28.97,8473.0,0.137,0,1.05,east,premium,863.8
3,36.08,10084.0,0.096,0,1.175,west,standard,849.6
8,62.75,7553.0,0.172,0,1.138,east,standard,939.8
9,36.66,9019.0,0.108,0,0.96,west,standard,905.6
11,52.12,17680.0,0.08,0,1.066,south,standard,1304.0
12,48.13,6968.0,0.084,0,0.917,east,basic,845.4
4,49.66,9739.0,0.064,0,0.805,south,standard,959.4
2,22.21,15858.0,0.041,1,0.854,west,standard,1202.8
5,43.92,16744.0,0.124,0,0.895,west,premium,1334.5
1,20.53,9176.0,0.079,0,0.831,east,premium,866.1
5,35.15,9506.0,0.162,0,0.985,north,standard,848.0
12,14.1,15044.0,0.055,0,0.962,east,standard,1010.0
8,9.37,11188.0,0.049,1,0.975,west,standard,813.2
4,34.35,11570.0,0.145,1,1.179,west,standard,1065.9
7,22.49,11405.0,0.039,1,0.904,north,standard,918.6
5,35.39,15285.0,0.09,0,0.937,south,basic,1124.6
7,37.61,6685.0,0.097,0,1.21,north,basic,625.8
8,42.46,1200.0,0.013,0,1.032,west,standard,348.2
2,26.43,17775.0,0.046,0,0.959,north,basic,1166.7
10,32.52,10699.0,0.112,0,1.231,east,standard,793.0
8,45.35,12315.0,0.147,0,1.123,north,standard,1047.0
2,32.26,17627.0,0.145,0,1.03,south,basic,1199.4
5,55.22,6191.0,0.098,1,0.991,north,standard,971.6
2,25.63,9253.0,0.079,0,1.088,south,premium,877.4
1,7.47,16819.0,0.166,1,0.786,west,standard,1175.8
8,52.94,9147.0,0.131,0,0.912,north,premium,1089.4
5,45.42,14112.0,0.078,0,0.814,south,premium,1201.0
4,38.13,5658.0,0.012,0,0.859,east,standard,775.2
10,28.38,22690.0,0.171,0,0.813,east,basic,1503.5
2,55.91,14982.0,0.103,1,0.957,east,premium,1464.1
2,25.16,8157.0,0.079,0,1.001,south,basic,680.3
10,10.02,15053.0,0.097,1,0.913,west,premium,1159.1
9,29.28,15207.0,0.085,0,1.021,north,basic,1057.9
9,39.37,13841.0,0.116,0,1.041,north,premium,1092.1
1,30.81,13379.0,0.155,1,1.071,north,standard,1133.6
1,42.32,15782.0,0.161,1,0.983,east,basic,1429.7
3,27.36,12997.0,0.134,1,0.838,west,basic,1179.2
1,34.79,17560.0,0.08,1,0.772,north,basic,1316.5
3,22.64,18455.0,0.018,0,1.044,south,standard,1165.3
10,10.73,13112.0,0.14,1,1.032,west,standard,928.9
11,46.77,11863.0,0.077,1,0.824,north,premium,1247.6
1,40.22,11522.0,0.17,0,0.794,east,premium,1159.0
9,28.03,11421.0,0.124,0,0.96,south,standard,886.4
10,26.67,12003.0,0.063,0,0.945,north,premium,923.7
7,39.44,10531.0,0.102,0,1.0,south,standard,843.3
12,22.62,9079.0,0.132,0,0.904,west,standard,804.3
2,40.33,13531.0,0.167,0,1.071,north,basic,1173.4
3,24.53,11442.0,0.112,1,1.022,west,basic,991.9
9,29.48,11572.0,0.018,0,0.96,west,premium,898.4
9,46.21,12316.0,0.069,0,1.068,west,premium,1090.7
11,32.44,6232.0,0.053,0,0.903,north,standard,649.5
11,43.54,13833.0,0.124,1,0.999,east,standard,1196.2
9,53.32,17067.0,0.113,0,1.086,east,standard,1355.9
1,21.12,7134.0,0.095,0,0.917,north,basic,686.8
5,35.87,12074.0,0.155,0,1.147,north,premium,1016.5
