门店面积_平米,日均客流量,员工人数,促销投入_千元,线上订单占比,商圈类型,城市级别,开业年限,会员销售占比,月营业额_万元
191.7,869.0,38,4.37,0.292,社区商圈,一线,8,0.147,108.85
161.7,428.0,28,2.84,0.182,核心商圈,一线,13,0.365,91.11
213.3,192.0,8,5.59,0.176,核心商圈,新一线,4,0.387,68.15
122.9,679.0,41,3.06,0.288,社区商圈,二线,15,0.26,90.86
148.4,489.0,10,10.81,0.071,核心商圈,一线,2,0.335,104.61
109.3,447.0,9,3.32,0.113,社区商圈,三线,15,0.183,45.65
80.4,810.0,41,9.64,0.289,交通枢纽,二线,2,0.587,119.27
150.9,649.0,21,5.99,0.354,校园商圈,二线,14,0.245,89.01
62.0,487.0,23,5.17,0.195,核心商圈,二线,6,0.352,73.9
105.4,345.0,19,4.33,0.205,校园商圈,新一线,10,0.241,68.05
122.9,581.0,22,5.99,0.338,社区商圈,二线,12,0.03,76.86
254.0,669.0,19,5.09,0.379,校园商圈,新一线,1,0.548,104.69
189.4,485.0,20,7.93,0.157,校园商圈,二线,13,0.607,72.71
131.3,595.0,15,7.95,0.208,校园商圈,一线,6,0.346,83.64
212.9,418.0,27,5.62,0.178,核心商圈,一线,5,0.599,93.92
220.8,214.0,18,7.16,0.259,核心商圈,一线,7,0.492,89.65
243.6,375.0,21,1.77,0.105,核心商圈,新一线,7,0.278,79.1
56.4,666.0,31,2.59,0.163,交通枢纽,一线,8,0.266,90.44
191.2,469.0,37,5.82,0.515,核心商圈,二线,5,0.125,108.07
217.7,329.0,23,6.92,0.215,交通枢纽,三线,6,0.467,86.67
94.9,507.0,34,4.23,0.384,社区商圈,新一线,12,0.229,83.39
91.7,742.0,39,4.92,0.4,社区商圈,新一线,3,0.27,96.28
147.0,693.0,25,0.34,0.454,社区商圈,新一线,4,0.723,85.25
143.8,414.0,22,4.95,0.426,交通枢纽,新一线,7,0.431,95.02
100.3,575.0,7,3.79,0.054,交通枢纽,新一线,3,0.482,69.75
203.8,689.0,10,8.58,0.031,交通枢纽,新一线,6,0.217,90.2
128.0,374.0,31,1.95,0.131,社区商圈,一线,14,0.111,82.19
111.0,888.0,4,4.54,0.151,交通枢纽,二线,4,0.531,73.56
211.0,549.0,36,5.16,0.281,交通枢纽,二线,12,0.826,104.75
181.6,706.0,28,9.37,0.09,核心商圈,二线,8,0.278,96.8
183.5,682.0,33,5.76,0.191,核心商圈,新一线,11,0.531,112.47
179.7,586.0,33,3.67,0.032,交通枢纽,新一线,14,0.151,96.34
145.7,313.0,23,7.25,0.283,社区商圈,三线,14,0.357,69.38
194.2,214.0,24,1.74,0.018,社区商圈,三线,10,0.225,57.59
197.2,682.0,41,4.57,0.188,社区商圈,二线,11,0.42,98.07
102.5,155.0,28,5.81,0.01,交通枢纽,二线,5,0.709,84.38
138.0,111.0,38,1.84,0.042,社区商圈,二线,2,0.41,67.95
152.0,874.0,20,5.14,0.149,社区商圈,新一线,7,0.418,79.37
66.5,426.0,14,6.12,0.441,社区商圈,新一线,12,0.528,68.97
140.1,786.0,22,7.75,0.35,核心商圈,二线,6,0.235,105.05
100.7,143.0,21,4.58,0.094,社区商圈,三线,7,0.489,57.46
191.8,515.0,39,7.4,0.402,核心商圈,一线,2,0.35,123.83
126.1,488.0,18,3.81,0.14,交通枢纽,二线,12,0.442,69.01
89.4,307.0,35,9.0,0.177,校园商圈,三线,10,0.499,73.84
160.2,890.0,21,2.66,0.224,社区商圈,新一线,15,0.364,90.21
220.5,470.0,24,5.33,0.268,社区商圈,二线,4,0.363,83.39
212.1,584.0,32,6.31,0.257,核心商圈,一线,5,0.585,121.94
35.0,449.0,15,7.59,0.081,社区商圈,三线,1,0.457,68.97
245.9,311.0,16,5.47,0.422,社区商圈,一线,15,0.486,70.04
142.6,641.0,26,4.51,0.17,交通枢纽,三线,13,0.722,82.2
157.4,690.0,14,5.16,0.226,核心商圈,新一线,13,0.282,83.24
112.1,461.0,17,7.38,0.362,校园商圈,二线,4,0.414,69.86
125.0,542.0,17,0.92,0.373,交通枢纽,三线,14,0.532,78.99
315.8,418.0,7,8.49,0.424,社区商圈,二线,9,0.197,96.23
83.8,708.0,32,0.39,0.478,社区商圈,一线,4,0.564,89.39
113.5,451.0,12,5.72,0.359,核心商圈,新一线,6,0.301,76.45
174.3,663.0,25,2.35,0.326,交通枢纽,新一线,10,0.404,97.99
129.2,627.0,14,8.87,0.252,交通枢纽,二线,2,0.289,88.58
125.0,207.0,29,4.09,0.358,社区商圈,一线,7,0.429,72.36
55.0,512.0,8,3.93,0.324,社区商圈,三线,2,0.473,55.63
108.8,564.0,23,8.7,0.336,核心商圈,二线,7,0.555,108.65
179.8,382.0,41,6.08,0.44,社区商圈,新一线,13,0.391,98.5
222.6,725.0,29,3.49,0.51,交通枢纽,三线,13,0.559,98.94
158.4,616.0,20,7.56,0.358,核心商圈,新一线,12,0.157,101.37
239.1,821.0,28,4.89,0.382,校园商圈,二线,8,0.359,101.03
208.8,304.0,9,8.56,0.412,社区商圈,新一线,6,0.381,83.57
140.8,478.0,7,6.93,0.077,交通枢纽,二线,14,0.46,72.81
139.6,464.0,31,7.26,0.108,校园商圈,二线,5,0.465,88.05
137.3,651.0,39,8.39,0.126,社区商圈,三线,11,0.674,104.99
149.0,460.0,7,0.2,0.397,交通枢纽,三线,12,0.29,56.65
160.5,665.0,27,4.01,0.375,社区商圈,二线,7,0.526,87.55
261.9,951.0,36,3.53,0.363,校园商圈,二线,8,0.361,117.71
168.5,424.0,12,4.4,0.394,核心商圈,三线,15,0.424,75.07
186.9,498.0,40,3.54,0.318,社区商圈,一线,15,0.304,90.02
213.0,723.0,31,9.1,0.012,社区商圈,二线,8,0.458,103.92
187.5,299.0,16,6.1,0.345,核心商圈,二线,11,0.597,91.33
193.1,547.0,7,7.23,0.379,社区商圈,二线,5,0.656,70.33
260.6,328.0,33,8.96,0.265,社区商圈,新一线,2,0.195,101.99
180.1,419.0,21,7.26,0.325,社区商圈,二线,1,0.321,95.43
160.6,722.0,35,0.73,0.26,核心商圈,新一线,6,0.403,102.69
284.7,752.0,38,6.34,0.389,核心商圈,三线,3,0.272,124.15
202.4,480.0,13,5.31,0.199,校园商圈,二线,15,0.37,68.87
253.0,427.0,23,3.87,0.01,社区商圈,二线,7,0.368,76.07
91.9,750.0,41,2.91,0.187,校园商圈,新一线,10,0.467,92.96
174.7,301.0,10,5.45,0.059,社区商圈,二线,5,0.411,54.34
117.7,502.0,5,6.6,0.435,交通枢纽,二线,4,0.71,74.22
169.2,607.0,35,3.35,0.38,交通枢纽,新一线,5,0.369,113.47
105.3,229.0,10,6.5,0.133,社区商圈,一线,13,0.398,67.36
113.4,524.0,17,7.9,0.295,校园商圈,三线,14,0.696,79.1
210.2,464.0,33,4.76,0.033,社区商圈,三线,2,0.172,87.87
197.1,433.0,15,6.08,0.348,校园商圈,新一线,10,0.08,73.6
196.6,351.0,35,8.57,0.202,校园商圈,二线,2,0.293,94.96
215.3,551.0,16,10.22,0.169,交通枢纽,三线,9,0.493,107.03
121.4,814.0,5,3.77,0.208,社区商圈,二线,3,0.274,59.71
222.4,844.0,30,3.9,0.323,核心商圈,三线,1,0.372,115.84
50.5,915.0,18,7.81,0.386,核心商圈,新一线,7,0.114,97.6
185.5,328.0,37,1.84,0.422,交通枢纽,一线,11,0.304,88.33
196.8,347.0,8,5.33,0.197,社区商圈,一线,13,0.408,75.63
216.9,764.0,33,6.94,0.346,社区商圈,二线,3,0.474,113.98
212.8,484.0,6,9.78,0.127,社区商圈,新一线,10,0.346,78.33
133.8,669.0,27,10.29,0.333,校园商圈,二线,3,0.348,101.05
189.7,345.0,34,6.25,0.466,交通枢纽,三线,14,0.506,96.53
156.9,368.0,27,4.8,0.178,社区商圈,三线,15,0.585,83.22
141.9,314.0,10,5.79,0.086,校园商圈,一线,13,0.357,66.25
105.8,204.0,10,8.45,0.245,交通枢纽,新一线,1,0.547,77.94
158.9,587.0,39,3.29,0.103,交通枢纽,新一线,3,0.45,98.94
97.8,487.0,19,5.61,0.216,交通枢纽,新一线,4,0.404,80.25
208.1,533.0,21,4.34,0.392,核心商圈,三线,11,0.518,97.13
110.3,460.0,39,6.89,0.372,核心商圈,一线,12,0.313,100.68
147.6,549.0,37,9.26,0.209,交通枢纽,二线,10,0.168,111.7
50.2,590.0,7,2.61,0.446,核心商圈,二线,13,0.397,59.74
159.7,613.0,30,5.25,0.395,核心商圈,二线,11,0.514,99.3
181.0,391.0,27,6.94,0.11,社区商圈,二线,10,0.424,87.15
113.6,536.0,34,5.5,0.243,交通枢纽,三线,9,0.473,85.94
156.2,397.0,25,8.8,0.36,社区商圈,新一线,8,0.347,93.83
52.8,148.0,27,5.32,0.453,核心商圈,三线,8,0.385,69.69
192.1,144.0,36,4.53,0.225,交通枢纽,新一线,2,0.503,106.29
123.9,611.0,37,7.44,0.335,校园商圈,二线,14,0.03,94.37
207.9,566.0,17,7.35,0.403,社区商圈,新一线,10,0.703,99.18
170.5,885.0,18,8.16,0.275,交通枢纽,新一线,7,0.588,106.05
265.2,439.0,30,7.4,0.238,交通枢纽,二线,3,0.437,114.31
131.5,819.0,17,4.78,0.075,社区商圈,二线,3,0.224,78.8
269.4,450.0,26,6.32,0.543,社区商圈,新一线,11,0.652,110.33
306.5,549.0,4,5.47,0.328,校园商圈,新一线,7,0.479,88.11
207.5,692.0,29,5.92,0.405,社区商圈,新一线,1,0.183,112.88
142.1,791.0,29,3.66,0.364,交通枢纽,二线,14,0.477,98.88
207.4,365.0,38,1.33,0.297,校园商圈,二线,9,0.134,80.96
224.9,442.0,13,6.04,0.471,校园商圈,三线,2,0.186,78.37
171.3,412.0,25,5.08,0.186,核心商圈,新一线,7,0.62,94.97
186.6,671.0,9,7.69,0.094,交通枢纽,一线,3,0.537,85.61
250.4,353.0,40,5.34,0.206,核心商圈,三线,7,0.356,107.79
212.9,529.0,33,3.39,0.252,校园商圈,一线,8,0.471,100.6
171.5,675.0,39,2.51,0.103,校园商圈,二线,2,0.411,104.1
237.4,392.0,7,1.5,0.208,校园商圈,三线,6,0.143,55.84
221.1,368.0,28,7.47,0.307,社区商圈,一线,8,0.391,95.02
238.6,210.0,8,7.92,0.473,交通枢纽,新一线,11,0.467,67.13
109.1,515.0,20,5.17,0.178,交通枢纽,一线,3,0.38,84.23
147.7,549.0,36,6.96,0.274,核心商圈,二线,2,0.255,113.49
153.5,713.0,13,9.44,0.2,社区商圈,一线,2,0.468,103.75
138.7,311.0,12,6.13,0.218,社区商圈,新一线,6,0.761,75.91
124.3,397.0,22,6.3,0.307,社区商圈,二线,6,0.323,76.04
102.7,677.0,7,5.11,0.325,交通枢纽,一线,4,0.238,70.63
207.8,636.0,8,3.76,0.482,社区商圈,一线,13,0.401,82.22
99.5,439.0,24,5.33,0.295,交通枢纽,二线,8,0.266,84.29
222.3,474.0,28,1.98,0.011,校园商圈,新一线,15,0.407,76.55
85.4,724.0,33,9.99,0.233,交通枢纽,二线,9,0.537,95.28
172.9,124.0,5,5.69,0.093,社区商圈,二线,9,0.479,54.25
75.4,611.0,25,2.06,0.449,社区商圈,三线,5,0.399,78.37
201.2,588.0,9,3.25,0.16,交通枢纽,二线,9,0.563,74.32
252.6,417.0,39,3.65,0.01,社区商圈,三线,3,0.439,95.16
188.9,415.0,38,5.87,0.515,交通枢纽,三线,11,0.443,106.21
162.5,635.0,39,3.13,0.291,校园商圈,新一线,13,0.586,107.78
87.6,149.0,14,7.31,0.307,社区商圈,二线,9,0.135,59.62
179.9,176.0,32,4.23,0.333,核心商圈,新一线,15,0.337,70.3
195.0,441.0,10,9.21,0.269,社区商圈,新一线,14,0.563,85.07
237.5,548.0,13,0.48,0.036,校园商圈,新一线,14,0.285,69.29
148.6,365.0,25,5.36,0.306,社区商圈,一线,2,0.177,109.19
222.8,519.0,33,6.47,0.279,校园商圈,新一线,6,0.097,92.32
151.0,345.0,24,8.08,0.333,社区商圈,新一线,10,0.407,79.46
89.6,665.0,11,5.62,0.422,社区商圈,三线,2,0.269,78.01
35.0,125.0,18,5.4,0.235,校园商圈,新一线,13,0.188,31.35
132.0,621.0,23,7.38,0.11,社区商圈,二线,3,0.106,84.01
164.1,498.0,4,4.87,0.146,核心商圈,三线,5,0.551,77.43
141.4,965.0,24,4.61,0.442,社区商圈,新一线,1,0.471,108.12
64.6,547.0,11,6.77,0.155,核心商圈,三线,1,0.347,80.71
180.8,230.0,31,9.62,0.252,交通枢纽,三线,5,0.392,93.73
191.5,522.0,18,3.97,0.171,校园商圈,二线,12,0.474,72.14
135.9,606.0,41,2.93,0.23,校园商圈,三线,9,0.376,99.22
175.9,633.0,25,4.97,0.323,社区商圈,二线,10,0.318,88.84
145.8,313.0,37,3.94,0.415,社区商圈,一线,10,0.124,82.76
127.7,572.0,18,5.88,0.305,校园商圈,一线,1,0.48,86.25
190.3,472.0,14,6.11,0.372,核心商圈,二线,11,0.666,90.96
174.7,396.0,33,11.3,0.105,校园商圈,二线,9,0.591,111.02
35.0,347.0,29,11.77,0.137,核心商圈,三线,5,0.321,86.52
243.4,383.0,15,3.7,0.241,核心商圈,新一线,6,0.839,91.35
151.4,473.0,21,4.45,0.347,交通枢纽,新一线,4,0.459,86.49
144.1,558.0,31,0.57,0.01,社区商圈,新一线,11,0.387,76.26
133.3,770.0,32,2.54,0.179,核心商圈,三线,13,0.659,94.2
131.0,551.0,13,1.68,0.489,社区商圈,一线,13,0.553,73.85
150.3,429.0,17,3.41,0.403,校园商圈,三线,11,0.382,63.79
194.0,470.0,39,5.87,0.186,交通枢纽,一线,7,0.291,108.99
263.1,669.0,20,6.97,0.225,校园商圈,二线,12,0.607,92.19
231.3,580.0,12,8.44,0.421,社区商圈,新一线,11,0.297,103.44
250.2,319.0,36,5.89,0.184,交通枢纽,一线,5,0.354,109.22
215.9,431.0,14,5.45,0.063,交通枢纽,新一线,13,0.515,86.07
218.1,653.0,33,5.57,0.283,交通枢纽,二线,14,0.676,113.09
119.4,290.0,9,2.58,0.213,社区商圈,二线,3,0.351,52.15
169.0,266.0,20,4.23,0.088,校园商圈,二线,13,0.479,50.96
90.6,292.0,39,9.47,0.247,交通枢纽,三线,6,0.491,104.33
141.8,389.0,8,5.15,0.191,交通枢纽,三线,10,0.431,54.78
251.4,219.0,38,8.0,0.128,交通枢纽,二线,4,0.295,91.89
103.6,700.0,31,4.13,0.126,核心商圈,三线,8,0.53,84.39
143.5,504.0,26,5.67,0.233,校园商圈,二线,1,0.573,87.96
141.1,546.0,41,7.61,0.234,交通枢纽,新一线,6,0.439,108.84
170.0,471.0,27,2.9,0.379,交通枢纽,三线,6,0.492,75.67
209.4,782.0,25,8.94,0.296,校园商圈,三线,9,0.46,115.59
159.0,480.0,32,5.09,0.107,社区商圈,三线,5,0.499,106.79
125.8,574.0,40,3.99,0.2,校园商圈,三线,2,0.57,93.68
123.6,491.0,23,4.55,0.285,交通枢纽,一线,13,0.543,84.85
220.4,751.0,40,6.24,0.356,社区商圈,新一线,5,0.174,116.6
125.9,573.0,33,7.06,0.28,核心商圈,三线,5,0.545,100.17
36.1,670.0,19,6.44,0.343,交通枢纽,二线,11,0.446,73.42
116.5,796.0,31,0.68,0.521,核心商圈,一线,13,0.143,95.03
130.5,412.0,8,6.7,0.3,社区商圈,二线,7,0.37,74.67
216.5,305.0,18,1.95,0.229,交通枢纽,二线,15,0.422,64.77
219.5,607.0,35,3.27,0.123,核心商圈,新一线,6,0.315,99.24
215.1,505.0,14,3.93,0.336,校园商圈,二线,2,0.29,80.75
166.4,563.0,19,8.76,0.572,社区商圈,一线,3,0.303,95.66
83.2,486.0,15,4.11,0.497,核心商圈,三线,2,0.598,84.12
109.4,333.0,37,7.64,0.445,社区商圈,新一线,12,0.421,96.99
182.4,471.0,25,1.26,0.01,交通枢纽,二线,9,0.395,73.38
141.9,157.0,26,6.72,0.319,社区商圈,三线,7,0.882,75.56
105.0,592.0,40,4.94,0.53,社区商圈,三线,3,0.364,98.63
221.6,826.0,22,5.11,0.368,交通枢纽,一线,9,0.443,100.49
180.5,553.0,19,8.42,0.25,社区商圈,二线,6,0.602,93.48
173.0,447.0,5,6.99,0.301,交通枢纽,二线,7,0.404,87.39
156.2,677.0,30,6.18,0.111,交通枢纽,二线,7,0.548,104.65
233.1,432.0,27,4.49,0.338,交通枢纽,三线,13,0.266,83.45
131.9,558.0,4,7.52,0.321,社区商圈,新一线,11,0.569,88.21
160.5,695.0,21,2.55,0.282,社区商圈,一线,13,0.131,80.4
55.8,657.0,40,4.5,0.29,交通枢纽,三线,1,0.222,102.17
100.5,461.0,15,6.78,0.01,社区商圈,二线,14,0.331,70.93
131.8,376.0,32,6.09,0.213,社区商圈,二线,1,0.513,92.73
139.1,339.0,41,1.64,0.319,社区商圈,二线,9,0.447,86.82
227.5,315.0,9,4.05,0.398,交通枢纽,新一线,10,0.284,77.22
162.0,382.0,36,9.2,0.373,校园商圈,二线,7,0.065,99.89
229.5,525.0,23,6.3,0.01,交通枢纽,新一线,2,0.255,99.23
206.3,589.0,30,2.86,0.399,交通枢纽,二线,5,0.36,85.13
226.6,486.0,4,8.2,0.411,核心商圈,二线,2,0.427,88.2
135.2,607.0,21,2.16,0.189,社区商圈,三线,14,0.362,67.12
168.5,424.0,7,2.89,0.421,交通枢纽,新一线,14,0.824,73.28
85.0,602.0,10,2.85,0.206,社区商圈,二线,6,0.268,62.76
169.6,587.0,15,8.91,0.28,交通枢纽,三线,7,0.486,92.97
35.0,559.0,26,6.76,0.186,核心商圈,新一线,13,0.502,93.14
199.1,544.0,13,4.7,0.358,校园商圈,三线,12,0.319,76.45
154.1,614.0,22,3.0,0.511,交通枢纽,一线,8,0.315,98.22
251.9,190.0,21,3.64,0.274,交通枢纽,新一线,11,0.421,72.42
176.5,501.0,40,8.42,0.173,社区商圈,三线,11,0.03,89.99
172.8,568.0,14,6.66,0.57,交通枢纽,三线,2,0.03,82.09
60.1,544.0,8,3.76,0.456,核心商圈,新一线,11,0.454,78.57
153.9,530.0,14,6.56,0.379,社区商圈,三线,15,0.6,79.28
171.5,876.0,34,3.43,0.097,核心商圈,一线,5,0.52,115.06
143.9,642.0,17,2.63,0.263,交通枢纽,新一线,4,0.278,94.48
180.2,360.0,7,4.8,0.313,校园商圈,二线,13,0.376,63.39
177.6,387.0,40,5.13,0.226,交通枢纽,新一线,15,0.312,104.87
92.4,504.0,14,10.98,0.193,社区商圈,三线,6,0.442,73.92
240.3,563.0,26,2.45,0.377,校园商圈,新一线,6,0.535,85.85
117.8,524.0,37,8.96,0.354,交通枢纽,一线,8,0.265,113.8
71.7,225.0,19,8.06,0.442,社区商圈,二线,2,0.372,78.72
167.7,641.0,24,5.32,0.202,核心商圈,二线,7,0.432,92.38
115.7,555.0,10,4.46,0.212,交通枢纽,三线,4,0.401,68.78
171.3,304.0,5,5.71,0.245,核心商圈,新一线,12,0.195,60.4
281.4,655.0,15,3.75,0.304,交通枢纽,新一线,10,0.714,97.21
154.5,828.0,28,8.89,0.516,校园商圈,一线,7,0.646,129.99
154.6,566.0,26,3.53,0.154,社区商圈,二线,14,0.797,71.92
71.3,429.0,32,6.55,0.263,校园商圈,新一线,12,0.213,79.69
168.6,677.0,32,5.13,0.191,核心商圈,一线,11,0.317,119.01
109.7,286.0,23,5.8,0.326,交通枢纽,三线,11,0.535,92.0
57.3,685.0,11,5.73,0.36,交通枢纽,三线,3,0.468,86.74
179.8,408.0,41,9.04,0.219,社区商圈,二线,6,0.305,105.59
257.9,519.0,4,7.08,0.01,交通枢纽,三线,3,0.442,70.25
180.6,679.0,21,1.12,0.025,交通枢纽,二线,11,0.455,82.0
239.4,880.0,33,6.63,0.331,核心商圈,新一线,12,0.471,116.97
106.9,446.0,5,4.87,0.199,交通枢纽,新一线,1,0.307,69.09
79.1,375.0,5,0.2,0.486,交通枢纽,新一线,15,0.645,54.08
164.7,335.0,39,5.65,0.31,社区商圈,三线,13,0.682,91.4
135.6,581.0,8,3.48,0.469,校园商圈,新一线,15,0.083,60.06
196.0,610.0,31,1.76,0.294,社区商圈,一线,4,0.204,97.3
199.7,393.0,32,6.42,0.143,社区商圈,新一线,1,0.592,106.89
264.1,430.0,23,11.93,0.237,核心商圈,新一线,2,0.747,123.61
175.4,269.0,41,3.41,0.3,校园商圈,一线,15,0.381,98.56
147.6,518.0,24,4.39,0.28,交通枢纽,新一线,10,0.719,94.75
170.1,532.0,30,2.66,0.488,校园商圈,新一线,4,0.342,105.43
173.3,664.0,21,7.95,0.357,核心商圈,一线,8,0.635,112.43
252.3,524.0,14,7.91,0.49,交通枢纽,新一线,4,0.641,112.38
105.2,377.0,38,4.05,0.22,交通枢纽,一线,7,0.751,96.59
201.6,693.0,12,5.55,0.453,社区商圈,新一线,7,0.454,92.92
178.1,494.0,33,1.69,0.488,社区商圈,二线,7,0.492,90.71
155.0,635.0,39,3.99,0.084,社区商圈,新一线,8,0.223,81.7
132.0,383.0,37,7.83,0.478,社区商圈,新一线,10,0.59,111.35
153.7,558.0,24,2.06,0.141,社区商圈,二线,10,0.29,70.98
175.8,784.0,7,8.75,0.641,交通枢纽,三线,7,0.266,102.96
140.8,786.0,29,9.24,0.188,社区商圈,一线,11,0.823,117.59
197.0,609.0,33,5.43,0.264,社区商圈,二线,14,0.452,91.46
98.1,617.0,14,5.21,0.327,社区商圈,二线,6,0.325,67.9
247.5,710.0,33,6.28,0.201,核心商圈,三线,7,0.46,119.61
237.4,542.0,18,11.46,0.139,交通枢纽,二线,2,0.296,104.38
159.7,356.0,40,3.16,0.482,交通枢纽,三线,9,0.479,93.29
138.3,285.0,28,6.2,0.271,交通枢纽,二线,12,0.914,90.4
203.5,483.0,14,3.36,0.157,社区商圈,新一线,5,0.623,81.67
140.9,616.0,9,4.61,0.251,核心商圈,二线,13,0.181,63.97
125.6,255.0,21,2.47,0.238,社区商圈,二线,11,0.64,65.38
181.9,487.0,32,8.46,0.163,交通枢纽,三线,11,0.222,89.08
145.9,497.0,15,5.48,0.417,交通枢纽,三线,11,0.329,81.2
184.2,415.0,33,6.92,0.432,社区商圈,三线,2,0.274,101.48
190.7,80.0,39,5.29,0.255,核心商圈,三线,2,0.161,83.27
174.5,692.0,4,5.89,0.362,校园商圈,新一线,2,0.479,78.36
36.8,1008.0,11,8.66,0.308,核心商圈,二线,6,0.308,106.84
163.3,591.0,13,4.59,0.295,核心商圈,一线,11,0.487,88.37
85.2,514.0,8,2.45,0.38,核心商圈,一线,5,0.425,89.03
200.3,789.0,32,4.86,0.476,核心商圈,二线,3,0.579,117.78
195.2,513.0,34,4.4,0.352,核心商圈,三线,14,0.217,89.03
209.0,570.0,18,3.12,0.267,核心商圈,新一线,12,0.291,85.55
278.0,510.0,14,2.99,0.196,交通枢纽,一线,7,0.566,87.01
144.1,404.0,35,5.16,0.067,校园商圈,一线,9,0.191,79.73
105.0,89.0,40,7.53,0.625,社区商圈,一线,3,0.272,99.85
174.7,774.0,30,6.03,0.01,交通枢纽,二线,9,0.637,107.27
126.5,575.0,6,2.9,0.335,交通枢纽,一线,14,0.424,72.78
51.3,522.0,15,5.1,0.138,校园商圈,二线,13,0.345,56.92
221.8,367.0,31,4.41,0.201,核心商圈,一线,15,0.376,80.3
137.5,654.0,8,7.85,0.241,核心商圈,三线,5,0.084,77.46
123.4,783.0,10,7.11,0.074,核心商圈,三线,2,0.271,87.26
143.8,237.0,8,5.57,0.357,校园商圈,三线,2,0.427,58.03
107.1,518.0,17,3.65,0.525,社区商圈,三线,8,0.401,63.5
271.8,760.0,10,6.12,0.329,校园商圈,二线,11,0.451,86.09
153.9,631.0,22,6.79,0.28,社区商圈,新一线,10,0.534,93.88
130.8,571.0,37,3.91,0.209,社区商圈,一线,1,0.616,100.33
140.0,562.0,8,2.31,0.186,交通枢纽,新一线,11,0.252,72.14
103.7,545.0,34,6.13,0.239,社区商圈,二线,7,0.485,82.62
102.9,276.0,15,6.39,0.327,校园商圈,一线,8,0.452,71.25
174.7,858.0,15,3.1,0.322,核心商圈,一线,5,0.441,102.37
194.0,206.0,29,7.78,0.375,社区商圈,三线,12,0.278,66.42
171.1,506.0,29,8.42,0.213,校园商圈,三线,2,0.513,89.31
192.1,524.0,26,2.19,0.234,社区商圈,三线,12,0.368,73.33
176.1,496.0,10,4.66,0.484,交通枢纽,一线,3,0.43,79.63
188.3,342.0,28,2.67,0.378,交通枢纽,二线,9,0.28,92.43
129.5,557.0,33,1.88,0.317,社区商圈,三线,13,0.397,74.2
201.0,1019.0,6,2.87,0.186,交通枢纽,一线,7,0.274,95.33
131.4,728.0,36,4.17,0.01,社区商圈,一线,12,0.298,97.97
80.0,470.0,25,4.34,0.25,核心商圈,三线,8,0.312,77.03
199.8,508.0,20,5.28,0.328,交通枢纽,二线,13,0.442,87.73
140.8,662.0,36,5.49,0.327,校园商圈,三线,11,0.141,102.31
250.9,321.0,23,5.56,0.232,校园商圈,二线,15,0.658,81.12
167.7,419.0,14,2.03,0.158,核心商圈,三线,7,0.413,79.81
115.6,652.0,17,4.11,0.297,社区商圈,二线,3,0.531,87.8
67.3,589.0,38,4.65,0.434,核心商圈,新一线,14,0.35,117.13
212.3,526.0,28,5.29,0.06,核心商圈,一线,2,0.463,104.73
127.0,465.0,17,6.93,0.345,校园商圈,一线,5,0.501,87.91
164.0,466.0,32,4.86,0.029,核心商圈,一线,4,0.456,99.94
160.9,786.0,27,10.06,0.325,核心商圈,新一线,15,0.369,111.67
175.4,490.0,22,8.55,0.189,交通枢纽,二线,7,0.339,90.44
219.4,603.0,14,4.21,0.422,核心商圈,新一线,1,0.494,108.15
126.0,631.0,29,9.7,0.151,交通枢纽,新一线,12,0.418,104.63
142.1,627.0,29,4.11,0.167,核心商圈,三线,9,0.584,98.54
82.0,318.0,40,2.05,0.12,校园商圈,新一线,12,0.522,86.37
241.1,291.0,8,6.88,0.319,核心商圈,新一线,4,0.356,95.29
138.7,387.0,31,7.13,0.324,社区商圈,二线,4,0.497,94.42
96.0,533.0,41,4.36,0.507,社区商圈,新一线,12,0.458,98.86
118.4,1038.0,17,2.93,0.459,社区商圈,一线,5,0.274,95.43
188.7,800.0,31,7.44,0.234,交通枢纽,二线,4,0.381,99.23
218.9,705.0,27,1.33,0.176,核心商圈,一线,12,0.234,116.34
146.9,869.0,40,5.64,0.27,核心商圈,新一线,7,0.466,127.11
92.5,469.0,10,6.73,0.268,核心商圈,二线,5,0.468,88.52
152.1,679.0,26,5.05,0.24,社区商圈,二线,8,0.395,87.1
146.2,632.0,18,6.79,0.136,社区商圈,新一线,10,0.717,81.83
133.6,592.0,21,8.15,0.139,校园商圈,新一线,4,0.203,90.79
133.4,548.0,41,2.83,0.144,社区商圈,三线,3,0.669,82.57
209.1,716.0,39,7.87,0.274,交通枢纽,新一线,11,0.41,122.52
109.3,347.0,9,5.77,0.313,交通枢纽,三线,7,0.346,56.48
144.6,364.0,6,0.79,0.353,核心商圈,二线,1,0.531,67.84
173.6,718.0,7,2.76,0.304,交通枢纽,三线,5,0.15,67.31
94.4,405.0,6,6.78,0.339,社区商圈,二线,1,0.416,77.79
173.9,472.0,4,3.32,0.263,社区商圈,二线,4,0.879,69.79
184.4,522.0,4,3.72,0.145,社区商圈,新一线,13,0.527,58.7
168.6,626.0,7,5.61,0.404,社区商圈,一线,5,0.323,88.36
227.6,688.0,24,4.69,0.148,社区商圈,新一线,12,0.664,92.16
98.0,607.0,27,9.9,0.243,社区商圈,新一线,13,0.55,102.1
243.0,352.0,22,8.25,0.246,核心商圈,一线,8,0.441,92.94
220.1,607.0,36,2.69,0.261,社区商圈,一线,12,0.232,99.73
196.3,344.0,22,6.67,0.196,核心商圈,一线,15,0.03,103.07
175.5,467.0,32,5.89,0.159,社区商圈,二线,5,0.498,99.3
168.8,383.0,9,2.13,0.326,交通枢纽,二线,3,0.457,81.46
134.0,682.0,18,3.24,0.359,社区商圈,三线,2,0.463,89.54
156.3,667.0,24,5.24,0.265,核心商圈,二线,13,0.579,107.92
155.6,335.0,39,6.86,0.252,核心商圈,二线,1,0.21,93.62
151.1,510.0,31,5.22,0.36,社区商圈,二线,2,0.264,88.22
169.3,593.0,33,4.93,0.047,社区商圈,新一线,11,0.553,86.19
138.5,686.0,32,8.35,0.378,核心商圈,三线,15,0.276,105.78
98.1,517.0,23,2.05,0.173,社区商圈,一线,4,0.142,82.13
71.6,599.0,4,7.83,0.333,社区商圈,新一线,12,0.255,68.11
155.1,507.0,22,3.71,0.197,社区商圈,二线,7,0.472,79.53
142.1,212.0,38,5.9,0.377,校园商圈,二线,6,0.362,76.87
89.4,689.0,8,2.13,0.357,社区商圈,一线,14,0.248,68.7
161.8,747.0,34,7.26,0.344,社区商圈,二线,14,0.665,107.34
133.6,651.0,34,7.38,0.136,社区商圈,三线,5,0.639,101.06
259.1,315.0,11,2.48,0.271,社区商圈,三线,14,0.521,58.44
85.0,551.0,29,6.58,0.412,社区商圈,新一线,14,0.735,82.18
234.8,407.0,21,7.63,0.269,社区商圈,新一线,2,0.641,91.17
269.1,484.0,8,9.7,0.463,校园商圈,一线,5,0.375,88.64
80.1,644.0,16,5.16,0.154,交通枢纽,三线,9,0.03,71.58
114.5,420.0,6,3.75,0.296,核心商圈,一线,13,0.224,71.07
294.4,930.0,29,1.85,0.252,核心商圈,新一线,1,0.38,123.49
35.0,739.0,33,1.6,0.663,交通枢纽,新一线,11,0.597,92.12
189.5,798.0,7,5.16,0.204,社区商圈,新一线,1,0.438,89.58
177.8,747.0,19,4.53,0.278,社区商圈,三线,10,0.426,81.73
170.9,307.0,18,8.84,0.239,社区商圈,新一线,11,0.392,74.63
59.4,609.0,20,4.68,0.319,核心商圈,一线,9,0.707,85.78
131.0,548.0,4,10.12,0.452,交通枢纽,一线,14,0.234,82.34
165.4,428.0,23,3.15,0.502,社区商圈,一线,8,0.316,91.56
216.8,677.0,11,6.03,0.01,核心商圈,一线,12,0.366,93.57
86.2,361.0,29,6.89,0.327,核心商圈,新一线,14,0.565,90.67
184.2,329.0,7,2.85,0.356,核心商圈,一线,14,0.263,71.65
114.0,744.0,30,5.02,0.092,校园商圈,三线,7,0.335,81.15
203.3,576.0,20,7.36,0.357,核心商圈,二线,14,0.606,100.55
135.8,386.0,7,3.94,0.15,核心商圈,一线,4,0.301,79.48
81.6,354.0,37,6.23,0.14,交通枢纽,二线,13,0.466,73.53
126.0,651.0,34,7.66,0.01,校园商圈,新一线,14,0.735,89.97
88.9,451.0,10,8.58,0.364,校园商圈,新一线,13,0.417,84.6
138.6,437.0,8,3.26,0.495,交通枢纽,新一线,7,0.378,73.41
242.3,648.0,16,9.28,0.036,交通枢纽,一线,11,0.331,97.12
116.2,581.0,36,2.14,0.319,社区商圈,新一线,13,0.431,90.23
125.9,408.0,30,7.9,0.156,社区商圈,新一线,12,0.158,92.12
146.2,596.0,8,5.82,0.267,交通枢纽,二线,2,0.242,77.56
121.8,482.0,35,10.49,0.308,校园商圈,三线,10,0.359,98.16
128.0,531.0,15,9.87,0.421,核心商圈,二线,2,0.388,88.56
248.6,376.0,30,7.17,0.485,核心商圈,一线,9,0.455,112.24
146.7,542.0,36,6.18,0.203,交通枢纽,新一线,5,0.381,106.82
223.0,528.0,41,10.08,0.212,校园商圈,三线,1,0.361,115.23
135.5,792.0,41,9.57,0.264,核心商圈,二线,11,0.372,111.57
137.7,757.0,14,7.19,0.333,核心商圈,三线,4,0.528,94.28
155.3,76.0,29,2.91,0.19,社区商圈,三线,14,0.546,60.59
153.3,627.0,34,3.76,0.056,交通枢纽,新一线,15,0.351,96.74
126.0,792.0,29,3.59,0.329,核心商圈,三线,4,0.471,106.72
283.7,617.0,21,6.19,0.162,校园商圈,新一线,4,0.382,110.38
138.2,348.0,8,5.1,0.19,社区商圈,一线,15,0.203,62.15
109.3,873.0,6,11.15,0.238,核心商圈,三线,12,0.35,80.5
198.6,660.0,38,7.51,0.203,交通枢纽,三线,4,0.478,97.05
131.9,296.0,13,4.14,0.372,校园商圈,新一线,6,0.662,73.87
166.7,641.0,31,5.79,0.272,交通枢纽,二线,11,0.52,92.85
135.8,445.0,5,8.08,0.38,社区商圈,二线,4,0.317,71.57
203.4,471.0,25,8.73,0.287,交通枢纽,一线,6,0.364,111.12
144.5,397.0,37,6.85,0.28,核心商圈,二线,6,0.206,100.33
104.8,417.0,41,3.34,0.371,社区商圈,三线,9,0.578,90.47
124.4,801.0,16,2.32,0.313,交通枢纽,三线,12,0.345,88.86
135.2,330.0,33,5.28,0.379,核心商圈,新一线,7,0.54,79.0
249.7,425.0,41,4.03,0.121,交通枢纽,二线,13,0.819,108.4
187.3,729.0,7,2.78,0.178,交通枢纽,新一线,2,0.894,79.14
119.6,482.0,12,5.48,0.313,核心商圈,二线,9,0.65,72.61
47.9,663.0,31,5.73,0.304,核心商圈,三线,9,0.294,89.71
178.8,608.0,30,6.86,0.325,社区商圈,二线,10,0.499,97.97
214.0,211.0,41,6.03,0.167,校园商圈,三线,2,0.03,92.49
133.5,594.0,27,9.6,0.402,社区商圈,二线,6,0.48,108.68
164.9,802.0,8,1.19,0.355,交通枢纽,二线,4,0.477,76.67
133.9,530.0,29,8.74,0.2,校园商圈,一线,14,0.377,98.38
130.8,332.0,12,5.83,0.282,社区商圈,新一线,14,0.616,67.84
106.2,546.0,4,5.34,0.176,交通枢纽,三线,8,0.324,62.64
263.4,654.0,7,4.37,0.252,社区商圈,新一线,13,0.348,89.74
166.4,385.0,6,2.48,0.265,校园商圈,二线,15,0.67,50.21
41.6,459.0,22,0.2,0.448,交通枢纽,一线,6,0.53,71.62
185.2,573.0,41,3.28,0.278,校园商圈,新一线,5,0.246,102.32
168.0,541.0,15,5.94,0.279,交通枢纽,一线,9,0.33,79.53
277.5,527.0,34,7.67,0.198,社区商圈,新一线,15,0.457,112.73
170.6,467.0,33,4.87,0.196,核心商圈,二线,13,0.598,102.95
171.0,484.0,21,6.05,0.357,核心商圈,二线,6,0.243,91.89
172.0,260.0,4,4.58,0.298,核心商圈,三线,15,0.403,69.96
196.0,478.0,41,5.71,0.411,社区商圈,一线,8,0.311,111.19
100.9,250.0,38,5.05,0.356,核心商圈,二线,6,0.264,83.78
109.0,663.0,12,8.03,0.01,核心商圈,三线,10,0.502,84.93
217.8,558.0,13,4.48,0.169,社区商圈,新一线,5,0.529,83.79
225.0,782.0,7,3.51,0.108,核心商圈,二线,11,0.669,77.65
221.3,675.0,41,6.54,0.336,交通枢纽,三线,5,0.424,125.95
80.7,797.0,19,6.23,0.256,核心商圈,二线,4,0.398,108.1
210.4,670.0,31,5.6,0.269,校园商圈,新一线,9,0.522,113.61
112.9,585.0,39,1.18,0.2,社区商圈,一线,2,0.612,96.39
215.8,676.0,10,0.76,0.224,核心商圈,二线,1,0.754,87.47
167.2,663.0,41,5.81,0.21,交通枢纽,二线,1,0.528,107.76
116.5,547.0,17,4.17,0.265,交通枢纽,二线,6,0.449,67.17
235.7,524.0,40,4.42,0.44,社区商圈,二线,14,0.533,101.9
99.5,360.0,23,7.69,0.372,交通枢纽,新一线,8,0.42,89.4
153.9,718.0,23,7.79,0.088,交通枢纽,一线,15,0.634,100.72
198.4,494.0,12,4.41,0.221,核心商圈,三线,7,0.346,86.31
93.2,254.0,13,5.26,0.479,核心商圈,一线,2,0.351,75.49
295.6,412.0,39,5.3,0.461,校园商圈,新一线,10,0.505,104.65
136.9,515.0,30,0.37,0.323,交通枢纽,一线,10,0.689,94.84
64.0,201.0,9,5.16,0.402,核心商圈,二线,1,0.381,63.95
196.2,650.0,15,4.08,0.15,核心商圈,一线,13,0.395,76.87
223.3,68.0,22,11.22,0.465,核心商圈,一线,15,0.408,96.98
211.0,628.0,12,7.78,0.183,核心商圈,新一线,8,0.413,93.51
202.2,694.0,35,5.32,0.213,社区商圈,新一线,9,0.568,101.63
97.9,414.0,35,7.49,0.155,校园商圈,二线,6,0.549,81.52
297.3,626.0,39,3.77,0.073,交通枢纽,二线,2,0.655,114.93
208.7,703.0,19,4.96,0.023,社区商圈,三线,10,0.418,81.54
64.3,776.0,23,6.33,0.097,社区商圈,新一线,9,0.298,81.24
299.4,614.0,17,5.36,0.314,交通枢纽,二线,2,0.507,105.35
153.9,586.0,12,4.27,0.73,核心商圈,一线,10,0.21,88.95
211.4,370.0,25,3.42,0.26,社区商圈,二线,5,0.381,84.93
55.8,342.0,35,7.13,0.217,核心商圈,二线,14,0.436,77.81
132.8,796.0,6,2.78,0.339,社区商圈,一线,8,0.31,80.71
160.8,238.0,10,4.1,0.282,社区商圈,一线,6,0.305,71.99
90.9,730.0,40,4.22,0.34,社区商圈,新一线,4,0.539,104.0
209.7,752.0,22,10.6,0.569,社区商圈,三线,7,0.355,106.87
126.8,525.0,7,4.85,0.13,交通枢纽,二线,15,0.547,58.54
174.2,523.0,23,8.61,0.268,交通枢纽,三线,4,0.482,91.48
155.8,166.0,16,6.27,0.491,交通枢纽,一线,2,0.233,85.58
112.0,515.0,39,3.7,0.025,核心商圈,新一线,3,0.3,100.38
235.2,686.0,6,6.26,0.345,校园商圈,一线,1,0.228,101.77
229.9,448.0,9,7.44,0.035,社区商圈,三线,12,0.278,76.98
213.8,405.0,17,3.61,0.394,交通枢纽,三线,13,0.12,75.04
266.3,555.0,27,6.22,0.359,社区商圈,新一线,15,0.61,109.52
141.1,611.0,16,4.42,0.24,校园商圈,新一线,15,0.269,78.68
138.5,561.0,41,9.3,0.391,社区商圈,新一线,6,0.663,120.77
47.2,288.0,6,9.62,0.528,校园商圈,一线,6,0.168,77.38
118.8,731.0,29,10.6,0.152,核心商圈,新一线,3,0.397,106.19
198.2,721.0,31,7.6,0.121,社区商圈,新一线,2,0.601,118.33
166.1,453.0,12,8.34,0.397,交通枢纽,一线,2,0.163,94.7
157.9,479.0,25,1.91,0.244,核心商圈,一线,14,0.686,99.78
92.9,590.0,22,6.32,0.147,核心商圈,一线,8,0.273,72.59
161.9,496.0,24,9.31,0.387,交通枢纽,新一线,3,0.382,95.19
58.7,641.0,24,3.66,0.373,校园商圈,二线,2,0.376,68.3
169.2,828.0,6,5.71,0.443,交通枢纽,新一线,7,0.416,102.18
77.1,488.0,6,2.79,0.395,交通枢纽,一线,5,0.03,62.67
171.2,387.0,33,4.24,0.488,社区商圈,一线,7,0.3,87.55
159.5,210.0,5,4.84,0.284,核心商圈,一线,1,0.314,77.11
93.3,377.0,24,2.99,0.149,社区商圈,二线,2,0.402,74.42
125.7,368.0,26,11.09,0.317,交通枢纽,新一线,12,0.329,76.42
136.7,605.0,35,5.97,0.529,社区商圈,二线,13,0.543,99.59
198.2,500.0,31,3.44,0.464,校园商圈,一线,7,0.115,101.15
151.5,630.0,9,3.5,0.088,交通枢纽,二线,4,0.621,69.44
42.6,481.0,6,2.96,0.259,核心商圈,三线,13,0.506,58.51
182.3,394.0,37,1.24,0.369,社区商圈,三线,6,0.429,85.49
149.5,522.0,36,7.54,0.503,校园商圈,一线,10,0.521,111.24
162.9,355.0,8,3.49,0.193,校园商圈,新一线,1,0.606,70.79
184.3,807.0,32,5.54,0.375,社区商圈,一线,13,0.435,119.55
261.3,702.0,38,6.4,0.245,核心商圈,二线,3,0.315,119.01
127.4,675.0,4,2.87,0.526,社区商圈,三线,6,0.122,73.68
173.5,782.0,14,9.18,0.291,交通枢纽,一线,10,0.317,106.79
150.1,666.0,33,0.2,0.213,交通枢纽,三线,8,0.343,89.3
110.8,622.0,17,4.1,0.348,核心商圈,二线,3,0.474,83.06
148.0,542.0,20,2.9,0.267,社区商圈,二线,12,0.579,71.31
152.2,286.0,10,5.0,0.253,交通枢纽,二线,13,0.247,55.44
281.5,277.0,33,6.73,0.219,社区商圈,二线,12,0.679,89.18
361.4,492.0,23,8.57,0.207,交通枢纽,二线,8,0.344,103.63
233.3,426.0,29,6.53,0.059,校园商圈,新一线,4,0.732,94.44
236.5,295.0,32,4.1,0.304,社区商圈,三线,9,0.265,74.15
91.5,717.0,34,6.02,0.201,社区商圈,三线,12,0.293,90.87
120.7,873.0,6,6.17,0.105,社区商圈,新一线,7,0.377,79.07
207.2,561.0,7,8.0,0.345,核心商圈,新一线,14,0.569,89.21
214.9,574.0,22,3.56,0.397,社区商圈,新一线,11,0.218,100.05
167.0,277.0,41,8.02,0.197,交通枢纽,二线,15,0.428,93.74
190.6,541.0,30,3.8,0.198,社区商圈,二线,4,0.413,98.69
170.3,455.0,13,5.34,0.436,社区商圈,一线,1,0.423,77.49
288.0,758.0,37,4.33,0.236,社区商圈,三线,8,0.433,110.79
228.5,356.0,37,4.89,0.116,核心商圈,新一线,12,0.505,104.13
211.0,529.0,6,3.01,0.359,交通枢纽,二线,7,0.508,78.94
78.9,664.0,14,5.14,0.313,核心商圈,三线,11,0.477,78.92
111.8,610.0,41,5.01,0.118,交通枢纽,三线,14,0.492,95.11
206.5,541.0,33,1.64,0.24,社区商圈,二线,10,0.543,96.97
62.7,455.0,20,2.0,0.206,核心商圈,三线,13,0.32,65.49
56.3,359.0,41,9.36,0.249,交通枢纽,二线,3,0.275,88.38
168.9,165.0,18,2.8,0.171,核心商圈,三线,6,0.177,53.46
151.8,460.0,20,5.93,0.398,交通枢纽,二线,2,0.295,89.39
183.4,398.0,26,6.92,0.561,交通枢纽,三线,14,0.419,95.56
172.3,557.0,26,3.71,0.077,核心商圈,三线,7,0.415,89.16
271.0,605.0,30,2.81,0.259,社区商圈,二线,15,0.424,85.31
235.7,418.0,22,5.3,0.384,社区商圈,一线,1,0.426,95.73
141.7,298.0,19,9.13,0.261,社区商圈,三线,3,0.301,75.24
200.5,525.0,26,6.31,0.303,交通枢纽,新一线,4,0.298,96.66
189.9,945.0,21,6.31,0.239,社区商圈,新一线,15,0.304,96.07
79.6,696.0,37,6.07,0.432,社区商圈,一线,8,0.446,112.36
100.8,369.0,16,6.08,0.521,社区商圈,二线,14,0.451,71.66
144.3,587.0,6,6.59,0.324,核心商圈,一线,5,0.718,91.65
233.9,387.0,25,8.74,0.403,核心商圈,三线,10,0.384,102.75
230.6,505.0,14,3.46,0.077,交通枢纽,一线,7,0.353,86.27
96.1,663.0,11,4.36,0.198,交通枢纽,一线,3,0.488,87.52
184.3,519.0,38,7.28,0.366,社区商圈,二线,14,0.245,97.57
106.2,621.0,18,6.33,0.442,核心商圈,二线,11,0.392,92.1
263.6,466.0,25,5.64,0.14,校园商圈,三线,2,0.684,95.32
102.7,566.0,9,4.27,0.239,交通枢纽,新一线,7,0.443,78.77
197.8,605.0,38,3.28,0.202,核心商圈,二线,5,0.717,109.75
141.6,456.0,26,5.43,0.351,校园商圈,新一线,4,0.328,94.79
143.4,680.0,28,4.97,0.539,社区商圈,二线,2,0.673,104.52
235.4,607.0,25,4.89,0.541,校园商圈,新一线,1,0.37,114.51
104.1,457.0,12,5.44,0.433,核心商圈,新一线,13,0.772,72.87
193.5,878.0,7,5.58,0.121,交通枢纽,三线,8,0.532,89.15
143.0,847.0,37,5.84,0.199,社区商圈,新一线,12,0.494,110.67
152.0,624.0,21,6.08,0.192,交通枢纽,新一线,1,0.61,93.93
184.3,437.0,28,4.21,0.229,交通枢纽,新一线,5,0.53,98.09
300.7,572.0,32,2.62,0.316,社区商圈,一线,1,0.452,112.47
282.9,324.0,21,4.31,0.321,核心商圈,新一线,3,0.172,97.58
121.7,453.0,22,8.33,0.415,核心商圈,二线,1,0.711,103.72
261.6,716.0,36,11.41,0.334,社区商圈,三线,7,0.185,119.09
152.8,410.0,14,5.4,0.141,交通枢纽,二线,15,0.3,70.15
152.6,504.0,28,3.28,0.428,核心商圈,一线,5,0.508,96.86
45.5,340.0,17,2.05,0.373,核心商圈,二线,8,0.628,53.62
55.2,534.0,28,6.6,0.069,核心商圈,三线,12,0.421,80.24
272.3,377.0,10,5.41,0.629,交通枢纽,一线,1,0.228,97.19
207.2,557.0,33,3.83,0.229,校园商圈,新一线,4,0.171,90.72
174.7,545.0,23,3.37,0.249,交通枢纽,新一线,9,0.386,89.3
166.1,396.0,14,5.89,0.308,核心商圈,新一线,5,0.295,79.1
123.7,495.0,14,7.56,0.377,交通枢纽,一线,7,0.49,94.22
114.1,901.0,34,7.63,0.066,社区商圈,三线,7,0.207,100.4
172.2,426.0,14,5.63,0.057,核心商圈,三线,6,0.443,79.01
195.3,637.0,15,3.85,0.316,社区商圈,二线,7,0.298,67.47
169.2,470.0,41,10.41,0.385,社区商圈,新一线,7,0.634,116.15
207.6,835.0,12,4.33,0.048,交通枢纽,新一线,5,0.184,76.8
107.9,722.0,27,3.63,0.01,校园商圈,二线,8,0.239,75.05
183.7,580.0,20,6.76,0.082,社区商圈,新一线,14,0.544,92.0
91.4,363.0,28,8.12,0.023,社区商圈,新一线,2,0.378,73.21
164.7,362.0,25,6.79,0.382,社区商圈,新一线,2,0.574,100.84
216.7,838.0,18,10.79,0.415,核心商圈,二线,10,0.527,122.78
129.1,540.0,39,4.89,0.082,校园商圈,一线,3,0.542,110.58
235.1,490.0,32,6.22,0.374,交通枢纽,新一线,11,0.409,110.07
198.8,402.0,33,5.01,0.163,交通枢纽,新一线,14,0.439,94.94
203.1,799.0,21,2.04,0.293,交通枢纽,二线,12,0.334,96.55
269.0,723.0,9,9.14,0.311,校园商圈,二线,5,0.346,94.7
230.8,484.0,12,2.52,0.255,交通枢纽,新一线,3,0.748,98.57
96.3,840.0,20,6.73,0.149,交通枢纽,新一线,14,0.38,90.93
124.8,302.0,24,2.65,0.275,社区商圈,二线,12,0.348,65.77
202.9,395.0,32,6.52,0.168,交通枢纽,二线,14,0.315,94.64
149.7,473.0,7,3.21,0.387,交通枢纽,二线,14,0.487,71.11
108.8,370.0,36,7.87,0.126,交通枢纽,新一线,7,0.03,99.6
260.6,727.0,20,2.02,0.133,交通枢纽,三线,9,0.292,80.94
228.8,601.0,5,2.76,0.553,校园商圈,一线,1,0.373,84.4
118.6,639.0,17,5.41,0.425,核心商圈,一线,4,0.48,97.62
159.8,626.0,5,2.48,0.03,社区商圈,二线,5,0.448,57.87
144.1,573.0,36,1.38,0.103,交通枢纽,二线,7,0.518,82.76
143.4,516.0,12,9.51,0.324,社区商圈,新一线,7,0.595,90.05
119.7,603.0,24,2.64,0.3,核心商圈,三线,13,0.42,79.74
134.1,486.0,17,4.85,0.324,社区商圈,新一线,13,0.47,79.59
201.9,403.0,8,8.15,0.307,核心商圈,一线,15,0.414,83.52
75.0,365.0,36,8.41,0.281,校园商圈,新一线,7,0.411,99.33
122.0,611.0,39,5.92,0.385,社区商圈,二线,4,0.258,97.59
213.4,668.0,26,8.03,0.018,社区商圈,二线,11,0.293,93.35
44.8,471.0,19,3.82,0.292,社区商圈,新一线,14,0.431,65.31
160.1,204.0,5,5.88,0.045,交通枢纽,二线,10,0.675,54.87
135.0,713.0,18,1.95,0.33,社区商圈,一线,12,0.296,81.42
46.9,601.0,17,9.58,0.457,交通枢纽,三线,10,0.693,88.36
225.7,491.0,22,6.2,0.368,交通枢纽,一线,9,0.606,98.06
126.4,202.0,31,1.57,0.452,核心商圈,二线,11,0.505,87.93
82.8,484.0,32,4.35,0.459,核心商圈,一线,4,0.524,91.41
205.6,634.0,5,4.46,0.547,社区商圈,一线,13,0.501,76.49
107.0,635.0,40,4.9,0.096,社区商圈,新一线,7,0.597,103.26
141.2,489.0,18,4.42,0.21,社区商圈,新一线,11,0.15,63.11
213.7,258.0,25,4.22,0.326,交通枢纽,三线,14,0.55,84.46
183.7,399.0,36,7.93,0.043,交通枢纽,新一线,10,0.507,103.78
161.4,428.0,10,4.6,0.522,校园商圈,二线,12,0.044,62.15
149.9,774.0,12,3.83,0.417,交通枢纽,二线,2,0.739,91.19
148.9,362.0,19,4.62,0.184,社区商圈,新一线,8,0.118,68.86
205.8,747.0,36,7.59,0.525,社区商圈,二线,7,0.572,112.86
236.9,890.0,7,7.15,0.134,校园商圈,二线,5,0.801,82.88
240.4,579.0,27,8.27,0.204,核心商圈,二线,10,0.526,111.6
145.6,383.0,41,5.57,0.577,社区商圈,新一线,12,0.236,94.82
215.4,673.0,26,6.26,0.313,校园商圈,三线,12,0.776,101.51
52.4,291.0,16,4.08,0.278,交通枢纽,一线,13,0.45,67.42
160.5,433.0,25,8.52,0.322,社区商圈,三线,8,0.43,95.92
124.2,456.0,26,7.17,0.355,校园商圈,一线,5,0.589,94.74
173.9,453.0,10,9.7,0.01,社区商圈,一线,6,0.348,94.01
186.3,561.0,6,4.17,0.075,交通枢纽,新一线,6,0.415,70.56
97.3,75.0,12,2.83,0.332,交通枢纽,三线,12,0.162,48.28
272.7,493.0,10,5.77,0.026,核心商圈,二线,10,0.353,95.36
196.7,412.0,26,6.34,0.316,社区商圈,二线,15,0.202,71.56
127.9,590.0,13,7.89,0.224,社区商圈,二线,10,0.191,70.63
128.9,840.0,31,4.93,0.01,核心商圈,三线,15,0.244,87.66
246.5,725.0,23,6.36,0.337,交通枢纽,二线,11,0.562,117.34
160.8,750.0,10,2.18,0.545,交通枢纽,一线,2,0.418,96.51
93.7,422.0,40,5.55,0.01,核心商圈,新一线,3,0.57,118.08
252.7,633.0,11,7.7,0.276,核心商圈,二线,6,0.415,101.86
150.1,556.0,4,6.68,0.14,核心商圈,二线,2,0.773,73.29
212.0,609.0,11,4.14,0.131,校园商圈,三线,10,0.386,74.2
133.3,677.0,32,5.4,0.191,核心商圈,一线,15,0.544,102.97
86.4,543.0,18,8.66,0.324,社区商圈,二线,5,0.286,76.7
257.6,350.0,27,5.4,0.394,交通枢纽,新一线,11,0.318,91.18
138.8,529.0,25,10.56,0.111,社区商圈,新一线,13,0.327,104.11
150.8,563.0,30,6.98,0.496,校园商圈,新一线,14,0.573,97.16
174.8,526.0,37,5.33,0.07,核心商圈,二线,14,0.531,96.73
133.3,370.0,12,7.07,0.194,社区商圈,一线,6,0.27,66.6
204.4,604.0,15,6.94,0.142,交通枢纽,三线,11,0.552,81.37
171.0,413.0,10,1.96,0.129,校园商圈,三线,2,0.498,63.14
76.5,537.0,23,4.15,0.258,交通枢纽,二线,15,0.34,69.48
112.1,649.0,13,4.99,0.38,核心商圈,二线,8,0.343,75.52
145.6,539.0,10,3.81,0.237,核心商圈,三线,10,0.491,75.66
130.2,575.0,28,5.0,0.376,校园商圈,一线,11,0.335,97.7
71.4,417.0,16,4.2,0.494,校园商圈,二线,1,0.416,71.17
139.2,356.0,13,3.72,0.409,社区商圈,三线,3,0.317,73.38
151.6,435.0,24,6.45,0.341,核心商圈,二线,7,0.331,80.35
105.7,703.0,21,4.68,0.616,校园商圈,新一线,1,0.671,97.95
202.4,475.0,23,8.78,0.407,核心商圈,二线,10,0.657,97.69
257.9,784.0,9,6.14,0.233,核心商圈,新一线,15,0.108,96.12
127.3,430.0,23,11.82,0.094,社区商圈,二线,10,0.454,87.75
53.8,612.0,24,8.03,0.389,交通枢纽,一线,4,0.188,107.47
175.0,664.0,23,6.15,0.338,社区商圈,新一线,9,0.19,85.13
119.4,552.0,32,6.85,0.487,社区商圈,三线,4,0.31,89.22
63.7,826.0,16,5.01,0.251,校园商圈,三线,2,0.313,84.27
119.1,670.0,35,4.91,0.335,校园商圈,二线,4,0.434,101.86
39.6,570.0,29,3.9,0.242,社区商圈,新一线,6,0.607,74.7
112.5,488.0,12,7.25,0.253,社区商圈,新一线,15,0.435,72.99
268.2,404.0,7,5.7,0.304,社区商圈,三线,10,0.442,79.9
152.7,395.0,34,7.22,0.377,社区商圈,一线,2,0.529,118.78
180.4,802.0,10,4.35,0.191,核心商圈,新一线,12,0.165,85.06
182.4,621.0,18,4.93,0.327,交通枢纽,新一线,12,0.505,79.86
80.9,600.0,13,11.28,0.358,核心商圈,三线,1,0.361,104.99
207.5,60.0,6,7.55,0.474,交通枢纽,二线,9,0.579,72.48
130.2,140.0,22,2.22,0.138,核心商圈,二线,2,0.209,68.96
92.3,754.0,18,5.34,0.01,核心商圈,二线,8,0.752,98.12
208.8,717.0,22,8.78,0.56,校园商圈,二线,12,0.46,95.49
104.0,421.0,16,6.39,0.282,交通枢纽,三线,12,0.48,70.53
122.7,706.0,31,8.66,0.483,社区商圈,新一线,6,0.425,105.26
166.6,458.0,34,6.12,0.515,核心商圈,二线,4,0.652,111.41
233.8,870.0,34,7.41,0.127,交通枢纽,三线,6,0.453,122.01
135.0,522.0,16,6.0,0.58,交通枢纽,三线,11,0.557,87.77
217.9,623.0,23,6.9,0.181,社区商圈,二线,13,0.423,86.11
114.9,656.0,13,5.33,0.385,核心商圈,三线,7,0.56,83.0
135.8,676.0,12,5.84,0.19,交通枢纽,新一线,11,0.299,93.51
222.2,758.0,20,3.94,0.248,社区商圈,新一线,10,0.383,80.15
209.6,486.0,31,6.52,0.314,社区商圈,一线,3,0.416,118.3
247.5,592.0,37,6.67,0.138,核心商圈,三线,14,0.169,109.27
123.3,555.0,37,2.17,0.275,社区商圈,二线,11,0.586,93.22
172.9,256.0,30,6.49,0.216,社区商圈,一线,4,0.615,95.45
90.0,505.0,34,3.63,0.487,社区商圈,新一线,2,0.401,101.0
242.8,342.0,11,3.73,0.368,交通枢纽,二线,8,0.394,67.75
167.9,724.0,36,9.2,0.148,核心商圈,三线,2,0.432,122.26
106.0,502.0,18,8.11,0.337,社区商圈,二线,14,0.406,72.88
100.9,575.0,8,6.06,0.411,校园商圈,一线,13,0.167,64.76
167.4,654.0,14,4.36,0.266,交通枢纽,三线,13,0.48,95.23
165.9,735.0,16,7.37,0.562,交通枢纽,三线,11,0.479,96.04
195.2,610.0,40,3.17,0.146,校园商圈,二线,12,0.281,91.05
258.8,630.0,26,4.93,0.222,核心商圈,三线,15,0.769,99.11
204.9,768.0,31,6.46,0.428,交通枢纽,二线,2,0.297,113.65
145.9,758.0,18,6.11,0.56,核心商圈,一线,6,0.481,127.27
112.0,581.0,18,3.75,0.023,交通枢纽,二线,15,0.478,74.04
35.0,223.0,27,8.56,0.189,校园商圈,二线,9,0.793,78.0
367.5,349.0,15,8.79,0.405,交通枢纽,一线,1,0.394,105.36
241.6,308.0,16,7.46,0.323,校园商圈,二线,6,0.533,92.68
84.9,888.0,27,6.96,0.311,核心商圈,新一线,4,0.492,106.19
186.0,335.0,7,5.34,0.319,社区商圈,一线,4,0.381,64.72
130.6,471.0,23,5.58,0.065,社区商圈,新一线,2,0.529,79.13
186.5,531.0,10,9.63,0.504,社区商圈,二线,11,0.28,91.69
154.7,60.0,8,6.06,0.113,核心商圈,二线,9,0.689,73.09
181.0,467.0,6,8.04,0.136,社区商圈,新一线,3,0.376,78.57
160.1,401.0,26,3.26,0.268,社区商圈,二线,3,0.401,76.68
62.9,635.0,14,5.05,0.505,校园商圈,一线,14,0.408,78.02
175.1,480.0,38,2.32,0.197,核心商圈,三线,15,0.625,99.88
136.0,306.0,18,4.72,0.144,社区商圈,一线,11,0.402,52.36
143.6,504.0,18,3.94,0.372,社区商圈,一线,15,0.278,74.12
235.4,558.0,14,2.38,0.248,核心商圈,新一线,12,0.302,86.13
126.7,674.0,4,5.32,0.324,社区商圈,一线,2,0.151,70.62
121.2,639.0,35,3.78,0.203,社区商圈,三线,7,0.441,95.82
213.3,346.0,5,1.54,0.208,交通枢纽,三线,3,0.454,62.63
203.4,770.0,4,3.15,0.381,校园商圈,一线,11,0.186,73.93
321.3,378.0,10,6.16,0.231,校园商圈,三线,13,0.423,66.13
172.6,505.0,37,8.86,0.244,交通枢纽,一线,14,0.43,106.08
91.7,431.0,25,9.1,0.261,交通枢纽,二线,1,0.719,102.76
35.0,561.0,11,3.88,0.199,社区商圈,三线,9,0.247,69.62
174.8,837.0,27,4.05,0.207,社区商圈,新一线,6,0.444,101.7
135.4,533.0,7,8.88,0.193,交通枢纽,一线,2,0.478,93.03
261.7,586.0,5,1.46,0.39,社区商圈,二线,2,0.687,84.37
235.5,494.0,35,7.58,0.089,核心商圈,新一线,10,0.505,100.47
106.8,647.0,36,5.56,0.392,社区商圈,二线,8,0.463,92.79
280.1,408.0,28,5.97,0.404,校园商圈,二线,5,0.701,96.96
146.9,398.0,16,2.74,0.115,交通枢纽,新一线,3,0.418,83.05
149.8,278.0,9,7.21,0.323,交通枢纽,三线,10,0.141,58.28
174.4,437.0,24,5.32,0.319,核心商圈,新一线,5,0.368,89.0
98.1,168.0,12,7.64,0.172,交通枢纽,新一线,12,0.677,73.74
213.2,626.0,36,4.37,0.178,社区商圈,二线,13,0.517,94.55
131.9,536.0,15,9.17,0.169,交通枢纽,新一线,7,0.59,93.93
191.9,453.0,15,11.51,0.197,社区商圈,二线,9,0.253,90.91
153.9,567.0,25,3.52,0.208,社区商圈,二线,5,0.314,98.16
220.5,473.0,4,7.25,0.01,校园商圈,三线,9,0.516,65.58
107.6,500.0,6,6.23,0.152,社区商圈,二线,10,0.425,59.96
222.7,392.0,40,7.62,0.309,核心商圈,一线,8,0.27,117.48
83.7,368.0,27,4.89,0.33,核心商圈,一线,12,0.289,94.48
194.7,560.0,24,4.34,0.285,核心商圈,二线,3,0.303,98.73
188.8,672.0,24,2.64,0.24,社区商圈,三线,8,0.321,82.88
144.2,594.0,6,7.13,0.162,社区商圈,新一线,6,0.59,80.98
146.8,137.0,36,5.89,0.302,社区商圈,一线,1,0.073,85.81
133.1,445.0,21,5.81,0.274,社区商圈,一线,15,0.433,86.67
114.2,329.0,32,7.66,0.135,校园商圈,二线,3,0.483,92.46
226.4,310.0,34,8.74,0.01,核心商圈,三线,12,0.259,93.85
51.7,566.0,13,5.78,0.323,社区商圈,二线,15,0.624,63.13
292.9,332.0,21,7.71,0.514,交通枢纽,二线,9,0.056,87.84
183.9,586.0,27,10.06,0.099,社区商圈,二线,11,0.178,94.43
293.5,261.0,37,8.33,0.394,交通枢纽,新一线,10,0.438,101.59
162.9,503.0,39,4.63,0.213,校园商圈,三线,14,0.441,83.85
222.4,317.0,11,4.95,0.27,交通枢纽,三线,5,0.543,56.59
66.5,420.0,37,2.49,0.33,社区商圈,三线,1,0.325,88.62
217.6,535.0,19,5.53,0.354,社区商圈,新一线,10,0.49,81.16
84.0,540.0,26,1.95,0.077,交通枢纽,三线,11,0.477,79.0
240.8,693.0,34,7.14,0.427,交通枢纽,新一线,10,0.418,127.17
203.4,414.0,35,6.18,0.151,核心商圈,新一线,1,0.285,103.83
193.7,548.0,30,4.6,0.203,校园商圈,三线,3,0.577,83.37
111.6,532.0,10,2.5,0.348,社区商圈,二线,4,0.053,64.04
106.7,769.0,33,5.48,0.051,校园商圈,三线,2,0.357,88.94
79.0,399.0,18,5.2,0.422,核心商圈,二线,12,0.454,68.0
116.8,97.0,37,4.47,0.362,核心商圈,三线,11,0.194,81.22
250.4,419.0,41,2.2,0.373,校园商圈,二线,7,0.528,107.04
199.2,569.0,32,7.79,0.532,社区商圈,新一线,2,0.423,111.19
242.5,277.0,33,4.49,0.13,核心商圈,二线,12,0.03,89.27
153.8,278.0,36,2.04,0.01,校园商圈,二线,9,0.579,80.88
210.2,394.0,32,8.02,0.216,交通枢纽,二线,9,0.394,85.89
132.4,855.0,35,3.24,0.369,社区商圈,三线,6,0.397,102.64
175.3,280.0,11,3.29,0.259,社区商圈,一线,9,0.62,71.41
179.5,595.0,21,7.03,0.495,社区商圈,二线,12,0.365,78.37
83.3,415.0,17,4.99,0.217,校园商圈,新一线,15,0.241,52.5
152.8,456.0,34,2.76,0.179,交通枢纽,新一线,9,0.449,95.51
132.9,440.0,6,7.71,0.212,社区商圈,一线,5,0.496,77.77
273.2,741.0,35,5.2,0.406,社区商圈,二线,3,0.577,115.3
335.9,536.0,15,5.74,0.345,交通枢纽,二线,4,0.659,98.49
127.8,541.0,8,8.21,0.226,核心商圈,一线,15,0.567,76.24
286.6,520.0,14,8.36,0.543,核心商圈,一线,1,0.323,123.22
163.3,408.0,27,8.42,0.147,校园商圈,新一线,1,0.567,88.08
130.8,422.0,27,8.78,0.157,交通枢纽,三线,5,0.412,96.69
87.4,688.0,38,8.79,0.147,交通枢纽,二线,15,0.553,98.57
174.7,454.0,31,5.11,0.134,社区商圈,新一线,2,0.345,98.97
163.4,304.0,40,5.0,0.327,核心商圈,一线,14,0.585,98.35
251.7,455.0,37,7.36,0.299,核心商圈,三线,8,0.642,122.04
258.5,705.0,5,3.97,0.38,核心商圈,一线,5,0.522,92.41
64.4,611.0,21,5.97,0.473,社区商圈,新一线,9,0.558,78.24
157.9,573.0,26,5.9,0.474,核心商圈,新一线,13,0.49,99.05
82.9,361.0,25,8.03,0.196,校园商圈,二线,14,0.321,76.08
218.8,554.0,25,5.55,0.496,交通枢纽,二线,8,0.496,95.13
92.1,752.0,15,2.19,0.044,社区商圈,新一线,12,0.312,61.25
239.5,626.0,5,2.22,0.129,校园商圈,一线,9,0.524,69.13
113.1,317.0,32,5.07,0.422,社区商圈,三线,7,0.603,78.75
113.6,491.0,14,2.08,0.338,社区商圈,二线,15,0.166,66.68
143.5,645.0,17,10.13,0.261,核心商圈,新一线,2,0.59,107.34
165.4,641.0,13,8.12,0.155,校园商圈,一线,12,0.266,99.66
97.0,221.0,37,9.43,0.317,交通枢纽,一线,6,0.349,94.49
188.7,481.0,15,8.95,0.211,核心商圈,二线,8,0.283,97.26
100.4,194.0,24,4.75,0.351,核心商圈,新一线,13,0.515,73.6
158.3,559.0,8,6.04,0.222,核心商圈,二线,13,0.555,85.14
221.7,582.0,22,3.42,0.427,社区商圈,新一线,11,0.137,101.07
175.3,60.0,35,7.82,0.229,核心商圈,三线,14,0.379,89.61
197.5,713.0,29,3.33,0.309,校园商圈,新一线,15,0.411,103.96
185.6,513.0,4,3.14,0.338,校园商圈,二线,9,0.371,63.23
135.0,834.0,4,5.15,0.399,核心商圈,三线,10,0.44,78.51
223.2,579.0,36,6.09,0.164,核心商圈,新一线,6,0.522,122.25
223.0,687.0,33,4.54,0.342,社区商圈,二线,6,0.507,104.21
80.2,654.0,26,5.12,0.299,交通枢纽,三线,7,0.319,85.4
126.6,572.0,34,6.1,0.128,校园商圈,三线,5,0.241,84.43
226.8,635.0,41,4.92,0.526,核心商圈,一线,12,0.532,117.07
216.7,395.0,30,0.61,0.215,交通枢纽,新一线,15,0.307,85.87
114.8,522.0,16,0.53,0.454,交通枢纽,一线,2,0.208,79.85
115.3,592.0,11,5.86,0.095,社区商圈,二线,1,0.574,75.76
188.4,699.0,4,4.92,0.399,社区商圈,一线,10,0.271,74.28
177.2,515.0,15,7.55,0.234,社区商圈,二线,14,0.456,79.72
217.8,263.0,28,5.12,0.152,交通枢纽,二线,5,0.25,78.4
160.9,620.0,27,7.65,0.329,核心商圈,二线,3,0.508,113.77
120.9,464.0,4,0.27,0.01,社区商圈,一线,1,0.246,51.2
80.7,568.0,37,2.52,0.306,核心商圈,二线,4,0.497,86.7
168.8,444.0,25,5.38,0.384,校园商圈,二线,5,0.091,74.94
164.1,598.0,39,5.72,0.083,交通枢纽,一线,4,0.446,108.56
235.5,176.0,5,6.09,0.313,社区商圈,二线,3,0.088,62.22
149.6,423.0,35,5.78,0.17,核心商圈,三线,1,0.301,73.43
51.4,765.0,11,5.6,0.206,交通枢纽,一线,14,0.473,90.61
94.3,559.0,30,6.05,0.556,交通枢纽,三线,11,0.528,92.93
68.9,416.0,35,5.46,0.486,交通枢纽,新一线,12,0.502,99.98
212.2,618.0,9,5.25,0.143,核心商圈,新一线,4,0.464,87.92
351.7,611.0,15,9.32,0.423,核心商圈,新一线,14,0.459,115.53
129.7,60.0,30,1.23,0.166,交通枢纽,一线,7,0.471,74.2
226.6,284.0,8,5.87,0.092,核心商圈,新一线,11,0.511,77.8
196.0,547.0,30,2.44,0.093,社区商圈,二线,1,0.442,86.13
203.1,303.0,6,3.0,0.484,校园商圈,二线,5,0.564,73.52
156.0,547.0,17,7.26,0.081,核心商圈,一线,4,0.327,101.3
263.3,443.0,38,5.71,0.41,交通枢纽,新一线,11,0.371,128.99
299.7,208.0,19,6.03,0.385,校园商圈,新一线,9,0.512,103.19
118.5,617.0,25,5.56,0.222,校园商圈,新一线,12,0.445,85.57
124.0,130.0,14,0.61,0.157,交通枢纽,三线,1,0.645,64.41
162.2,444.0,14,4.69,0.436,社区商圈,二线,3,0.385,80.28
186.3,591.0,12,7.57,0.27,校园商圈,三线,6,0.465,65.84
211.7,470.0,22,9.15,0.205,社区商圈,一线,6,0.409,104.18
99.2,417.0,23,2.5,0.434,校园商圈,二线,15,0.571,63.31
185.4,145.0,32,2.93,0.202,社区商圈,新一线,1,0.417,76.32
144.8,529.0,31,2.55,0.421,校园商圈,新一线,9,0.521,86.73
88.3,788.0,22,6.79,0.349,社区商圈,新一线,13,0.283,83.2
289.2,513.0,6,7.11,0.3,核心商圈,三线,15,0.376,89.35
131.4,728.0,18,3.99,0.479,社区商圈,二线,6,0.366,95.44
255.9,470.0,9,0.2,0.324,交通枢纽,二线,6,0.494,75.08
241.1,686.0,25,8.14,0.48,交通枢纽,二线,8,0.619,110.82
185.9,891.0,25,5.5,0.183,核心商圈,三线,12,0.299,106.16
97.1,880.0,21,7.27,0.315,社区商圈,三线,15,0.394,84.36
154.5,584.0,9,1.88,0.239,交通枢纽,二线,5,0.324,58.33
185.8,682.0,5,6.33,0.248,社区商圈,二线,12,0.446,65.05
162.4,703.0,41,0.93,0.352,社区商圈,三线,9,0.328,101.57
107.7,289.0,23,6.64,0.641,社区商圈,新一线,7,0.492,81.42
110.4,497.0,6,7.04,0.197,社区商圈,二线,2,0.26,69.97
157.3,441.0,38,5.37,0.44,校园商圈,一线,9,0.478,104.2
208.4,476.0,33,9.53,0.302,交通枢纽,一线,4,0.492,107.04
139.6,420.0,39,6.17,0.01,社区商圈,新一线,1,0.37,85.01
215.5,527.0,12,3.12,0.068,核心商圈,新一线,14,0.425,84.21
174.8,563.0,12,3.06,0.323,核心商圈,一线,4,0.539,91.34
109.2,491.0,32,8.76,0.091,校园商圈,三线,13,0.133,88.85
205.5,557.0,33,6.25,0.482,校园商圈,二线,7,0.465,109.78
102.9,376.0,23,4.87,0.282,核心商圈,新一线,1,0.535,91.11
263.6,640.0,27,4.32,0.279,社区商圈,新一线,1,0.439,108.17
222.6,508.0,22,7.92,0.06,交通枢纽,新一线,6,0.679,102.01
196.0,173.0,26,1.11,0.229,社区商圈,二线,11,0.638,63.9
83.8,511.0,38,10.7,0.184,校园商圈,三线,8,0.362,90.75
148.9,567.0,40,0.48,0.164,交通枢纽,二线,13,0.261,88.35
189.3,423.0,6,5.24,0.16,社区商圈,新一线,13,0.461,62.64
123.3,643.0,22,5.98,0.49,社区商圈,二线,8,0.545,90.98
123.5,478.0,19,6.24,0.286,社区商圈,一线,11,0.113,76.8
84.8,147.0,13,6.82,0.01,社区商圈,三线,15,0.101,50.55
68.5,520.0,27,5.02,0.283,社区商圈,一线,14,0.291,93.75
224.6,896.0,14,5.0,0.325,社区商圈,二线,8,0.357,83.86
86.7,435.0,24,7.46,0.241,交通枢纽,新一线,8,0.215,81.41
210.6,522.0,32,8.32,0.216,核心商圈,一线,15,0.332,118.71
93.9,514.0,8,0.94,0.317,社区商圈,新一线,8,0.692,60.21
148.5,465.0,29,6.76,0.413,交通枢纽,三线,12,0.354,87.01
116.5,650.0,15,3.89,0.056,核心商圈,三线,7,0.301,72.45
299.9,340.0,39,6.2,0.019,社区商圈,二线,6,0.263,90.95
143.6,805.0,18,2.91,0.134,核心商圈,新一线,1,0.705,87.55
194.3,635.0,10,10.34,0.022,校园商圈,一线,11,0.452,83.12
209.0,662.0,35,9.39,0.321,社区商圈,三线,7,0.907,113.57
176.1,757.0,20,3.13,0.341,社区商圈,三线,7,0.247,81.14
185.6,295.0,34,7.31,0.248,社区商圈,二线,13,0.409,91.44
204.0,446.0,30,7.38,0.299,社区商圈,三线,12,0.537,88.27
140.0,254.0,13,6.58,0.609,核心商圈,新一线,9,0.537,78.37
173.7,715.0,13,7.04,0.087,交通枢纽,一线,3,0.165,98.7
168.1,677.0,20,5.23,0.395,社区商圈,一线,10,0.623,96.13
87.8,494.0,40,7.86,0.486,交通枢纽,一线,15,0.693,105.9
147.3,344.0,14,6.98,0.378,核心商圈,一线,3,0.371,90.39
115.9,720.0,14,4.0,0.294,校园商圈,二线,12,0.415,58.21
172.1,578.0,35,6.05,0.161,社区商圈,二线,12,0.566,91.08
175.9,669.0,11,9.46,0.364,核心商圈,新一线,12,0.339,101.81
201.4,809.0,33,6.17,0.239,校园商圈,三线,9,0.344,98.8
119.3,591.0,15,4.17,0.151,社区商圈,新一线,9,0.24,67.93
230.4,417.0,35,3.54,0.172,核心商圈,三线,15,0.344,89.82
44.1,646.0,17,7.19,0.153,校园商圈,二线,6,0.296,68.11
149.4,775.0,35,8.32,0.213,交通枢纽,二线,1,0.333,114.85
174.8,196.0,38,14.29,0.455,交通枢纽,二线,12,0.254,109.45
83.8,342.0,23,3.32,0.124,校园商圈,一线,15,0.317,61.84
117.1,478.0,27,1.39,0.154,校园商圈,三线,15,0.233,57.87
173.7,417.0,13,6.19,0.083,社区商圈,一线,12,0.572,89.91
136.9,487.0,19,4.3,0.307,核心商圈,二线,6,0.249,71.26
104.0,497.0,20,4.86,0.294,核心商圈,三线,1,0.429,93.48
72.0,768.0,14,6.2,0.363,核心商圈,一线,13,0.691,103.02
166.8,691.0,21,6.76,0.26,交通枢纽,新一线,7,0.494,86.53
75.9,395.0,10,4.37,0.325,校园商圈,二线,10,0.464,51.64
152.7,288.0,31,4.52,0.356,核心商圈,新一线,8,0.319,86.65
228.8,574.0,18,7.28,0.318,校园商圈,二线,13,0.396,83.39
129.8,494.0,13,4.56,0.536,社区商圈,新一线,7,0.501,70.85
141.0,544.0,11,3.61,0.413,核心商圈,二线,2,0.259,69.85
124.1,349.0,12,10.19,0.396,社区商圈,一线,3,0.535,89.23
124.0,425.0,21,2.96,0.442,交通枢纽,三线,9,0.407,76.21
132.0,223.0,25,7.19,0.551,核心商圈,新一线,7,0.576,93.03
147.1,632.0,29,4.31,0.156,社区商圈,新一线,12,0.562,89.1
99.7,546.0,33,6.43,0.39,社区商圈,一线,10,0.483,105.23
156.5,783.0,13,6.03,0.475,校园商圈,新一线,9,0.72,93.76
179.5,251.0,10,6.45,0.378,核心商圈,二线,2,0.768,85.67
132.6,817.0,19,4.5,0.498,社区商圈,一线,13,0.673,100.12
133.0,633.0,32,8.71,0.246,校园商圈,三线,10,0.648,91.54
127.0,271.0,28,2.56,0.01,核心商圈,新一线,2,0.476,68.09
79.2,612.0,19,5.61,0.255,交通枢纽,二线,7,0.748,86.92
290.1,526.0,12,6.54,0.184,社区商圈,新一线,2,0.119,75.93
108.2,344.0,18,3.01,0.34,交通枢纽,二线,12,0.284,55.48
149.3,459.0,22,3.72,0.118,校园商圈,二线,13,0.765,68.05
157.9,207.0,23,11.35,0.202,交通枢纽,新一线,15,0.547,78.15
183.7,209.0,10,1.1,0.225,社区商圈,三线,5,0.455,59.84
163.3,509.0,37,2.94,0.375,社区商圈,二线,9,0.527,97.94
142.8,662.0,37,7.89,0.271,核心商圈,新一线,6,0.403,115.81
210.8,772.0,17,5.49,0.477,交通枢纽,三线,10,0.532,106.69
105.3,406.0,26,6.97,0.405,社区商圈,二线,9,0.539,72.64
198.8,702.0,18,4.39,0.114,社区商圈,新一线,6,0.557,85.93
218.5,846.0,31,1.68,0.449,交通枢纽,三线,1,0.604,108.54
202.2,383.0,20,4.48,0.421,校园商圈,二线,8,0.538,81.08
214.8,533.0,40,5.02,0.416,社区商圈,二线,13,0.405,95.08
192.5,435.0,40,6.26,0.208,核心商圈,新一线,4,0.576,105.63
249.8,451.0,25,7.93,0.431,校园商圈,二线,12,0.448,92.49
91.0,639.0,29,2.87,0.181,校园商圈,二线,9,0.384,80.5
140.4,166.0,14,5.06,0.336,社区商圈,二线,1,0.512,57.62
138.2,506.0,37,10.17,0.22,交通枢纽,二线,4,0.549,119.22
107.3,678.0,26,6.5,0.085,交通枢纽,二线,8,0.357,81.83
90.3,740.0,14,3.04,0.448,校园商圈,一线,8,0.573,81.67
100.7,392.0,41,4.83,0.123,社区商圈,三线,8,0.276,86.32
52.4,663.0,39,3.95,0.089,核心商圈,新一线,6,0.546,113.72
156.0,633.0,22,3.09,0.341,校园商圈,二线,10,0.315,89.01
223.9,949.0,20,6.61,0.459,交通枢纽,二线,5,0.334,114.82
138.9,474.0,19,3.36,0.468,核心商圈,三线,5,0.383,86.8
148.7,591.0,26,4.72,0.149,核心商圈,二线,15,0.455,89.49
206.3,550.0,14,2.67,0.42,校园商圈,三线,12,0.529,63.37
91.0,423.0,5,6.5,0.335,交通枢纽,三线,15,0.229,48.53
205.2,549.0,23,4.6,0.171,交通枢纽,新一线,9,0.581,93.11
193.5,298.0,16,7.31,0.309,校园商圈,三线,1,0.356,69.39
127.0,439.0,39,4.36,0.216,交通枢纽,二线,7,0.662,82.2
141.2,466.0,9,3.92,0.545,校园商圈,二线,4,0.472,77.34
71.4,409.0,20,3.25,0.269,交通枢纽,二线,14,0.332,49.81
193.6,217.0,24,7.47,0.286,社区商圈,一线,1,0.253,97.08
216.1,493.0,36,7.77,0.066,社区商圈,新一线,9,0.576,104.91
170.8,624.0,19,7.0,0.467,社区商圈,一线,10,0.421,101.21
114.0,296.0,35,1.61,0.324,交通枢纽,新一线,3,0.299,82.04
80.7,457.0,24,4.56,0.423,交通枢纽,二线,6,0.271,75.14
120.6,297.0,18,4.77,0.332,社区商圈,二线,12,0.366,69.89
205.5,388.0,28,7.1,0.109,交通枢纽,二线,15,0.481,90.87
186.1,543.0,8,5.39,0.603,交通枢纽,三线,8,0.255,84.59
305.9,655.0,21,1.09,0.327,校园商圈,三线,15,0.579,88.84
212.8,445.0,15,5.46,0.266,社区商圈,新一线,1,0.559,83.7
211.7,504.0,17,8.51,0.3,社区商圈,二线,2,0.259,99.83
220.0,392.0,19,4.03,0.362,社区商圈,三线,1,0.497,63.44
77.9,774.0,7,3.0,0.227,交通枢纽,三线,2,0.03,72.56
135.5,417.0,37,5.67,0.343,社区商圈,三线,6,0.369,97.76
279.1,113.0,39,8.33,0.231,社区商圈,三线,1,0.412,113.68
113.6,520.0,38,7.19,0.275,社区商圈,一线,14,0.205,100.32
123.0,531.0,25,6.93,0.061,校园商圈,二线,11,0.145,65.71
86.0,351.0,19,6.67,0.01,校园商圈,一线,11,0.03,66.37
132.8,733.0,21,5.73,0.01,核心商圈,一线,8,0.393,98.85
162.7,523.0,6,4.99,0.227,交通枢纽,二线,10,0.505,75.93
73.0,682.0,34,5.1,0.355,社区商圈,三线,4,0.189,79.78
215.2,522.0,32,3.98,0.39,核心商圈,二线,11,0.785,107.25
58.9,515.0,25,6.11,0.185,交通枢纽,新一线,13,0.574,82.26
160.4,477.0,34,5.74,0.234,核心商圈,新一线,3,0.398,106.67
269.1,698.0,23,7.74,0.086,核心商圈,三线,6,0.437,115.04
256.9,384.0,40,7.21,0.192,交通枢纽,二线,3,0.657,112.43
224.6,516.0,11,3.39,0.159,社区商圈,三线,7,0.713,79.08
150.2,515.0,19,2.31,0.035,校园商圈,一线,3,0.385,86.2
98.0,301.0,28,3.84,0.285,核心商圈,二线,15,0.751,84.61
59.6,692.0,30,7.12,0.092,交通枢纽,一线,11,0.73,100.65
182.5,434.0,10,6.8,0.248,核心商圈,三线,15,0.394,77.13
134.0,546.0,38,5.59,0.44,校园商圈,新一线,13,0.284,121.97
182.0,552.0,22,7.81,0.445,社区商圈,新一线,15,0.379,90.67
75.9,584.0,8,1.96,0.392,核心商圈,二线,9,0.255,67.13
35.0,509.0,25,3.67,0.236,社区商圈,一线,9,0.359,69.11
140.6,74.0,26,8.03,0.275,社区商圈,二线,14,0.431,82.28
127.3,799.0,29,2.84,0.272,核心商圈,二线,8,0.152,96.17
108.3,505.0,23,8.54,0.01,社区商圈,一线,8,0.327,70.9
160.0,339.0,20,7.7,0.255,核心商圈,新一线,8,0.552,100.67
123.8,217.0,14,3.51,0.128,校园商圈,三线,15,0.464,31.37
214.6,475.0,7,7.29,0.498,校园商圈,三线,12,0.308,62.04
141.7,482.0,28,5.53,0.218,核心商圈,三线,2,0.829,102.16
109.1,466.0,4,7.74,0.418,交通枢纽,新一线,5,0.459,73.3
171.2,491.0,28,9.36,0.113,核心商圈,新一线,4,0.332,110.1
195.7,335.0,20,4.79,0.236,核心商圈,二线,1,0.802,88.86
208.3,441.0,11,5.92,0.121,交通枢纽,二线,5,0.604,75.07
144.8,621.0,22,4.96,0.224,社区商圈,三线,13,0.574,68.71
209.5,171.0,26,9.25,0.441,社区商圈,新一线,6,0.376,98.72
209.0,528.0,14,4.96,0.402,交通枢纽,三线,10,0.208,74.79
156.0,773.0,39,4.28,0.3,社区商圈,三线,13,0.229,98.94
35.0,398.0,33,9.15,0.133,交通枢纽,二线,6,0.478,95.54
111.6,670.0,17,6.14,0.263,交通枢纽,二线,5,0.332,71.42
247.3,475.0,24,7.99,0.384,社区商圈,二线,9,0.357,105.58
173.9,141.0,19,8.66,0.51,校园商圈,一线,1,0.128,85.39
221.8,373.0,24,9.36,0.17,交通枢纽,二线,5,0.137,89.39
144.1,657.0,17,11.27,0.158,交通枢纽,三线,14,0.739,104.67
201.9,425.0,4,1.3,0.503,校园商圈,三线,3,0.802,70.91
83.6,493.0,32,6.33,0.307,社区商圈,一线,11,0.329,85.88
164.1,353.0,38,8.56,0.146,社区商圈,新一线,3,0.468,93.02
195.6,545.0,28,3.7,0.331,社区商圈,新一线,12,0.512,92.29
139.8,675.0,41,7.91,0.182,社区商圈,新一线,5,0.771,132.25
253.6,504.0,11,8.52,0.273,校园商圈,新一线,11,0.95,95.91
166.0,580.0,26,6.24,0.292,校园商圈,新一线,13,0.603,96.88
73.9,717.0,36,4.93,0.167,交通枢纽,三线,1,0.31,98.75
200.3,362.0,21,8.51,0.227,交通枢纽,新一线,4,0.238,92.79
166.8,578.0,30,5.98,0.017,核心商圈,二线,3,0.406,88.72
174.4,702.0,37,12.9,0.292,交通枢纽,二线,5,0.507,118.0
103.8,446.0,37,6.53,0.172,核心商圈,新一线,14,0.558,109.86
228.3,586.0,14,3.42,0.42,核心商圈,一线,10,0.363,93.54
174.3,813.0,27,1.72,0.259,社区商圈,一线,6,0.355,94.25
155.4,353.0,37,3.91,0.138,核心商圈,一线,1,0.611,100.19
268.5,573.0,20,2.6,0.175,校园商圈,三线,7,0.112,73.83
200.6,557.0,18,1.64,0.229,核心商圈,一线,5,0.715,103.47
159.8,344.0,10,7.29,0.228,交通枢纽,三线,1,0.435,81.57
143.5,707.0,24,6.13,0.399,社区商圈,新一线,15,0.782,92.29
129.0,714.0,5,5.8,0.25,交通枢纽,新一线,12,0.577,81.0
245.7,319.0,36,6.77,0.213,社区商圈,三线,9,0.525,77.23
208.3,646.0,32,9.32,0.436,校园商圈,二线,2,0.558,121.38
127.7,791.0,21,6.45,0.177,社区商圈,二线,5,0.306,85.98
86.0,566.0,7,8.38,0.269,交通枢纽,一线,1,0.752,94.34
266.0,511.0,35,4.82,0.213,社区商圈,三线,1,0.644,113.16
93.6,517.0,33,5.51,0.225,核心商圈,新一线,14,0.553,90.68
244.3,611.0,5,6.49,0.047,社区商圈,一线,3,0.151,85.17
187.0,658.0,41,4.73,0.313,校园商圈,三线,5,0.39,99.37
142.5,414.0,11,5.83,0.147,社区商圈,三线,8,0.638,71.47
274.5,925.0,12,4.38,0.302,交通枢纽,一线,4,0.418,115.67
141.9,747.0,38,2.75,0.173,社区商圈,一线,14,0.274,107.15
100.5,581.0,9,7.24,0.283,校园商圈,三线,4,0.358,62.96
155.1,346.0,16,6.51,0.22,核心商圈,新一线,5,0.109,83.61
123.2,509.0,11,2.11,0.37,社区商圈,三线,10,0.544,55.65
85.0,704.0,10,3.4,0.28,社区商圈,新一线,15,0.358,57.98
210.1,800.0,33,6.21,0.15,社区商圈,三线,2,0.598,112.91
178.1,832.0,7,8.18,0.466,社区商圈,三线,4,0.866,97.36
110.3,356.0,12,8.24,0.454,校园商圈,二线,2,0.529,75.18
166.1,547.0,8,4.97,0.429,社区商圈,新一线,2,0.502,80.53
186.2,453.0,17,3.14,0.261,校园商圈,一线,9,0.34,77.25
268.1,597.0,16,9.6,0.323,社区商圈,一线,1,0.423,127.73
58.6,636.0,23,7.59,0.415,交通枢纽,新一线,14,0.501,82.78
187.6,535.0,26,4.38,0.343,社区商圈,二线,7,0.228,84.29
148.6,898.0,18,5.48,0.198,核心商圈,三线,10,0.294,89.74
176.0,512.0,11,5.19,0.321,交通枢纽,二线,10,0.333,83.93
53.4,827.0,25,6.51,0.236,核心商圈,三线,8,0.266,83.76
176.2,605.0,27,4.86,0.01,交通枢纽,新一线,8,0.492,83.52
102.4,538.0,13,2.95,0.145,交通枢纽,一线,13,0.534,68.36
216.3,259.0,14,7.39,0.387,社区商圈,三线,13,0.289,77.88
230.8,378.0,13,4.21,0.22,核心商圈,一线,12,0.336,79.95
157.0,801.0,34,4.42,0.448,社区商圈,三线,12,0.328,94.78
241.0,429.0,10,1.35,0.338,核心商圈,二线,13,0.382,85.61
146.3,514.0,11,8.04,0.39,交通枢纽,一线,13,0.42,72.01
198.8,785.0,26,9.61,0.381,核心商圈,三线,9,0.749,123.46
148.6,644.0,6,4.79,0.279,社区商圈,三线,2,0.429,74.56
260.3,392.0,24,10.01,0.211,交通枢纽,新一线,10,0.42,112.23
215.3,721.0,29,5.85,0.293,交通枢纽,二线,4,0.492,106.11
139.9,454.0,36,7.58,0.26,核心商圈,一线,9,0.894,109.41
157.3,599.0,24,7.65,0.235,社区商圈,新一线,4,0.484,96.33
108.7,338.0,6,1.37,0.14,社区商圈,三线,11,0.402,35.31
111.0,495.0,20,3.05,0.26,交通枢纽,一线,15,0.426,74.18
184.6,340.0,21,13.09,0.035,核心商圈,二线,7,0.395,99.84
247.8,579.0,33,6.07,0.01,核心商圈,新一线,14,0.474,111.98
203.4,687.0,11,3.13,0.258,社区商圈,新一线,13,0.438,80.65
81.6,587.0,36,6.99,0.322,核心商圈,三线,15,0.294,99.65
95.4,559.0,38,3.64,0.268,校园商圈,三线,2,0.526,84.44
90.0,668.0,15,7.3,0.112,核心商圈,二线,14,0.627,83.2
71.9,478.0,33,4.79,0.317,核心商圈,新一线,13,0.494,86.1
241.6,532.0,41,3.75,0.197,社区商圈,三线,3,0.307,104.22
151.3,231.0,15,8.89,0.173,社区商圈,一线,12,0.44,83.09
204.2,628.0,19,2.4,0.191,交通枢纽,三线,12,0.366,71.09
192.5,679.0,22,9.3,0.246,核心商圈,二线,5,0.53,118.7
135.9,789.0,38,7.64,0.147,核心商圈,三线,5,0.454,106.25
274.1,543.0,4,4.54,0.39,交通枢纽,二线,6,0.429,86.32
155.6,403.0,19,6.96,0.094,核心商圈,二线,10,0.288,79.83
146.0,141.0,33,9.24,0.324,核心商圈,三线,6,0.477,90.99
187.2,366.0,40,7.49,0.198,校园商圈,新一线,6,0.138,92.65
168.4,883.0,36,7.3,0.397,交通枢纽,三线,12,0.464,112.18
209.1,684.0,37,5.56,0.482,社区商圈,一线,10,0.462,115.44
206.2,422.0,25,6.21,0.363,交通枢纽,三线,15,0.449,95.65
281.2,402.0,16,4.18,0.257,社区商圈,一线,11,0.578,105.28
127.9,802.0,32,8.46,0.369,交通枢纽,新一线,12,0.623,103.88
86.2,498.0,24,2.61,0.215,校园商圈,新一线,3,0.424,89.43
195.5,154.0,38,4.07,0.187,社区商圈,二线,8,0.275,81.6
67.7,421.0,39,10.51,0.214,交通枢纽,二线,1,0.693,115.76
151.4,60.0,25,7.4,0.407,社区商圈,一线,5,0.566,79.52
236.6,646.0,25,4.55,0.516,核心商圈,二线,7,0.604,90.24
188.2,958.0,37,8.03,0.47,核心商圈,二线,6,0.145,120.74
175.8,474.0,19,5.73,0.159,交通枢纽,三线,4,0.464,90.26
162.5,93.0,19,7.15,0.347,核心商圈,新一线,4,0.423,85.0
132.5,546.0,8,3.66,0.517,社区商圈,新一线,11,0.429,73.32
119.1,324.0,5,3.9,0.592,校园商圈,二线,12,0.41,59.02
140.8,749.0,20,7.53,0.452,核心商圈,一线,1,0.424,118.47
160.4,783.0,41,7.22,0.147,社区商圈,二线,12,0.388,110.6
128.7,343.0,4,6.38,0.318,交通枢纽,二线,14,0.549,66.45
219.0,669.0,19,4.5,0.191,校园商圈,二线,7,0.768,82.54
107.5,833.0,18,6.02,0.106,社区商圈,新一线,6,0.518,91.67
156.2,405.0,22,5.21,0.122,社区商圈,三线,9,0.511,67.87
161.9,446.0,34,8.89,0.403,社区商圈,三线,4,0.458,90.01
201.4,578.0,12,4.8,0.144,社区商圈,三线,7,0.407,74.34
35.0,625.0,28,6.85,0.401,社区商圈,二线,7,0.396,99.31
159.6,491.0,24,1.22,0.303,校园商圈,一线,4,0.486,87.75
113.8,793.0,9,5.43,0.252,交通枢纽,三线,14,0.717,80.31
118.5,529.0,38,6.16,0.293,交通枢纽,新一线,5,0.413,111.82
177.9,838.0,10,5.94,0.403,社区商圈,二线,10,0.791,93.64
194.6,821.0,30,6.02,0.219,社区商圈,二线,11,0.36,107.77
68.6,793.0,6,8.14,0.141,校园商圈,一线,2,0.455,86.31
58.4,546.0,24,4.63,0.376,社区商圈,三线,12,0.581,71.75
206.7,249.0,30,0.58,0.283,校园商圈,新一线,4,0.481,72.01
203.9,277.0,17,5.41,0.44,社区商圈,二线,13,0.536,80.71
196.3,395.0,18,4.84,0.375,社区商圈,一线,15,0.601,83.84
176.6,641.0,14,6.84,0.387,交通枢纽,新一线,2,0.5,91.45
212.5,479.0,24,8.08,0.343,核心商圈,三线,7,0.265,106.15
155.3,621.0,27,7.5,0.373,校园商圈,二线,14,0.608,100.13
142.8,763.0,20,5.62,0.251,核心商圈,一线,11,0.451,89.95
213.3,721.0,26,4.72,0.287,核心商圈,二线,15,0.351,86.71
179.3,601.0,19,2.51,0.483,交通枢纽,一线,1,0.212,89.23
186.0,640.0,21,7.92,0.318,校园商圈,三线,8,0.521,83.96
186.0,442.0,24,9.65,0.147,核心商圈,三线,1,0.553,98.94
234.8,422.0,21,5.27,0.01,校园商圈,三线,4,0.065,62.25
176.3,596.0,30,8.27,0.097,社区商圈,二线,5,0.417,93.56
134.2,527.0,8,3.8,0.397,交通枢纽,一线,3,0.286,70.7
139.8,684.0,9,7.46,0.49,社区商圈,新一线,7,0.533,80.02
163.6,633.0,16,6.97,0.124,交通枢纽,新一线,10,0.395,83.21
202.6,854.0,28,5.57,0.254,校园商圈,一线,6,0.421,105.41
109.0,475.0,33,3.14,0.255,交通枢纽,三线,7,0.377,92.06
49.6,473.0,32,4.23,0.31,交通枢纽,一线,15,0.764,91.67
155.6,631.0,36,6.79,0.127,核心商圈,新一线,2,0.644,121.08
112.9,181.0,20,8.36,0.225,校园商圈,新一线,11,0.304,72.68
209.8,598.0,7,4.58,0.464,社区商圈,新一线,6,0.36,79.22
133.2,389.0,7,8.19,0.104,核心商圈,二线,8,0.418,73.57
161.0,314.0,15,4.27,0.288,校园商圈,新一线,6,0.569,75.61
97.6,705.0,40,6.35,0.382,交通枢纽,三线,1,0.468,103.49
70.4,706.0,10,3.67,0.244,交通枢纽,三线,1,0.447,62.92
121.2,350.0,11,5.69,0.266,核心商圈,二线,10,0.248,65.81
185.7,515.0,22,0.2,0.23,交通枢纽,三线,7,0.231,67.85
181.1,800.0,5,3.31,0.298,社区商圈,一线,7,0.476,82.92
235.7,496.0,22,5.93,0.105,校园商圈,新一线,2,0.318,96.37
304.7,388.0,37,3.04,0.241,交通枢纽,新一线,5,0.262,110.2
158.4,477.0,32,6.43,0.51,社区商圈,一线,4,0.514,94.11
152.7,576.0,5,3.1,0.27,社区商圈,二线,9,0.414,72.02
259.0,808.0,11,4.15,0.481,核心商圈,二线,12,0.234,97.45
121.8,114.0,18,2.09,0.121,校园商圈,二线,14,0.227,56.53
203.3,182.0,9,5.73,0.445,校园商圈,二线,7,0.399,59.86
93.4,512.0,18,1.73,0.182,社区商圈,二线,9,0.186,63.51
163.7,438.0,27,7.78,0.28,交通枢纽,二线,8,0.046,86.65
215.1,752.0,15,5.48,0.263,社区商圈,三线,12,0.524,80.97
132.0,591.0,22,5.97,0.293,社区商圈,二线,3,0.446,86.56
160.5,656.0,26,5.65,0.196,社区商圈,三线,6,0.315,90.81
168.5,658.0,41,3.36,0.283,核心商圈,三线,3,0.141,113.01
188.6,688.0,41,3.34,0.206,核心商圈,二线,9,0.506,118.35
177.6,60.0,6,4.8,0.527,社区商圈,二线,9,0.328,53.48
142.8,406.0,35,9.81,0.284,交通枢纽,二线,8,0.62,98.97
170.3,444.0,39,6.95,0.232,社区商圈,新一线,2,0.654,108.38
121.8,591.0,5,6.48,0.179,交通枢纽,一线,3,0.543,89.48
166.5,497.0,10,2.05,0.01,社区商圈,三线,14,0.37,58.81
160.6,515.0,31,9.83,0.236,交通枢纽,三线,10,0.41,102.74
180.3,696.0,26,1.31,0.199,社区商圈,三线,4,0.212,78.99
194.1,672.0,38,5.94,0.435,社区商圈,三线,6,0.315,103.01
137.5,614.0,6,6.03,0.251,核心商圈,新一线,11,0.285,70.44
207.5,566.0,21,3.17,0.29,社区商圈,二线,15,0.549,74.78
219.9,623.0,32,7.58,0.331,交通枢纽,三线,9,0.726,115.37
120.8,498.0,15,4.77,0.165,社区商圈,三线,1,0.179,72.7
197.9,361.0,5,6.67,0.321,社区商圈,二线,12,0.327,70.8
183.5,220.0,37,8.26,0.543,校园商圈,新一线,12,0.401,103.41
217.0,558.0,12,4.52,0.218,社区商圈,三线,12,0.459,53.04
232.7,277.0,23,2.18,0.028,校园商圈,一线,4,0.425,77.7
113.3,655.0,21,9.54,0.335,核心商圈,二线,12,0.494,94.25
184.8,355.0,37,5.91,0.123,交通枢纽,三线,11,0.612,91.77
300.2,572.0,13,5.41,0.197,核心商圈,二线,11,0.03,88.08
153.2,780.0,25,6.43,0.231,社区商圈,三线,9,0.29,95.42
52.9,450.0,4,3.46,0.269,核心商圈,二线,2,0.444,55.68
140.5,501.0,8,3.93,0.01,校园商圈,二线,11,0.38,48.53
92.8,490.0,35,3.49,0.017,核心商圈,新一线,10,0.314,83.73
113.7,609.0,31,2.44,0.419,校园商圈,二线,13,0.286,71.96
146.7,529.0,12,0.98,0.031,交通枢纽,二线,1,0.407,52.52
192.3,548.0,38,2.11,0.201,核心商圈,新一线,4,0.209,106.8
101.7,767.0,20,5.36,0.284,交通枢纽,三线,13,0.336,82.48
120.6,622.0,13,6.31,0.236,社区商圈,新一线,2,0.611,74.54
189.8,559.0,26,1.95,0.032,社区商圈,一线,3,0.22,80.89
140.7,635.0,27,3.27,0.02,校园商圈,三线,12,0.469,78.49
216.7,793.0,26,6.18,0.17,校园商圈,新一线,4,0.548,94.83
154.3,622.0,21,5.21,0.568,交通枢纽,一线,13,0.381,95.82
234.2,427.0,20,0.87,0.205,核心商圈,三线,5,0.602,87.74
180.5,472.0,26,4.51,0.131,校园商圈,二线,10,0.674,75.32
201.8,506.0,5,2.75,0.337,校园商圈,二线,11,0.448,53.03
103.7,560.0,4,5.63,0.328,交通枢纽,二线,15,0.468,77.15
136.1,549.0,25,7.37,0.043,社区商圈,三线,11,0.633,89.31
96.5,611.0,14,5.75,0.427,核心商圈,一线,8,0.385,94.04
245.7,664.0,23,4.07,0.295,校园商圈,三线,4,0.373,84.18
231.0,859.0,31,5.05,0.308,核心商圈,二线,5,0.225,109.61
35.0,353.0,20,0.89,0.27,社区商圈,新一线,10,0.555,50.33
242.4,743.0,32,8.15,0.373,校园商圈,三线,2,0.551,118.4
218.6,541.0,29,2.49,0.305,社区商圈,一线,10,0.353,96.26
202.1,584.0,41,5.32,0.036,社区商圈,一线,4,0.445,118.9
128.1,390.0,21,8.05,0.358,核心商圈,三线,14,0.276,88.36
186.6,593.0,21,4.45,0.411,交通枢纽,三线,3,0.251,94.82
164.6,605.0,36,6.95,0.227,社区商圈,一线,8,0.262,104.78
136.2,335.0,37,6.91,0.485,校园商圈,二线,1,0.2,94.91
143.4,510.0,8,6.59,0.215,交通枢纽,一线,4,0.495,75.85
155.1,356.0,27,5.28,0.135,核心商圈,三线,12,0.679,87.33
181.9,488.0,17,6.84,0.086,社区商圈,二线,12,0.342,67.05
76.8,461.0,40,7.54,0.375,核心商圈,一线,6,0.215,116.28
215.7,148.0,12,5.36,0.341,交通枢纽,一线,6,0.385,81.82
159.2,458.0,23,7.7,0.213,社区商圈,新一线,5,0.259,93.76
95.1,342.0,20,5.67,0.154,校园商圈,三线,8,0.545,62.97
113.2,377.0,17,4.11,0.221,核心商圈,二线,12,0.349,63.34
244.3,386.0,31,7.32,0.458,社区商圈,二线,12,0.201,92.33
102.5,438.0,15,7.61,0.264,社区商圈,三线,4,0.34,69.94
104.2,355.0,22,9.26,0.061,核心商圈,二线,6,0.487,75.38
176.8,501.0,33,7.02,0.01,校园商圈,二线,11,0.476,89.69
132.0,495.0,32,7.7,0.321,核心商圈,一线,13,0.25,108.59
177.0,1011.0,11,9.8,0.321,交通枢纽,二线,8,0.409,101.7
156.4,418.0,36,4.88,0.082,校园商圈,三线,9,0.383,82.69
216.3,458.0,14,7.19,0.311,校园商圈,二线,9,0.404,84.85
194.9,395.0,27,4.19,0.143,核心商圈,一线,7,0.377,100.63
66.0,540.0,31,4.42,0.201,核心商圈,新一线,5,0.452,95.91
179.6,741.0,10,7.95,0.378,社区商圈,二线,12,0.372,90.5
172.9,639.0,18,7.89,0.194,社区商圈,三线,2,0.46,96.95
238.1,491.0,40,6.77,0.131,核心商圈,三线,8,0.547,103.01
92.9,455.0,31,5.18,0.137,社区商圈,新一线,9,0.416,97.76
147.8,647.0,13,7.42,0.212,核心商圈,三线,4,0.492,87.0
213.3,591.0,14,6.6,0.306,社区商圈,新一线,9,0.574,90.04
155.7,654.0,28,8.31,0.295,交通枢纽,新一线,10,0.54,97.74
109.1,612.0,29,5.9,0.356,社区商圈,二线,2,0.418,79.94
124.6,809.0,36,9.51,0.03,社区商圈,一线,12,0.446,119.3
167.3,738.0,31,7.26,0.391,校园商圈,二线,2,0.531,98.63
81.5,288.0,35,5.81,0.262,社区商圈,二线,11,0.446,75.33
182.1,721.0,24,4.05,0.344,社区商圈,二线,10,0.334,84.8
205.1,627.0,24,7.2,0.176,交通枢纽,二线,14,0.313,94.77
192.6,475.0,28,0.78,0.046,校园商圈,二线,9,0.614,64.5
237.7,803.0,4,6.86,0.151,社区商圈,新一线,11,0.37,95.49
201.3,458.0,8,7.69,0.01,校园商圈,三线,5,0.369,68.79
116.8,666.0,41,8.56,0.488,交通枢纽,新一线,7,0.596,124.09
155.7,650.0,31,3.13,0.071,交通枢纽,二线,15,0.074,72.41
207.5,479.0,22,5.61,0.625,校园商圈,二线,13,0.492,95.78
166.3,441.0,40,11.23,0.254,交通枢纽,一线,7,0.576,109.96
193.1,563.0,24,5.84,0.031,交通枢纽,新一线,5,0.502,95.73
95.5,212.0,16,1.86,0.276,社区商圈,新一线,11,0.172,45.82
249.6,364.0,21,6.15,0.284,社区商圈,一线,9,0.335,85.76
111.3,678.0,7,4.83,0.323,交通枢纽,新一线,6,0.589,80.41
122.8,734.0,7,6.43,0.098,校园商圈,一线,14,0.323,78.13
98.6,720.0,35,1.71,0.361,社区商圈,一线,14,0.119,95.43
169.6,711.0,13,8.0,0.18,校园商圈,二线,2,0.438,81.57
142.6,368.0,25,3.73,0.455,校园商圈,三线,2,0.49,79.4
214.9,761.0,27,2.16,0.154,社区商圈,一线,2,0.715,105.73
155.8,906.0,22,8.06,0.419,核心商圈,二线,8,0.455,109.37
172.6,648.0,40,5.39,0.126,核心商圈,新一线,2,0.161,105.42
54.8,514.0,17,8.73,0.211,交通枢纽,新一线,9,0.548,95.72
175.0,721.0,16,0.2,0.416,社区商圈,二线,12,0.481,57.95
40.4,72.0,17,5.94,0.09,校园商圈,二线,2,0.39,43.49
133.2,585.0,34,5.69,0.34,校园商圈,二线,14,0.495,90.23
115.1,457.0,41,4.68,0.265,社区商圈,三线,3,0.423,95.09
176.7,287.0,33,5.47,0.395,社区商圈,新一线,8,0.417,97.84
233.5,626.0,6,2.84,0.377,社区商圈,二线,5,0.726,76.61
73.3,895.0,32,4.51,0.014,交通枢纽,二线,12,0.5,88.62
229.0,485.0,19,7.11,0.32,交通枢纽,一线,7,0.544,108.96
225.8,360.0,39,2.28,0.392,社区商圈,二线,1,0.556,101.91
45.9,650.0,22,8.44,0.46,社区商圈,新一线,13,0.379,87.98
114.5,558.0,13,1.98,0.084,核心商圈,二线,4,0.34,60.63
187.6,608.0,29,2.9,0.28,交通枢纽,三线,12,0.548,90.88
197.0,507.0,20,6.58,0.216,核心商圈,三线,15,0.506,94.06
175.6,664.0,10,4.43,0.333,交通枢纽,一线,8,0.266,90.35
94.5,577.0,17,7.69,0.439,核心商圈,一线,2,0.383,91.45
227.2,726.0,31,7.12,0.287,社区商圈,一线,12,0.444,113.93
156.5,568.0,30,6.33,0.247,交通枢纽,二线,5,0.465,101.35
125.0,286.0,19,8.26,0.014,校园商圈,二线,8,0.336,72.78
272.8,474.0,23,3.14,0.166,社区商圈,一线,3,0.333,104.79
200.6,715.0,39,7.19,0.493,社区商圈,二线,5,0.419,111.2
122.3,198.0,5,0.9,0.26,社区商圈,三线,11,0.606,35.15
197.1,546.0,36,3.27,0.181,交通枢纽,一线,15,0.456,108.64
164.3,447.0,28,10.62,0.141,校园商圈,一线,15,0.438,88.42
221.7,574.0,25,6.92,0.117,核心商圈,二线,4,0.566,104.29
97.9,176.0,37,6.04,0.422,交通枢纽,二线,11,0.509,86.41
73.1,429.0,28,6.18,0.375,社区商圈,二线,6,0.73,77.4
112.3,397.0,32,2.04,0.439,社区商圈,新一线,12,0.417,77.81
229.8,712.0,5,2.52,0.379,交通枢纽,一线,12,0.458,87.14
181.4,305.0,38,2.29,0.332,校园商圈,新一线,14,0.393,92.18
98.7,610.0,9,3.02,0.329,校园商圈,三线,14,0.13,47.01
197.3,703.0,38,6.43,0.462,交通枢纽,新一线,1,0.192,117.33
270.1,361.0,10,0.25,0.334,校园商圈,三线,12,0.451,69.29
175.6,418.0,32,11.73,0.165,交通枢纽,一线,8,0.661,114.2
219.3,296.0,33,1.14,0.32,社区商圈,二线,2,0.43,84.97
174.5,528.0,40,2.87,0.234,社区商圈,二线,11,0.699,89.67
273.6,60.0,17,2.17,0.456,校园商圈,一线,11,0.562,76.15
221.1,568.0,25,2.79,0.505,校园商圈,一线,7,0.585,83.03
154.7,656.0,41,6.3,0.479,核心商圈,新一线,7,0.109,114.48
39.3,492.0,6,2.58,0.311,校园商圈,二线,9,0.741,52.19
113.1,543.0,5,8.87,0.258,社区商圈,新一线,10,0.171,82.29
63.6,559.0,25,5.98,0.238,社区商圈,三线,4,0.307,69.32
239.4,178.0,16,7.55,0.409,社区商圈,一线,10,0.681,93.83
109.8,330.0,32,3.65,0.395,校园商圈,三线,8,0.555,93.05
134.7,412.0,17,8.71,0.109,交通枢纽,二线,10,0.412,90.13
123.0,485.0,7,10.89,0.26,核心商圈,三线,3,0.317,78.23
164.4,507.0,36,3.51,0.071,社区商圈,新一线,5,0.692,99.42
212.4,205.0,21,3.66,0.421,校园商圈,新一线,10,0.336,82.05
152.9,538.0,37,6.3,0.431,核心商圈,一线,2,0.264,109.35
133.3,690.0,13,5.34,0.389,社区商圈,二线,15,0.219,75.21
147.4,674.0,28,8.06,0.297,校园商圈,二线,13,0.31,84.7
139.8,564.0,41,3.78,0.19,交通枢纽,三线,12,0.45,95.14
205.9,900.0,15,4.37,0.375,社区商圈,新一线,14,0.538,91.6
171.3,500.0,30,8.86,0.531,社区商圈,一线,5,0.368,109.61
164.0,122.0,8,9.69,0.443,交通枢纽,新一线,6,0.451,83.38
165.6,537.0,38,3.66,0.441,校园商圈,三线,1,0.312,91.71
252.2,911.0,16,4.99,0.275,核心商圈,三线,8,0.265,92.69
155.7,482.0,9,5.59,0.222,交通枢纽,三线,12,0.532,80.07
119.5,625.0,33,7.09,0.437,核心商圈,二线,13,0.444,110.29
105.6,304.0,17,5.21,0.188,校园商圈,新一线,4,0.469,63.81
225.0,551.0,17,4.71,0.275,核心商圈,二线,9,0.137,86.22
216.9,618.0,41,5.66,0.159,校园商圈,新一线,4,0.506,115.68
144.7,683.0,25,6.4,0.457,核心商圈,一线,3,0.748,114.59
166.8,615.0,4,7.33,0.321,核心商圈,新一线,9,0.278,81.46
228.5,644.0,8,3.5,0.151,交通枢纽,新一线,7,0.472,82.09
130.0,410.0,9,5.71,0.222,校园商圈,新一线,2,0.916,81.18
100.1,554.0,17,5.66,0.384,校园商圈,三线,7,0.239,73.9
177.3,265.0,33,2.99,0.447,校园商圈,三线,3,0.133,85.65
172.9,536.0,32,5.18,0.318,核心商圈,三线,15,0.166,88.55
167.7,675.0,25,1.9,0.235,核心商圈,二线,10,0.446,82.87
230.6,355.0,17,10.41,0.306,社区商圈,新一线,8,0.143,88.85
195.5,376.0,30,8.76,0.348,社区商圈,一线,6,0.304,94.22
93.8,388.0,13,5.48,0.22,交通枢纽,一线,10,0.111,62.43
185.4,784.0,12,7.08,0.01,校园商圈,新一线,15,0.505,92.58
126.7,768.0,21,2.96,0.429,校园商圈,三线,1,0.513,83.9
177.1,782.0,32,8.17,0.182,社区商圈,二线,9,0.676,107.71
185.0,328.0,9,6.67,0.384,核心商圈,新一线,7,0.03,79.66
196.3,600.0,24,5.2,0.195,校园商圈,新一线,6,0.572,92.71
88.1,701.0,38,9.34,0.321,核心商圈,新一线,15,0.38,115.8
175.4,575.0,17,4.05,0.212,核心商圈,二线,2,0.495,82.67
100.8,610.0,20,7.29,0.133,核心商圈,三线,8,0.123,80.76
183.4,423.0,16,5.41,0.533,社区商圈,二线,4,0.536,80.38
166.1,628.0,13,6.67,0.226,交通枢纽,二线,15,0.339,75.05
111.0,334.0,36,5.97,0.306,社区商圈,一线,13,0.065,85.36
161.9,226.0,38,7.49,0.234,交通枢纽,二线,7,0.392,89.96
178.3,319.0,28,3.5,0.629,校园商圈,二线,1,0.623,103.54
202.9,467.0,13,6.09,0.163,校园商圈,二线,3,0.576,63.68
171.2,795.0,12,11.93,0.363,社区商圈,新一线,2,0.085,111.95
165.3,386.0,23,4.64,0.243,核心商圈,新一线,15,0.604,94.95
122.8,534.0,36,3.95,0.638,交通枢纽,一线,4,0.377,106.84
107.9,312.0,24,5.78,0.073,交通枢纽,二线,1,0.462,73.43
218.1,546.0,10,4.61,0.01,社区商圈,二线,4,0.604,65.92
177.5,905.0,7,6.37,0.157,社区商圈,一线,6,0.134,88.55
188.6,921.0,31,7.88,0.25,社区商圈,二线,2,0.346,119.87
96.4,908.0,27,5.94,0.353,社区商圈,一线,3,0.547,113.32
114.3,609.0,12,7.04,0.159,校园商圈,三线,6,0.561,68.7
226.0,483.0,33,9.26,0.249,校园商圈,新一线,12,0.168,105.78
172.1,530.0,9,10.44,0.297,交通枢纽,二线,10,0.53,101.2
215.1,656.0,29,5.54,0.342,交通枢纽,新一线,13,0.569,111.39
78.4,611.0,25,7.1,0.251,校园商圈,新一线,15,0.629,95.81
136.0,892.0,16,6.67,0.449,校园商圈,二线,6,0.467,92.49
124.9,379.0,41,3.9,0.353,社区商圈,二线,11,0.462,84.35
106.4,366.0,33,1.35,0.276,校园商圈,一线,4,0.739,90.73
125.7,729.0,10,3.13,0.318,交通枢纽,三线,3,0.194,70.62
114.8,588.0,39,4.5,0.251,社区商圈,一线,12,0.615,105.34
154.9,612.0,34,4.22,0.269,社区商圈,一线,14,0.502,95.53
226.9,558.0,26,6.42,0.2,交通枢纽,一线,10,0.365,100.88
362.9,470.0,9,5.86,0.525,校园商圈,一线,14,0.663,95.38
184.5,563.0,38,6.28,0.216,核心商圈,一线,6,0.626,118.6
149.0,561.0,15,4.35,0.179,社区商圈,一线,11,0.666,77.5
178.0,676.0,4,7.24,0.394,校园商圈,新一线,7,0.38,75.78
232.3,611.0,38,5.12,0.248,交通枢纽,二线,13,0.284,114.85
224.1,740.0,18,6.66,0.01,核心商圈,二线,10,0.395,100.18
217.7,617.0,19,7.96,0.374,校园商圈,三线,1,0.343,101.84
71.2,359.0,22,7.06,0.304,交通枢纽,一线,13,0.824,84.79
234.8,813.0,36,5.72,0.205,社区商圈,二线,11,0.632,105.98
135.9,274.0,5,3.67,0.174,交通枢纽,新一线,6,0.319,58.23
184.0,667.0,26,6.88,0.338,核心商圈,二线,6,0.614,111.71
196.8,479.0,7,5.65,0.201,核心商圈,一线,4,0.605,93.44
155.9,618.0,13,6.67,0.168,交通枢纽,二线,7,0.193,82.36
213.5,641.0,8,7.82,0.195,交通枢纽,二线,15,0.03,73.63
77.9,409.0,5,9.64,0.377,交通枢纽,一线,15,0.434,68.04
159.2,180.0,41,3.56,0.339,社区商圈,三线,14,0.519,79.65
168.6,611.0,15,7.45,0.292,交通枢纽,新一线,13,0.763,96.78
88.4,374.0,12,3.57,0.363,核心商圈,新一线,3,0.435,64.98
171.9,564.0,29,7.88,0.251,社区商圈,三线,15,0.452,96.5
180.9,525.0,41,8.2,0.444,社区商圈,新一线,10,0.627,115.77
170.2,620.0,26,9.37,0.218,交通枢纽,新一线,7,0.158,108.08
245.7,359.0,41,9.23,0.213,核心商圈,新一线,6,0.498,122.98
102.6,471.0,11,6.09,0.172,交通枢纽,二线,3,0.7,73.02
157.9,364.0,8,10.21,0.244,社区商圈,新一线,14,0.365,78.7
186.1,430.0,34,3.32,0.349,核心商圈,一线,6,0.164,109.84
187.3,770.0,31,5.07,0.078,核心商圈,二线,4,0.52,109.56
108.0,409.0,6,4.63,0.381,校园商圈,二线,6,0.533,55.06
206.0,677.0,30,7.57,0.107,核心商圈,二线,12,0.471,101.03
225.0,470.0,15,6.73,0.329,核心商圈,一线,13,0.03,82.08
176.2,712.0,7,5.51,0.355,交通枢纽,三线,4,0.292,85.91
47.7,104.0,12,5.54,0.381,核心商圈,一线,15,0.439,71.82
188.6,207.0,14,3.26,0.361,社区商圈,一线,3,0.257,68.06
192.0,131.0,38,3.95,0.389,核心商圈,新一线,15,0.497,93.42
256.0,524.0,24,6.22,0.172,交通枢纽,二线,3,0.224,98.6
193.0,854.0,38,6.29,0.271,交通枢纽,三线,2,0.58,121.57
200.6,503.0,32,4.51,0.142,校园商圈,二线,14,0.418,84.88
150.9,412.0,38,5.68,0.133,校园商圈,一线,1,0.537,88.48
207.1,459.0,10,0.2,0.302,社区商圈,一线,12,0.333,59.29
115.0,607.0,38,5.89,0.175,社区商圈,新一线,1,0.03,91.65
131.9,517.0,12,5.58,0.14,社区商圈,新一线,5,0.411,70.46
106.7,618.0,7,7.91,0.419,核心商圈,二线,5,0.724,90.64
51.2,510.0,16,2.19,0.419,社区商圈,新一线,8,0.663,74.33
89.2,650.0,10,5.2,0.345,交通枢纽,二线,4,0.433,68.77
145.7,222.0,20,5.49,0.206,核心商圈,三线,8,0.359,94.02
131.1,514.0,33,5.4,0.443,社区商圈,一线,13,0.435,107.8
171.6,476.0,17,5.52,0.071,校园商圈,新一线,7,0.314,74.17
35.0,435.0,25,6.29,0.313,核心商圈,三线,9,0.388,80.49
115.7,906.0,23,9.64,0.169,社区商圈,一线,13,0.625,95.88
180.1,541.0,33,3.96,0.352,交通枢纽,新一线,3,0.365,99.85
274.2,424.0,40,2.09,0.363,交通枢纽,三线,6,0.496,109.66
197.6,646.0,11,4.59,0.283,核心商圈,三线,15,0.314,83.24
150.1,359.0,33,3.43,0.501,社区商圈,二线,14,0.153,81.82
72.1,481.0,18,10.46,0.315,社区商圈,三线,7,0.412,90.28
108.3,435.0,33,6.56,0.366,核心商圈,一线,14,0.314,96.35
144.8,545.0,32,9.47,0.196,交通枢纽,一线,8,0.575,115.36
229.9,420.0,14,5.32,0.542,核心商圈,三线,11,0.431,92.43
62.9,493.0,16,4.23,0.428,核心商圈,一线,1,0.299,78.29
193.4,494.0,37,1.49,0.461,社区商圈,二线,8,0.251,88.7
183.5,353.0,7,1.94,0.103,核心商圈,二线,14,0.075,63.45
136.5,283.0,11,5.9,0.276,社区商圈,三线,10,0.417,65.34
128.8,151.0,15,2.15,0.042,交通枢纽,二线,9,0.688,64.64
114.6,329.0,26,4.64,0.226,校园商圈,二线,11,0.479,66.75
70.7,757.0,26,7.58,0.215,社区商圈,三线,14,0.163,87.43
205.5,625.0,22,8.39,0.274,交通枢纽,三线,8,0.099,92.66
102.8,446.0,12,7.39,0.269,核心商圈,三线,5,0.517,84.78
126.9,60.0,35,2.12,0.046,社区商圈,二线,9,0.489,62.55
246.1,113.0,19,4.8,0.394,核心商圈,一线,4,0.55,94.27
211.9,587.0,14,7.0,0.566,核心商圈,新一线,4,0.568,108.9
154.1,732.0,4,6.84,0.123,校园商圈,三线,9,0.582,79.44
255.4,890.0,7,3.51,0.256,社区商圈,三线,4,0.601,92.43
156.4,662.0,37,6.41,0.274,校园商圈,新一线,2,0.295,107.37
170.0,458.0,30,2.93,0.26,社区商圈,二线,5,0.722,85.32
249.5,331.0,19,8.67,0.311,交通枢纽,三线,9,0.059,96.02
90.7,638.0,33,6.06,0.424,交通枢纽,一线,15,0.278,104.57
131.2,356.0,21,1.0,0.512,核心商圈,二线,5,0.364,81.45
115.2,362.0,11,3.57,0.151,交通枢纽,一线,4,0.472,83.18
219.5,462.0,7,4.04,0.387,核心商圈,三线,2,0.272,76.62
128.4,506.0,9,6.09,0.381,社区商圈,一线,12,0.543,69.65
109.8,635.0,14,4.17,0.47,核心商圈,二线,8,0.72,95.07
137.6,366.0,38,3.9,0.294,社区商圈,二线,7,0.407,83.96
35.0,646.0,20,8.56,0.515,交通枢纽,二线,14,0.784,80.67
135.9,244.0,33,4.6,0.548,交通枢纽,一线,15,0.208,105.57
208.5,832.0,17,5.7,0.428,校园商圈,二线,10,0.45,96.17
134.8,259.0,24,5.17,0.168,交通枢纽,一线,2,0.617,72.16
199.9,624.0,26,3.41,0.351,核心商圈,二线,1,0.802,107.25
241.0,792.0,27,4.04,0.5,核心商圈,二线,7,0.35,123.74
247.1,499.0,36,2.38,0.431,校园商圈,二线,12,0.452,88.85
224.8,765.0,17,6.09,0.346,校园商圈,三线,9,0.707,88.75
106.3,746.0,37,3.91,0.258,校园商圈,二线,8,0.295,78.5
238.9,820.0,29,4.61,0.482,核心商圈,二线,8,0.363,105.87
163.7,471.0,7,1.63,0.258,核心商圈,二线,12,0.405,68.8
174.6,816.0,36,10.2,0.346,交通枢纽,一线,3,0.342,123.25
282.5,856.0,14,8.56,0.096,交通枢纽,一线,2,0.352,121.04
127.8,809.0,13,6.1,0.191,校园商圈,一线,9,0.798,96.64
170.4,260.0,8,5.88,0.401,校园商圈,新一线,7,0.316,67.89
179.2,592.0,6,7.17,0.133,核心商圈,新一线,2,0.685,86.95
237.9,629.0,11,2.14,0.182,交通枢纽,新一线,5,0.184,80.15
161.3,506.0,14,5.27,0.298,核心商圈,新一线,13,0.566,80.57
240.7,531.0,9,6.75,0.279,校园商圈,三线,14,0.03,67.57
159.6,441.0,17,4.45,0.41,社区商圈,新一线,1,0.354,81.4
203.0,745.0,39,7.04,0.41,校园商圈,新一线,11,0.345,137.08
142.0,579.0,18,5.0,0.311,交通枢纽,新一线,4,0.242,83.87
147.8,735.0,32,8.23,0.092,校园商圈,新一线,15,0.55,84.06
236.9,350.0,19,0.2,0.374,社区商圈,二线,15,0.468,54.48
159.6,399.0,22,1.63,0.468,核心商圈,新一线,15,0.293,82.06
242.8,613.0,40,6.72,0.025,交通枢纽,二线,5,0.364,111.62
306.7,500.0,9,6.76,0.269,社区商圈,新一线,6,0.306,81.0
246.8,594.0,14,1.22,0.472,核心商圈,二线,6,0.33,93.64
147.0,428.0,21,6.83,0.01,核心商圈,三线,9,0.418,71.76
90.0,349.0,34,7.67,0.269,交通枢纽,二线,4,0.735,86.56
169.6,669.0,23,1.31,0.206,社区商圈,新一线,3,0.235,93.48
146.4,303.0,41,5.49,0.442,社区商圈,二线,12,0.431,84.83
208.5,539.0,24,5.36,0.012,交通枢纽,新一线,9,0.196,100.85
252.9,245.0,24,6.39,0.366,交通枢纽,三线,9,0.483,95.31
172.2,638.0,7,3.57,0.26,交通枢纽,三线,1,0.405,71.54
194.7,781.0,16,9.46,0.149,校园商圈,新一线,12,0.358,87.3
134.7,327.0,24,6.25,0.218,交通枢纽,二线,5,0.685,79.02
194.1,373.0,32,2.5,0.01,交通枢纽,一线,7,0.319,93.21
212.0,424.0,26,3.85,0.354,核心商圈,新一线,6,0.445,97.01
152.6,551.0,18,4.55,0.34,核心商圈,三线,14,0.568,80.51
180.1,412.0,11,3.7,0.095,核心商圈,二线,11,0.473,69.35
183.8,665.0,35,9.47,0.302,核心商圈,二线,8,0.358,114.68
107.1,505.0,20,5.99,0.151,社区商圈,三线,9,0.718,71.53
213.8,494.0,40,2.96,0.186,社区商圈,二线,11,0.48,94.63
228.4,742.0,24,8.68,0.25,交通枢纽,新一线,10,0.368,103.34
180.4,445.0,20,7.93,0.307,核心商圈,一线,8,0.295,89.72
143.2,321.0,29,1.31,0.01,社区商圈,新一线,9,0.376,66.08
235.9,315.0,36,8.13,0.425,核心商圈,一线,3,0.498,121.94
183.2,566.0,8,8.64,0.24,社区商圈,二线,14,0.419,71.15
61.4,195.0,16,1.11,0.612,交通枢纽,新一线,15,0.132,51.07
176.7,483.0,17,6.04,0.215,校园商圈,二线,1,0.44,84.42
165.2,436.0,20,0.2,0.151,社区商圈,一线,13,0.576,73.67
85.5,426.0,26,0.2,0.124,交通枢纽,三线,11,0.376,56.15
127.8,967.0,32,5.15,0.474,交通枢纽,一线,10,0.333,118.91
176.1,455.0,5,4.46,0.209,核心商圈,二线,7,0.501,64.82
257.8,344.0,40,3.81,0.181,交通枢纽,新一线,1,0.431,114.15
151.6,238.0,31,2.28,0.183,核心商圈,新一线,8,0.399,87.18
203.8,219.0,34,3.3,0.172,校园商圈,二线,15,0.452,86.21
186.0,512.0,21,8.02,0.247,校园商圈,一线,11,0.352,99.41
89.9,835.0,37,9.56,0.273,核心商圈,一线,7,0.391,121.9
206.1,418.0,17,3.88,0.518,社区商圈,二线,8,0.52,81.31
178.5,762.0,25,6.46,0.374,核心商圈,三线,8,0.364,103.03
253.7,451.0,29,2.95,0.285,社区商圈,三线,1,0.411,91.75
210.6,482.0,24,4.36,0.311,校园商圈,三线,2,0.287,82.76
187.2,646.0,17,5.69,0.311,交通枢纽,三线,11,0.379,91.8
264.2,596.0,39,0.69,0.31,社区商圈,新一线,4,0.432,103.87
228.7,578.0,5,5.35,0.51,社区商圈,三线,8,0.166,57.17
269.7,614.0,30,3.28,0.25,核心商圈,一线,1,0.494,110.32
291.7,582.0,10,5.08,0.311,交通枢纽,二线,13,0.374,92.25
54.5,369.0,30,0.2,0.306,核心商圈,三线,12,0.493,69.71
163.8,616.0,15,5.71,0.292,校园商圈,三线,9,0.47,81.43
182.0,489.0,15,3.55,0.428,社区商圈,三线,1,0.608,85.99
190.4,286.0,8,5.08,0.339,校园商圈,二线,14,0.474,59.91
190.1,447.0,12,7.55,0.434,校园商圈,三线,12,0.277,81.58
243.2,524.0,12,8.68,0.269,核心商圈,一线,6,0.332,100.51
221.9,371.0,23,1.82,0.349,校园商圈,二线,15,0.522,57.89
248.1,535.0,29,6.71,0.23,校园商圈,新一线,8,0.518,116.47
142.7,518.0,27,4.28,0.181,校园商圈,二线,10,0.472,86.08
169.5,210.0,9,9.35,0.354,社区商圈,三线,14,0.071,74.21
131.5,258.0,25,4.6,0.241,交通枢纽,新一线,11,0.208,70.55
95.5,180.0,13,3.99,0.33,核心商圈,新一线,12,0.664,74.69
114.4,136.0,8,8.76,0.345,校园商圈,三线,13,0.255,52.77
177.3,361.0,5,5.49,0.331,社区商圈,二线,4,0.531,65.35
161.2,540.0,26,2.89,0.208,核心商圈,新一线,10,0.618,90.94
209.4,240.0,33,4.07,0.403,社区商圈,二线,4,0.61,95.34
226.2,509.0,6,4.09,0.518,校园商圈,二线,2,0.452,86.52
157.8,133.0,14,5.74,0.387,社区商圈,新一线,10,0.149,60.5
202.1,617.0,30,4.44,0.186,校园商圈,新一线,5,0.326,91.07
171.6,485.0,28,8.43,0.32,交通枢纽,三线,14,0.455,96.4
103.2,810.0,11,6.49,0.404,社区商圈,三线,3,0.349,85.74
82.9,701.0,32,5.83,0.389,核心商圈,三线,1,0.121,109.35
204.4,660.0,39,2.79,0.217,校园商圈,新一线,1,0.568,108.37
195.7,262.0,26,4.82,0.503,校园商圈,二线,10,0.297,76.97
162.9,477.0,4,5.06,0.079,社区商圈,二线,10,0.334,59.62
145.2,711.0,21,2.33,0.152,社区商圈,三线,7,0.473,76.48
89.6,388.0,14,0.64,0.129,交通枢纽,二线,8,0.183,52.56
232.4,649.0,9,9.2,0.252,社区商圈,新一线,9,0.498,84.23
214.7,462.0,14,4.42,0.245,核心商圈,新一线,13,0.68,88.95
111.1,813.0,35,6.39,0.394,核心商圈,新一线,1,0.443,125.0
231.7,679.0,30,3.68,0.368,校园商圈,新一线,6,0.56,112.55
229.4,244.0,28,1.54,0.083,交通枢纽,三线,4,0.558,70.92
207.6,543.0,10,8.18,0.241,校园商圈,一线,7,0.414,89.69
124.0,563.0,24,7.61,0.117,社区商圈,三线,6,0.498,88.27
115.8,677.0,31,4.52,0.085,交通枢纽,三线,6,0.134,94.3
130.3,626.0,4,4.96,0.519,社区商圈,新一线,3,0.378,87.54
166.7,324.0,11,4.43,0.189,社区商圈,三线,9,0.311,60.35
126.7,453.0,18,10.21,0.238,核心商圈,三线,6,0.628,92.42
132.8,479.0,6,6.63,0.332,交通枢纽,二线,15,0.459,64.41
180.6,280.0,17,2.99,0.355,校园商圈,一线,13,0.463,71.31
63.6,296.0,20,4.73,0.329,核心商圈,二线,13,0.044,86.23
120.9,864.0,21,6.82,0.17,核心商圈,二线,6,0.154,92.64
98.8,631.0,30,9.02,0.304,校园商圈,三线,15,0.494,87.19
99.9,467.0,23,1.74,0.09,校园商圈,二线,2,0.604,69.91
176.4,484.0,19,4.43,0.21,交通枢纽,一线,2,0.521,90.58
224.0,477.0,12,8.83,0.425,社区商圈,三线,13,0.365,73.14
120.9,537.0,31,6.86,0.169,核心商圈,新一线,2,0.375,103.11
103.3,287.0,41,6.93,0.197,社区商圈,新一线,3,0.356,96.86
189.2,675.0,6,7.29,0.123,社区商圈,二线,3,0.494,66.71
192.4,531.0,20,6.5,0.457,核心商圈,二线,11,0.242,74.98
188.7,450.0,30,4.96,0.19,校园商圈,新一线,8,0.572,85.18
254.1,622.0,18,4.5,0.475,社区商圈,新一线,10,0.74,103.96
152.7,499.0,25,8.58,0.192,校园商圈,三线,9,0.407,89.5
45.4,265.0,34,2.81,0.263,校园商圈,新一线,11,0.192,53.73
131.4,582.0,7,7.14,0.128,核心商圈,新一线,14,0.326,77.58
196.4,530.0,22,4.37,0.398,社区商圈,一线,5,0.331,90.02
169.3,855.0,21,5.07,0.153,校园商圈,新一线,14,0.389,94.34
218.2,747.0,8,6.97,0.294,交通枢纽,一线,7,0.482,111.43
242.6,595.0,41,9.76,0.384,交通枢纽,新一线,1,0.455,144.97
173.1,390.0,28,10.32,0.176,核心商圈,新一线,12,0.283,100.99
264.3,410.0,26,4.94,0.15,交通枢纽,一线,4,0.24,101.34
191.0,571.0,19,4.31,0.232,交通枢纽,新一线,7,0.404,93.87
166.2,397.0,13,6.8,0.158,交通枢纽,二线,10,0.283,90.15
199.7,148.0,10,5.35,0.201,交通枢纽,一线,13,0.362,65.33
